frame,time_s,role,track_id,x_px,y_px,court_x_m,court_y_m,bbox_x1,bbox_y1,bbox_x2,bbox_y2,confidence,source
0,0.000000,near,1,595.000,577.000,2.876319,10.923690,551.211,391.320,647.461,594.992,0.920410,detected
0,0.000000,far,2,704.000,410.000,3.964922,2.931819,683.984,284.543,745.859,428.273,0.864258,detected
1,0.033367,near,1,595.000,576.000,2.875005,10.893503,551.297,391.134,647.375,594.433,0.920898,detected
1,0.033367,far,2,705.000,411.000,3.976918,3.010137,683.945,284.450,745.899,428.367,0.881836,detected
2,0.066733,near,1,595.000,577.000,2.876319,10.923690,551.636,391.270,647.371,593.834,0.921387,detected
2,0.066733,far,2,706.000,411.000,3.989639,3.010006,683.945,284.434,745.899,428.299,0.885742,detected
3,0.100100,near,1,595.000,578.000,2.877629,10.953774,551.894,391.315,647.547,593.657,0.921875,detected
3,0.100100,far,2,706.000,412.000,3.988858,3.088086,683.901,284.430,745.943,428.358,0.890137,detected
4,0.133467,near,1,595.000,578.000,2.877629,10.953774,551.938,391.328,647.632,593.620,0.920410,detected
4,0.133467,far,2,706.000,411.000,3.989639,3.010006,683.862,284.431,745.982,428.378,0.889160,detected
5,0.166834,near,1,595.000,578.000,2.877629,10.953774,551.588,391.331,647.398,593.929,0.919434,detected
5,0.166834,far,2,706.000,412.000,3.988858,3.088086,683.822,284.431,746.021,428.384,0.890625,detected
6,0.200200,near,1,595.000,577.000,2.876319,10.923690,551.470,391.481,647.305,594.195,0.918945,detected
6,0.200200,far,2,706.000,411.000,3.989639,3.010006,683.781,284.357,746.062,428.310,0.890625,detected
7,0.233567,near,1,595.000,577.000,2.876319,10.923690,551.420,391.311,647.277,594.146,0.918457,detected
7,0.233567,far,2,706.000,411.000,3.989639,3.010006,683.739,284.331,746.105,428.283,0.890625,detected
8,0.266934,near,1,595.000,577.000,2.876319,10.923690,551.282,391.247,647.096,594.129,0.917969,detected
8,0.266934,far,2,706.000,411.000,3.989639,3.010006,683.023,284.249,745.649,428.347,0.887695,detected
9,0.300300,near,1,595.000,578.000,2.877629,10.953774,551.396,391.296,647.156,594.124,0.917969,detected
9,0.300300,far,2,706.000,411.000,3.989639,3.010006,682.671,284.002,745.571,428.298,0.892090,detected
10,0.333667,near,1,595.000,577.000,2.876319,10.923690,551.159,391.314,646.883,594.123,0.917969,detected
10,0.333667,far,2,706.000,411.000,3.989639,3.010006,682.508,283.840,745.584,428.280,0.888184,detected
11,0.367034,near,1,595.000,577.000,2.876319,10.923690,551.301,391.321,646.841,593.836,0.916016,detected
11,0.367034,far,2,706.000,412.000,3.988858,3.088086,682.302,283.351,745.743,428.273,0.888184,detected
12,0.400400,near,1,595.000,577.000,2.876319,10.923690,551.530,391.323,646.941,593.730,0.913574,detected
12,0.400400,far,2,707.000,412.000,4.001548,3.087953,682.269,283.100,745.766,428.128,0.884277,detected
13,0.433767,near,1,596.000,577.000,2.885524,10.923497,551.924,390.966,647.245,593.692,0.911621,detected
13,0.433767,far,2,707.000,413.000,4.000742,3.165669,682.400,282.439,746.211,428.074,0.882324,detected
14,0.467134,near,1,596.000,575.000,2.882922,10.863023,551.927,390.832,646.932,593.680,0.903320,detected
14,0.467134,far,2,707.000,412.000,4.001548,3.087953,682.439,282.198,746.394,428.054,0.880859,detected
15,0.500501,near,1,596.000,574.000,2.881614,10.832632,552.368,390.284,646.943,593.108,0.904297,detected
15,0.500501,far,2,707.000,412.000,4.001548,3.087953,681.573,281.830,745.638,428.048,0.876465,detected
16,0.533867,near,1,596.000,574.000,2.881614,10.832632,550.694,390.365,644.227,593.465,0.804199,detected
16,0.533867,far,2,706.000,413.000,3.988082,3.165803,682.036,281.273,746.273,428.047,0.876953,detected
17,0.567234,near,1,597.000,575.000,2.892158,10.862831,551.703,389.902,644.982,593.887,0.904785,detected
17,0.567234,far,2,706.000,413.000,3.988082,3.165803,681.951,281.072,746.211,428.047,0.878418,detected
18,0.600601,near,1,597.000,575.000,2.892158,10.862831,552.595,389.731,645.338,594.048,0.908691,detected
18,0.600601,far,2,706.000,413.000,3.988082,3.165803,681.900,280.864,746.210,428.119,0.871582,detected
19,0.633967,near,1,597.000,575.000,2.892158,10.862831,553.405,389.387,645.573,593.825,0.910645,detected
19,0.633967,far,2,706.000,413.000,3.988082,3.165803,681.660,280.796,745.866,428.147,0.867188,detected
20,0.667334,near,1,597.000,575.000,2.892158,10.862831,555.097,389.263,646.549,593.741,0.904785,detected
20,0.667334,far,2,706.000,413.000,3.988082,3.165803,681.842,280.708,746.033,428.158,0.873047,detected
21,0.700701,near,1,596.000,575.000,2.882922,10.863023,556.321,389.151,646.894,593.709,0.898438,detected
21,0.700701,far,2,707.000,412.000,4.001548,3.087953,681.971,280.826,746.042,428.091,0.872070,detected
22,0.734067,near,1,597.000,574.000,2.890866,10.832440,557.411,388.759,646.949,593.414,0.908691,detected
22,0.734067,far,2,707.000,413.000,4.000742,3.165669,682.278,280.382,746.358,428.208,0.870605,detected
23,0.767434,near,1,596.000,574.000,2.881614,10.832632,558.681,388.405,646.943,593.020,0.903320,detected
23,0.767434,far,2,707.000,413.000,4.000742,3.165669,682.485,280.292,746.386,428.182,0.872559,detected
24,0.800801,near,1,596.000,574.000,2.881614,10.832632,559.729,387.923,646.917,593.157,0.877441,detected
24,0.800801,far,2,707.000,413.000,4.000742,3.165669,682.567,280.053,746.393,428.242,0.872559,detected
25,0.834168,near,1,596.000,572.000,2.878986,10.771541,560.971,387.252,646.888,592.645,0.836426,detected
25,0.834168,far,2,707.000,413.000,4.000742,3.165669,682.372,279.687,746.053,428.407,0.854980,detected
26,0.867534,near,1,596.000,572.000,2.878986,10.771541,564.497,387.007,650.034,592.454,0.890625,detected
26,0.867534,far,2,706.000,412.000,3.988858,3.088086,683.555,279.556,746.933,427.902,0.865234,detected
27,0.900901,near,1,596.000,571.000,2.877665,10.740839,567.084,386.571,652.489,592.102,0.898926,detected
27,0.900901,far,2,706.000,411.000,3.989639,3.010006,683.307,280.509,745.691,427.852,0.851074,detected
28,0.934268,near,1,596.000,570.000,2.876340,10.710032,568.686,386.416,654.153,591.974,0.902832,detected
28,0.934268,far,2,704.000,412.000,3.963477,3.088350,683.080,282.156,744.210,427.977,0.856445,detected
29,0.967634,near,1,596.000,570.000,2.876340,10.710032,569.472,386.511,655.100,591.932,0.907715,detected
29,0.967634,far,2,704.000,409.000,3.965650,2.853003,682.820,283.635,742.687,428.025,0.858887,detected
30,1.001001,near,1,596.000,568.000,2.873676,10.648104,569.965,386.486,655.753,591.353,0.911133,detected
30,1.001001,far,2,703.000,409.000,3.952869,2.853130,682.317,285.183,740.815,427.044,0.849121,detected
31,1.034368,near,1,598.000,570.000,2.894969,10.709650,569.699,386.557,655.808,591.141,0.917480,detected
31,1.034368,far,2,703.000,407.000,3.954275,2.694380,681.882,286.971,738.654,424.454,0.849121,detected
32,1.067734,near,1,599.000,571.000,2.905560,10.740265,569.242,387.301,655.550,591.351,0.920898,detected
32,1.067734,far,2,702.000,406.000,3.942111,2.614565,681.811,287.619,737.784,422.916,0.853027,detected
33,1.101101,near,1,602.000,571.000,2.933452,10.739691,568.614,388.228,655.277,592.007,0.919922,detected
33,1.101101,far,2,703.000,407.000,3.954275,2.694380,681.585,288.340,737.695,423.883,0.875977,detected
34,1.134468,near,1,602.000,573.000,2.935900,10.800988,568.616,388.722,655.455,591.832,0.920410,detected
34,1.134468,far,2,705.000,407.000,3.979957,2.694131,681.864,288.871,738.475,425.259,0.887207,detected
35,1.167835,near,1,603.000,573.000,2.945165,10.800797,568.298,388.977,655.514,591.910,0.921387,detected
35,1.167835,far,2,706.000,413.000,3.988082,3.165803,682.378,289.832,738.953,425.213,0.904785,detected
36,1.201201,near,1,603.000,574.000,2.946367,10.831288,568.296,388.999,655.665,591.800,0.916016,detected
36,1.201201,far,2,708.000,413.000,4.013402,3.165535,683.624,291.385,740.394,425.488,0.895996,detected
37,1.234568,near,1,603.000,572.000,2.943959,10.770200,567.462,389.074,654.533,591.334,0.913574,detected
37,1.234568,far,2,709.000,413.000,4.026061,3.165401,685.271,292.871,742.631,425.955,0.895020,detected
38,1.267935,near,1,604.000,568.000,2.948438,10.646578,567.766,388.885,654.312,590.023,0.909180,detected
38,1.267935,far,2,711.000,414.000,4.050458,3.242482,686.557,292.965,746.225,428.567,0.891602,detected
39,1.301301,near,1,604.000,569.000,2.949644,10.677594,568.359,388.811,654.017,587.824,0.910645,detected
39,1.301301,far,2,714.000,417.000,4.085345,3.471971,687.751,297.370,748.522,431.446,0.897949,detected
40,1.334668,near,1,605.000,568.000,2.957782,10.646387,569.221,386.638,654.963,585.723,0.913574,detected
40,1.334668,far,2,714.000,418.000,4.084356,3.547900,688.931,300.443,751.486,432.958,0.906738,detected
41,1.368035,near,1,606.000,566.000,2.964764,10.583847,570.326,384.261,655.655,582.536,0.913574,detected
41,1.368035,far,2,716.000,421.000,4.106265,3.773313,689.173,302.367,755.032,437.652,0.903809,detected
42,1.401401,near,1,608.000,563.000,2.980039,10.489136,572.112,383.163,657.088,580.794,0.916992,detected
42,1.401401,far,2,716.000,423.000,4.104214,3.922070,689.364,304.383,757.326,439.364,0.916992,detected
43,1.434768,near,1,609.000,567.000,2.994023,10.614504,572.734,382.697,657.643,581.033,0.912598,detected
43,1.434768,far,2,716.000,431.000,4.096194,4.503831,687.535,308.538,757.749,443.664,0.913086,detected
44,1.468135,near,1,611.000,567.000,3.012739,10.614123,573.452,382.613,658.184,581.442,0.913086,detected
44,1.468135,far,2,714.000,431.000,4.071898,4.504150,682.497,311.357,753.097,445.092,0.894043,detected
45,1.501502,near,1,613.000,567.000,3.031453,10.613743,576.031,382.458,660.870,581.061,0.911133,detected
45,1.501502,far,2,715.000,430.000,4.085006,4.432406,681.721,312.453,753.577,444.283,0.896484,detected
46,1.534868,near,1,615.000,569.000,3.052232,10.675495,579.175,384.480,664.218,581.799,0.913574,detected
46,1.534868,far,2,714.000,430.000,4.072831,4.432565,681.828,316.078,754.493,443.918,0.901367,detected
47,1.568235,near,1,616.000,573.000,3.065580,10.798304,580.252,388.677,665.525,585.524,0.920898,detected
47,1.568235,far,2,715.000,432.000,4.083091,4.575256,680.944,317.928,755.748,444.590,0.876953,detected
48,1.601602,near,1,616.000,577.000,3.069551,10.919645,579.456,394.810,664.290,589.215,0.924805,detected
48,1.601602,far,2,715.000,429.000,4.085970,4.360502,678.901,320.259,755.618,445.085,0.860352,detected
49,1.634968,near,1,615.000,576.000,3.059349,10.889656,579.336,400.320,662.986,589.748,0.924805,detected
49,1.634968,far,2,713.000,429.000,4.061565,4.360816,678.933,320.789,757.645,444.219,0.894531,detected
50,1.668335,near,1,614.000,575.000,3.049113,10.859564,580.219,405.938,662.937,589.644,0.928223,detected
50,1.668335,far,2,716.000,432.000,4.095212,4.575094,687.730,321.877,766.301,444.149,0.892090,detected
51,1.701702,near,1,614.000,577.000,3.051154,10.920031,581.381,412.004,663.475,590.168,0.926270,detected
51,1.701702,far,2,717.000,431.000,4.108341,4.503671,690.508,322.854,768.811,444.022,0.898926,detected
52,1.735068,near,1,614.000,578.000,3.052169,10.950111,583.937,416.538,666.719,590.637,0.924805,detected
52,1.735068,far,2,716.000,431.000,4.096194,4.503831,690.959,322.283,770.226,444.093,0.895020,detected
53,1.768435,near,1,615.000,578.000,3.061352,10.949919,587.160,419.832,671.656,590.794,0.924316,detected
53,1.768435,far,2,717.000,429.000,4.110373,4.360188,689.737,321.373,769.758,443.742,0.891113,detected
54,1.801802,near,1,615.000,577.000,3.060352,10.919838,588.129,421.432,674.456,589.965,0.926270,detected
54,1.801802,far,2,716.000,429.000,4.098172,4.360345,688.178,321.052,768.308,443.236,0.865723,detected
55,1.835169,near,1,614.000,580.000,3.054189,11.009970,588.218,424.080,677.088,591.099,0.922852,detected
55,1.835169,far,2,715.000,431.000,4.084046,4.503990,678.889,320.958,761.545,444.386,0.911621,detected
56,1.868535,near,1,614.000,580.000,3.054189,11.009970,587.116,423.789,679.944,591.506,0.922363,detected
56,1.868535,far,2,715.000,430.000,4.085006,4.432406,675.340,319.329,760.196,444.663,0.915039,detected
57,1.901902,near,1,615.000,579.000,3.062349,10.979898,583.138,420.360,681.021,591.358,0.919434,detected
57,1.901902,far,2,716.000,429.000,4.098172,4.360345,673.081,316.603,759.501,444.188,0.896484,detected
58,1.935269,near,1,617.000,576.000,3.077777,10.889272,581.268,415.393,684.012,590.439,0.926758,detected
58,1.935269,far,2,718.000,428.000,4.123624,4.287808,670.886,313.404,758.357,443.291,0.901367,detected
59,1.968635,near,1,620.000,574.000,3.103555,10.828026,579.852,409.446,687.196,589.520,0.908203,detected
59,1.968635,far,2,718.000,432.000,4.119451,4.574772,671.542,312.882,758.158,443.783,0.888672,detected
60,2.002002,near,1,624.000,572.000,3.138780,10.766180,578.637,405.482,688.738,587.763,0.911621,detected
60,2.002002,far,2,718.000,426.000,4.125739,4.142384,671.912,311.702,757.456,443.965,0.879883,detected
61,2.035369,near,1,626.000,568.000,3.153924,10.642386,580.172,401.988,691.762,586.525,0.914062,detected
61,2.035369,far,2,714.000,420.000,4.082391,3.698714,671.473,309.256,754.435,441.495,0.842773,detected
62,2.068735,near,1,626.000,561.000,3.147855,10.422304,582.431,400.530,693.427,583.388,0.920410,detected
62,2.068735,far,2,713.000,420.000,4.069938,3.698859,672.281,309.039,752.350,440.686,0.833496,detected
63,2.102102,near,1,630.000,553.000,3.179065,10.163410,586.404,400.356,694.841,577.805,0.914062,detected
63,2.102102,far,2,713.000,420.000,4.069938,3.698859,673.400,308.021,751.933,440.948,0.841797,detected
64,2.135469,near,1,634.000,554.000,3.218154,10.195326,591.722,401.687,699.058,575.859,0.918457,detected
64,2.135469,far,2,711.000,420.000,4.045028,3.699148,675.755,308.077,752.141,440.205,0.852051,detected
65,2.168836,near,1,638.000,554.000,3.256403,10.194578,595.640,401.918,703.015,574.321,0.914062,detected
65,2.168836,far,2,711.000,417.000,4.047724,3.472391,677.058,307.200,750.730,437.305,0.871582,detected
66,2.202202,near,1,644.000,556.000,3.314957,10.258433,595.537,402.738,703.048,574.512,0.890137,detected
66,2.202202,far,2,710.000,419.000,4.033439,3.624052,678.422,308.883,749.927,437.355,0.850098,detected
67,2.235569,near,1,653.000,556.000,3.400679,10.256747,602.347,401.699,713.223,574.342,0.918945,detected
67,2.235569,far,2,711.000,419.000,4.045923,3.623909,680.085,309.318,750.213,437.178,0.848145,detected
68,2.268936,near,1,664.000,554.000,3.504889,10.189722,605.958,400.112,720.374,573.747,0.910645,detected
68,2.268936,far,2,711.000,417.000,4.047724,3.472391,681.047,308.315,749.998,435.701,0.857910,detected
69,2.302302,near,1,673.000,548.000,3.590171,9.990399,611.414,398.605,729.434,572.706,0.909180,detected
69,2.302302,far,2,713.000,419.000,4.070889,3.623623,682.083,308.125,750.392,435.591,0.807617,detected
70,2.335669,near,1,680.000,546.000,3.657729,9.922292,616.682,398.412,737.519,571.497,0.917969,detected
70,2.335669,far,2,712.000,422.000,4.055650,3.848451,680.984,307.922,747.479,433.860,0.714844,detected
71,2.369036,near,1,689.000,545.000,3.745019,9.887051,625.155,398.791,748.633,569.797,0.913086,detected
71,2.369036,far,2,710.000,416.000,4.036061,3.396247,684.938,307.267,745.441,420.505,0.784668,detected
72,2.402402,near,1,695.000,546.000,3.802928,9.919527,634.335,399.814,760.371,568.055,0.923340,detected
72,2.402402,far,2,708.000,416.000,4.010918,3.396525,684.795,307.354,746.353,421.981,0.827637,detected
73,2.435769,near,1,703.000,544.000,3.881139,9.850778,643.684,402.939,769.660,564.149,0.910645,detected
73,2.435769,far,2,710.000,411.000,4.040513,3.009483,683.628,305.296,746.629,422.356,0.782227,detected
74,2.469136,near,1,706.000,547.000,3.908905,9.950959,649.289,407.027,776.475,563.035,0.913574,detected
74,2.469136,far,2,710.000,416.000,4.036061,3.396247,682.493,303.834,747.437,424.329,0.759277,detected
75,2.502503,near,1,706.000,546.000,3.909356,9.917500,654.158,412.801,781.488,562.107,0.908203,detected
75,2.502503,far,2,709.000,413.000,4.026061,3.165401,680.580,303.726,746.971,426.597,0.845703,detected
76,2.535869,near,1,711.000,546.000,3.957718,9.916580,660.846,417.885,786.086,558.902,0.886719,detected
76,2.535869,far,2,708.000,413.000,4.013402,3.165535,677.061,303.496,745.075,428.344,0.864258,detected
77,2.569236,near,1,713.000,548.000,3.975920,9.983006,662.268,422.028,789.361,560.482,0.907227,detected
77,2.569236,far,2,706.000,412.000,3.988858,3.088086,674.739,304.133,743.098,428.678,0.864258,detected
78,2.602603,near,1,720.000,550.000,4.041997,10.048032,665.668,424.008,793.110,559.326,0.874023,detected
78,2.602603,far,2,705.000,412.000,3.976168,3.088218,672.716,304.823,741.251,428.607,0.885742,detected
79,2.635969,near,1,724.000,543.000,4.085712,9.813113,672.522,423.459,797.778,554.852,0.884277,detected
79,2.635969,far,2,703.000,411.000,3.951476,3.010399,672.173,306.377,740.383,428.732,0.792480,detected
80,2.669336,near,1,728.000,541.000,4.126266,9.744397,675.783,421.405,801.171,552.997,0.885254,detected
80,2.669336,far,2,701.000,413.000,3.924770,3.166473,670.489,310.251,738.180,429.501,0.856934,detected
81,2.702703,near,1,729.000,538.000,4.138617,9.641322,674.175,417.499,801.922,552.679,0.886719,detected
81,2.702703,far,2,702.000,413.000,3.937434,3.166339,669.673,312.751,737.606,429.943,0.780762,detected
82,2.736069,near,1,729.000,534.000,4.142127,9.502392,671.957,412.330,802.985,553.468,0.886719,detected
82,2.736069,far,2,699.000,413.000,3.899441,3.166741,663.097,315.924,728.796,429.822,0.842773,detected
83,2.769436,near,1,729.000,534.000,4.142127,9.502392,672.244,407.079,802.601,551.125,0.882324,detected
83,2.769436,far,2,700.000,413.000,3.912106,3.166607,663.214,317.220,728.249,430.067,0.700195,detected
84,2.802803,near,1,730.000,536.000,4.150205,9.571927,670.809,401.123,800.329,548.863,0.901367,detected
84,2.802803,far,2,702.000,413.000,3.937434,3.166339,670.370,317.374,736.597,430.159,0.834473,detected
85,2.836170,near,1,729.000,538.000,4.138617,9.641322,666.096,395.660,797.815,550.435,0.894531,detected
85,2.836170,far,2,703.000,415.000,3.948730,3.320570,671.484,315.677,740.164,430.336,0.855957,detected
86,2.869536,near,1,728.000,537.000,4.129668,9.606958,661.223,391.401,795.375,553.566,0.904785,detected
86,2.869536,far,2,702.000,411.000,3.938754,3.010529,674.023,312.677,742.794,425.925,0.817383,detected
87,2.902903,near,1,725.000,537.000,4.100200,9.607503,657.081,387.457,792.153,555.640,0.907227,detected
87,2.902903,far,2,705.000,407.000,3.979957,2.694131,675.234,310.724,741.260,419.523,0.712402,detected
88,2.936270,near,1,722.000,539.000,4.069233,9.677016,652.315,383.911,787.324,556.061,0.912598,detected
88,2.936270,far,2,716.000,410.000,4.117887,2.930270,680.431,307.573,747.526,416.420,0.794922,detected
89,2.969636,near,1,719.000,543.000,4.037115,9.814029,646.699,382.047,782.477,558.870,0.915039,detected
89,2.969636,far,2,721.000,415.000,4.175504,3.318103,684.454,305.453,752.216,415.621,0.776855,detected
90,3.003003,near,1,719.000,543.000,4.037115,9.814029,641.710,380.014,777.856,560.247,0.917480,detected
90,3.003003,far,2,720.000,408.000,4.171272,2.771802,688.478,304.132,753.070,408.108,0.736328,detected
91,3.036370,near,1,718.000,547.000,4.024753,9.948746,638.740,380.962,773.766,562.171,0.925293,detected
91,3.036370,far,2,720.000,407.000,4.172489,2.692269,691.311,303.650,756.035,407.505,0.794434,detected
92,3.069736,near,1,717.000,550.000,4.013195,10.048587,637.171,382.810,769.841,562.917,0.915527,detected
92,3.069736,far,2,727.000,427.000,4.234952,4.213870,688.565,304.469,763.650,427.288,0.734863,detected
93,3.103103,near,1,713.000,549.000,3.975353,10.016226,637.009,384.722,767.384,563.477,0.912598,detected
93,3.103103,far,2,735.000,425.000,4.335999,4.066603,689.038,305.513,766.040,432.615,0.856934,detected
94,3.136470,near,1,710.000,548.000,3.947009,9.983560,637.378,385.090,766.090,563.680,0.908691,detected
94,3.136470,far,2,735.000,423.000,4.339091,3.919244,693.086,307.395,769.042,434.539,0.854980,detected
95,3.169837,near,1,708.000,552.000,3.925814,10.116115,637.092,384.005,764.969,564.310,0.916504,detected
95,3.169837,far,2,741.000,422.000,4.414944,3.844178,694.385,310.183,769.273,435.526,0.798340,detected
96,3.203203,near,1,705.000,548.000,3.898816,9.984484,638.087,382.226,764.629,564.258,0.918945,detected
96,3.203203,far,2,744.000,420.000,4.455728,3.694381,696.029,310.984,771.448,436.839,0.816895,detected
97,3.236570,near,1,706.000,545.000,3.909809,9.883924,640.489,378.075,765.914,563.243,0.916016,detected
97,3.236570,far,2,746.000,427.000,4.467598,4.210939,696.609,312.441,774.447,441.646,0.782715,detected
98,3.269937,near,1,706.000,540.000,3.912098,9.714231,643.219,374.430,765.764,560.467,0.910645,detected
98,3.269937,far,2,750.000,434.000,4.503196,4.711116,696.015,314.136,776.303,446.219,0.794434,detected
99,3.303303,near,1,706.000,539.000,3.912561,9.679928,645.182,371.680,765.400,559.672,0.904297,detected
99,3.303303,far,2,756.000,440.000,4.563405,5.127155,696.224,316.416,780.358,453.079,0.871094,detected
100,3.336670,near,1,709.000,537.000,3.942981,9.610403,648.839,370.409,765.181,557.971,0.898926,detected
100,3.336670,far,2,758.000,445.000,4.577104,5.466060,696.511,319.911,784.384,460.786,0.866699,detected
101,3.370037,near,1,712.000,538.000,3.971895,9.644409,652.106,370.099,764.381,556.340,0.909180,detected
101,3.370037,far,2,760.000,453.000,4.584548,5.993499,701.662,324.016,791.306,465.507,0.321777,detected
102,3.403403,near,1,714.000,536.000,3.992732,9.574822,655.386,370.227,763.174,553.894,0.907227,detected
102,3.403403,far,2,760.000,455.000,4.580615,6.122657,705.301,327.821,795.052,468.216,0.525391,detected
103,3.436770,near,1,719.000,538.000,4.040558,9.643138,658.951,372.758,762.661,553.271,0.915039,detected
103,3.436770,far,2,762.000,455.000,4.603630,6.122282,711.118,333.457,798.096,468.718,0.841309,detected
104,3.470137,near,1,722.000,538.000,4.069979,9.642593,661.511,376.337,761.234,552.209,0.917480,detected
104,3.470137,far,2,763.000,454.000,4.617172,6.057656,712.323,336.303,798.368,468.480,0.834961,detected
105,3.503504,near,1,725.000,539.000,4.098598,9.676471,662.663,380.738,759.900,552.704,0.921875,detected
105,3.503504,far,2,764.000,458.000,4.620517,6.313597,720.253,339.864,803.372,468.860,0.862305,detected
106,3.536870,near,1,724.000,533.000,4.093542,9.468244,663.055,386.274,757.684,552.052,0.927246,detected
106,3.536870,far,2,764.000,459.000,4.618492,6.376958,716.145,338.496,800.645,468.614,0.893066,detected
107,3.570237,near,1,724.000,529.000,4.096755,9.326762,662.976,389.485,755.895,549.660,0.926758,detected
107,3.570237,far,2,762.000,455.000,4.603630,6.122282,714.710,336.510,800.540,468.174,0.895020,detected
108,3.603604,near,1,721.000,524.000,4.070657,9.147502,662.815,392.520,751.863,541.964,0.920898,detected
108,3.603604,far,2,759.000,453.000,4.572990,5.993684,713.948,333.437,801.707,468.223,0.907227,detected
109,3.636970,near,1,719.000,526.000,4.049079,9.220172,661.861,395.057,750.088,539.783,0.920410,detected
109,3.636970,far,2,760.000,454.000,4.582577,6.058214,713.157,331.214,802.540,468.889,0.907227,detected
110,3.670337,near,1,720.000,528.000,4.057620,9.291780,660.445,396.045,750.568,542.028,0.910645,detected
110,3.670337,far,2,759.000,454.000,4.571044,6.058401,711.749,326.865,802.732,468.531,0.901367,detected
111,3.703704,near,1,721.000,528.000,4.067607,9.291602,661.232,396.064,752.370,543.161,0.903809,detected
111,3.703704,far,2,758.000,448.000,4.571164,5.666112,711.148,322.535,802.779,467.652,0.881348,detected
112,3.737070,near,1,722.000,527.000,4.078370,9.255598,662.225,395.874,753.511,542.758,0.916016,detected
112,3.737070,far,2,755.000,447.000,4.538013,5.600251,710.247,319.923,801.154,466.434,0.883301,detected
113,3.770437,near,1,722.000,529.000,4.076819,9.327119,663.440,396.617,754.830,543.222,0.915039,detected
113,3.770437,far,2,749.000,447.000,4.467752,5.601324,707.887,319.627,796.860,465.783,0.873535,detected
114,3.803804,near,1,720.000,530.000,4.056148,9.363042,662.761,395.702,755.298,544.288,0.913086,detected
114,3.803804,far,2,749.000,446.000,4.469506,5.534631,707.685,319.681,794.435,463.954,0.869629,detected
115,3.837171,near,1,717.000,530.000,4.026294,9.363579,661.306,393.194,755.525,545.844,0.916504,detected
115,3.837171,far,2,747.000,447.000,4.444328,5.601681,707.226,319.373,792.159,461.813,0.859375,detected
116,3.870537,near,1,712.000,532.000,3.975359,9.435222,661.120,390.822,756.376,547.992,0.903809,detected
116,3.870537,far,2,751.000,445.000,4.494790,5.467295,706.909,319.883,790.858,461.132,0.888672,detected
117,3.903904,near,1,708.000,532.000,3.935687,9.435940,660.652,387.664,757.094,550.499,0.906250,detected
117,3.903904,far,2,749.000,444.000,4.473035,5.400377,706.040,320.520,788.841,460.729,0.895020,detected
118,3.937271,near,1,705.000,538.000,3.903213,9.645681,661.051,384.783,757.903,552.570,0.915039,detected
118,3.937271,far,2,751.000,443.000,4.498436,5.332464,705.790,320.279,788.008,460.504,0.896973,detected
119,3.970637,near,1,705.000,539.000,3.902766,9.680109,661.425,382.149,757.990,554.334,0.910645,detected
119,3.970637,far,2,751.000,442.000,4.500271,5.264609,703.185,318.957,785.677,460.633,0.891113,detected
120,4.004004,near,1,706.000,542.000,3.911178,9.782473,660.557,380.593,755.691,555.556,0.904785,detected
120,4.004004,far,2,749.000,445.000,4.471266,5.467649,702.197,317.693,784.825,461.248,0.875977,detected
121,4.037371,near,1,707.000,543.000,3.920445,9.816227,660.376,378.902,754.635,557.958,0.893066,detected
121,4.037371,far,2,747.000,439.000,4.458159,5.059938,701.188,314.937,783.479,459.790,0.877930,detected
122,4.070737,near,1,706.000,544.000,3.910264,9.850227,661.436,379.667,754.214,561.084,0.890625,detected
122,4.070737,far,2,746.000,438.000,4.447978,4.991051,700.412,312.602,781.705,457.681,0.878906,detected
123,4.104104,near,1,704.000,550.000,3.888349,10.050996,662.690,380.833,754.329,563.659,0.893066,detected
123,4.104104,far,2,744.000,437.000,4.425780,4.922026,700.191,310.117,780.435,455.469,0.855957,detected
124,4.137471,near,1,701.000,553.000,3.858452,10.150174,662.682,384.804,752.632,567.549,0.888184,detected
124,4.137471,far,2,747.000,440.000,4.456404,5.128692,700.465,307.159,780.211,454.076,0.861816,detected
125,4.170838,near,1,698.000,554.000,3.829475,10.183377,663.999,389.581,752.904,572.229,0.904785,detected
125,4.170838,far,2,741.000,433.000,4.396389,4.641985,700.943,304.846,779.234,451.032,0.866211,detected
126,4.204204,near,1,699.000,558.000,3.837733,10.312634,664.924,393.659,753.715,577.619,0.900879,detected
126,4.204204,far,2,738.000,433.000,4.360148,4.642472,700.896,303.165,778.573,450.319,0.830078,detected
127,4.237571,near,1,698.000,564.000,3.826467,10.503647,666.617,396.600,756.051,582.697,0.909668,detected
127,4.237571,far,2,731.000,429.000,4.281130,4.357989,702.340,301.485,776.901,444.714,0.834961,detected
128,4.270938,near,1,697.000,568.000,3.815979,10.628881,668.681,397.696,760.004,587.925,0.910645,detected
128,4.270938,far,2,730.000,427.000,4.271700,4.213407,703.716,300.018,775.491,439.176,0.804199,detected
129,4.304304,near,1,697.000,573.000,3.814613,10.782803,671.551,399.340,763.879,591.379,0.928223,detected
129,4.304304,far,2,726.000,425.000,4.225269,4.067967,704.526,300.971,773.559,435.732,0.812500,detected
130,4.337671,near,1,696.000,579.000,3.803861,10.964294,673.657,400.288,766.575,592.749,0.925293,detected
130,4.337671,far,2,724.000,422.000,4.204383,3.846682,705.781,301.386,770.770,428.172,0.763672,detected
131,4.371038,near,1,695.000,583.000,3.793786,11.083341,674.612,401.807,768.523,595.417,0.913574,detected
131,4.371038,far,2,724.000,427.000,4.198200,4.214333,705.465,302.852,769.393,427.249,0.829102,detected
132,4.404404,near,1,695.000,581.000,3.794251,11.024112,675.401,402.630,769.893,596.621,0.913086,detected
132,4.404404,far,2,722.000,423.000,4.178409,3.921178,703.336,303.402,767.458,427.299,0.767578,detected
133,4.437771,near,1,700.000,580.000,3.840113,10.993386,677.051,402.341,771.241,596.700,0.904297,detected
133,4.437771,far,2,720.000,420.000,4.157102,3.697847,699.648,304.494,765.084,429.356,0.861328,detected
134,4.471138,near,1,704.000,579.000,3.876983,10.962755,680.132,402.122,774.298,598.047,0.903320,detected
134,4.471138,far,2,717.000,419.000,4.120815,3.623051,696.109,305.127,761.858,428.965,0.764160,detected
135,4.504505,near,1,707.000,580.000,3.903980,10.992039,683.847,402.640,780.152,604.391,0.902344,detected
135,4.504505,far,2,717.000,417.000,4.122961,3.471551,693.141,305.522,758.932,427.449,0.859863,detected
136,4.537871,near,1,712.000,582.000,3.948605,11.050496,686.914,403.512,785.101,610.778,0.896484,detected
136,4.537871,far,2,717.000,416.000,4.124041,3.395277,691.693,305.821,757.730,425.794,0.884277,detected
137,4.571238,near,1,716.000,586.000,3.982775,11.167380,690.836,404.031,790.839,616.913,0.901855,detected
137,4.571238,far,2,717.000,417.000,4.122961,3.471551,691.224,305.575,757.924,425.099,0.883301,detected
138,4.604605,near,1,723.000,590.000,4.043395,11.282125,696.759,410.872,795.192,621.410,0.916016,detected
138,4.604605,far,2,717.000,418.000,4.121885,3.547475,689.290,306.062,756.413,425.113,0.878906,detected
139,4.637971,near,1,731.000,599.000,4.108405,11.536279,700.367,415.347,798.218,624.424,0.914551,detected
139,4.637971,far,2,717.000,417.000,4.122961,3.471551,686.729,305.672,754.354,425.171,0.875977,detected
140,4.671338,near,1,736.000,601.000,4.150963,11.591112,703.102,418.410,801.208,625.726,0.910645,detected
140,4.671338,far,2,717.000,421.000,4.118688,3.773168,682.597,306.029,754.587,434.316,0.879883,detected
141,4.704705,near,1,742.000,602.000,4.202898,11.617705,703.990,425.805,800.031,626.092,0.898926,detected
141,4.704705,far,2,716.000,422.000,4.105237,3.847861,680.500,305.952,754.182,437.886,0.874023,detected
142,4.738071,near,1,749.000,610.000,4.256639,11.835299,707.549,436.346,801.272,626.366,0.908203,detected
142,4.738071,far,2,716.000,423.000,4.104214,3.922070,678.182,304.737,752.857,439.353,0.877441,detected
143,4.771438,near,1,754.000,611.000,4.298981,11.861291,710.121,444.085,804.912,628.651,0.917969,detected
143,4.771438,far,2,716.000,423.000,4.104214,3.922070,677.202,303.639,752.540,440.112,0.882812,detected
144,4.804805,near,1,754.000,619.000,4.290887,12.074068,711.315,448.576,810.435,634.603,0.928711,detected
144,4.804805,far,2,717.000,419.000,4.120815,3.623051,675.849,302.033,750.707,438.074,0.887695,detected
145,4.838172,near,1,758.000,624.000,4.319865,12.203564,710.627,452.384,813.417,640.694,0.929688,detected
145,4.838172,far,2,716.000,418.000,4.109376,3.547616,675.012,300.579,749.872,437.124,0.881836,detected
146,4.871538,near,1,758.000,633.000,4.310667,12.433042,716.453,458.293,826.491,653.112,0.926270,detected
146,4.871538,far,2,717.000,416.000,4.124041,3.395277,672.864,298.423,748.108,435.414,0.886230,detected
147,4.904905,near,1,766.000,642.000,4.367726,12.654655,725.887,466.509,840.870,661.036,0.914551,detected
147,4.904905,far,2,716.000,415.000,4.112531,3.318788,671.893,297.127,747.128,433.982,0.893555,detected
148,4.938272,near,1,772.000,643.000,4.416066,12.677876,729.351,474.668,845.172,663.892,0.924316,detected
148,4.938272,far,2,714.000,414.000,4.088340,3.242076,670.239,296.941,744.762,432.165,0.894043,detected
149,4.971638,near,1,774.000,640.000,4.436084,12.603976,728.048,479.918,843.288,665.176,0.929199,detected
149,4.971638,far,2,712.000,412.000,4.064989,3.087291,668.576,296.403,742.740,429.917,0.893066,detected
150,5.005005,near,1,776.000,645.000,4.446611,12.725703,724.963,482.025,839.119,665.615,0.927246,detected
150,5.005005,far,2,708.000,411.000,4.015077,3.009744,664.380,297.650,737.691,428.015,0.890625,detected
151,5.038372,near,1,776.000,645.000,4.446611,12.725703,723.251,481.404,836.759,665.482,0.918945,detected
151,5.038372,far,2,703.000,411.000,3.951476,3.010399,663.765,298.721,737.829,427.466,0.893066,detected
152,5.071738,near,1,777.000,643.000,4.457242,12.676873,723.717,478.158,837.453,665.016,0.918945,detected
152,5.071738,far,2,699.000,411.000,3.900585,3.010922,662.397,300.852,736.865,427.287,0.906250,detected
153,5.105105,near,1,778.000,643.000,4.465476,12.676673,723.498,472.844,838.532,664.733,0.914062,detected
153,5.105105,far,2,696.000,412.000,3.861925,3.089410,659.850,302.376,735.232,427.175,0.916504,detected
154,5.138472,near,1,777.000,642.000,4.458458,12.652448,723.033,467.789,839.199,664.677,0.916016,detected
154,5.138472,far,2,695.000,411.000,3.849683,3.011445,657.054,302.149,733.733,427.085,0.908691,detected
155,5.171839,near,1,775.000,643.000,4.440773,12.677275,721.569,461.158,839.499,664.709,0.908203,detected
155,5.171839,far,2,695.000,411.000,3.849683,3.011445,654.934,301.058,733.239,427.142,0.917969,detected
156,5.205205,near,1,773.000,640.000,4.427811,12.604177,720.683,454.816,839.842,664.234,0.915039,detected
156,5.205205,far,2,693.000,410.000,3.824625,2.933241,653.419,304.559,730.486,426.469,0.898926,detected
157,5.238572,near,1,769.000,638.000,4.396973,12.555605,718.440,449.284,837.889,663.148,0.912109,detected
157,5.238572,far,2,692.000,408.000,3.812607,2.775327,646.592,297.155,727.777,425.151,0.916016,detected
158,5.271939,near,1,763.000,641.000,4.344020,12.630755,714.564,445.960,832.819,661.830,0.919434,detected
158,5.271939,far,2,688.000,407.000,3.761581,2.696244,641.417,292.665,723.957,422.930,0.911621,detected
159,5.305305,near,1,756.000,640.000,4.287132,12.607584,712.473,442.251,830.260,660.425,0.914551,detected
159,5.305305,far,2,683.000,406.000,3.697419,2.616895,638.202,289.052,721.054,420.335,0.907227,detected
160,5.338672,near,1,750.000,641.000,4.236578,12.633363,711.264,440.997,828.540,660.263,0.918945,detected
160,5.338672,far,2,677.000,407.000,3.620181,2.697612,635.734,285.027,719.673,418.665,0.898438,detected
161,5.372039,near,1,744.000,642.000,4.186167,12.659069,709.288,441.119,826.581,661.287,0.926270,detected
161,5.372039,far,2,670.000,406.000,3.529865,2.618490,629.912,279.331,715.347,417.502,0.784180,detected
162,5.405405,near,1,740.000,646.000,4.150138,12.757143,707.549,443.312,825.133,663.192,0.929199,detected
162,5.405405,far,2,662.000,403.000,3.425074,2.377165,627.543,274.980,714.830,417.994,0.794434,detected
163,5.438772,near,1,738.000,646.000,4.133724,12.757545,705.061,446.726,821.915,663.606,0.933594,detected
163,5.438772,far,2,651.000,398.000,3.277653,1.966730,623.179,271.491,709.648,416.275,0.847656,detected
164,5.472139,near,1,735.000,647.000,4.108417,12.782284,703.253,451.035,819.309,663.582,0.928223,detected
164,5.472139,far,2,644.000,394.000,3.180991,1.630839,620.830,270.287,704.983,414.103,0.816895,detected
165,5.505506,near,1,734.000,648.000,4.099552,12.806547,701.050,454.957,816.474,663.820,0.924805,detected
165,5.505506,far,2,637.000,394.000,3.087965,1.631548,617.917,269.567,699.786,412.037,0.777832,detected
166,5.538872,near,1,733.000,649.000,4.090713,12.830740,696.928,455.986,813.057,664.306,0.923340,detected
166,5.538872,far,2,634.000,393.000,3.046607,1.546643,611.538,269.025,691.003,410.162,0.599121,detected
167,5.572239,near,1,731.000,649.000,4.074368,12.831142,689.660,454.639,806.198,664.176,0.917480,detected
167,5.572239,far,2,631.000,394.000,3.008203,1.632156,607.264,268.000,686.080,408.576,0.757812,detected
168,5.605606,near,1,731.000,645.000,4.076902,12.734744,684.668,451.060,802.019,664.102,0.931152,detected
168,5.605606,far,2,628.000,390.000,2.961560,1.289061,602.153,268.000,680.184,407.032,0.835449,detected
169,5.638972,near,1,728.000,636.000,4.057712,12.514136,681.278,446.948,798.137,661.090,0.915527,detected
169,5.638972,far,2,626.000,389.000,2.932926,1.202335,598.279,268.000,675.060,404.865,0.689453,detected
170,5.672339,near,1,724.000,632.000,4.026644,12.414652,673.948,441.422,789.863,655.960,0.913574,detected
170,5.672339,far,2,624.000,386.000,2.900419,0.939178,591.955,268.000,665.166,401.817,0.810059,detected
171,5.705706,near,1,720.000,630.000,3.994136,12.364843,666.045,436.796,780.140,650.894,0.925293,detected
171,5.705706,far,2,621.000,385.000,2.857740,0.850773,590.904,268.362,661.625,399.588,0.760742,detected
172,5.739072,near,1,714.000,628.000,3.944538,12.315120,658.403,431.682,771.699,647.007,0.912598,detected
172,5.739072,far,2,615.000,385.000,2.776120,0.851273,593.759,269.489,663.460,398.322,0.847168,detected
173,5.772439,near,1,707.000,622.000,3.887599,12.161833,652.705,426.199,765.371,642.606,0.904785,detected
173,5.772439,far,2,610.000,387.000,2.712777,1.028618,594.275,270.308,663.563,398.138,0.858398,detected
174,5.805806,near,1,698.000,620.000,3.811365,12.111413,646.342,421.151,758.433,639.006,0.908203,detected
174,5.805806,far,2,608.000,384.000,2.678432,0.762725,593.003,270.497,661.573,397.554,0.830078,detected
175,5.839173,near,1,691.000,616.000,3.752100,12.007391,641.927,417.695,752.474,635.441,0.920410,detected
175,5.839173,far,2,606.000,383.000,2.648629,0.673305,591.818,270.806,659.762,397.753,0.796387,detected
176,5.872539,near,1,680.000,611.000,3.657407,11.875911,638.385,415.489,745.633,629.909,0.916992,detected
176,5.872539,far,2,605.000,381.000,2.629816,0.492864,584.430,270.010,649.927,397.447,0.745605,detected
177,5.905906,near,1,673.000,608.000,3.596357,11.796068,635.441,414.835,739.333,625.615,0.919922,detected
177,5.905906,far,2,604.000,381.000,2.616065,0.492938,580.746,271.655,643.676,397.446,0.502930,detected
178,5.939273,near,1,664.000,605.000,3.517166,11.715832,630.856,415.695,731.681,622.529,0.921875,detected
178,5.939273,far,2,602.000,376.000,2.574975,0.033699,582.156,270.575,643.691,395.772,0.788086,detected
179,5.972639,near,1,655.000,605.000,3.438233,11.717606,623.196,418.120,721.959,620.909,0.916504,detected
179,5.972639,far,2,600.000,373.000,2.538583,0.000000,581.106,270.898,639.802,392.753,0.659180,detected
180,6.006006,near,1,646.000,609.000,3.361164,11.828568,613.051,420.757,711.086,620.272,0.921875,detected
180,6.006006,far,2,597.000,371.000,2.490488,0.000000,581.752,274.137,637.008,389.287,0.737305,detected
181,6.039373,near,1,641.000,609.000,3.317569,11.829556,601.504,423.373,699.738,620.136,0.925293,detected
181,6.039373,far,2,598.000,369.000,2.498629,0.000000,579.539,273.739,632.287,385.355,0.725586,detected
182,6.072739,near,1,634.000,606.000,3.254606,11.749177,590.650,424.883,690.077,620.033,0.923828,detected
182,6.072739,far,2,599.000,370.000,2.515769,0.000000,578.462,274.030,629.632,384.156,0.768555,detected
183,6.106106,near,1,630.000,603.000,3.217441,11.667409,580.806,425.319,681.781,619.929,0.917480,detected
183,6.106106,far,2,599.000,369.000,2.512813,0.000000,579.385,273.186,630.478,383.936,0.687500,detected
184,6.139473,near,1,625.000,601.000,3.171842,11.612908,571.743,424.919,675.193,619.672,0.934570,detected
184,6.139473,far,2,598.000,368.000,2.495620,0.000000,576.757,270.355,627.589,383.266,0.730957,detected
185,6.172840,near,1,621.000,599.000,3.134806,11.557848,565.476,425.708,670.749,617.920,0.928223,detected
185,6.172840,far,2,597.000,369.000,2.484444,0.000000,575.798,268.956,625.234,382.142,0.675781,detected
186,6.206206,near,1,617.000,597.000,3.097523,11.502420,560.147,426.948,666.952,615.746,0.922363,detected
186,6.206206,far,2,597.000,367.000,2.478337,0.000000,575.728,268.872,623.389,381.635,0.660156,detected
187,6.239573,near,1,612.000,592.000,3.048088,11.361249,556.630,429.575,663.928,613.128,0.919434,detected
187,6.239573,far,2,598.000,365.000,2.486500,0.000000,576.844,268.503,623.451,382.431,0.506836,detected
188,6.272940,near,1,607.000,593.000,3.004291,11.390843,553.297,431.994,660.228,610.200,0.920898,detected
188,6.272940,far,2,596.000,356.000,2.428895,0.000000,576.755,268.380,620.134,377.935,0.380371,detected
189,6.306306,near,1,606.000,590.000,2.992070,11.304901,549.293,433.811,656.097,608.620,0.937988,detected
189,6.306306,far,,596.000,355.000,2.425593,0.000000,,,,,0.000000,tracked
190,6.339673,near,1,602.000,590.000,2.956052,11.305681,543.289,435.536,649.742,607.826,0.932617,detected
190,6.339673,far,,593.000,354.000,2.377984,0.000000,,,,,0.000000,tracked
191,6.373040,near,1,599.000,589.000,2.927837,11.277363,537.931,436.280,644.092,606.593,0.920898,detected
191,6.373040,far,,589.000,354.000,2.318919,0.000000,,,,,0.000000,tracked
192,6.406406,near,1,596.000,590.000,2.902016,11.306852,533.468,436.157,640.357,606.064,0.918945,detected
192,6.406406,far,,590.000,353.000,2.330108,0.000000,,,,,0.000000,tracked
193,6.439773,near,1,594.000,589.000,2.882728,11.278337,530.900,434.568,639.771,606.217,0.917480,detected
193,6.439773,far,,590.000,353.000,2.330108,0.000000,,,,,0.000000,tracked
194,6.473140,near,1,596.000,590.000,2.902016,11.306852,529.487,432.815,640.399,606.324,0.917480,detected
194,6.473140,far,,585.000,353.000,2.256062,0.000000,,,,,0.000000,tracked
195,6.506507,near,1,596.000,590.000,2.902016,11.306852,528.032,429.011,641.930,606.125,0.915039,detected
195,6.506507,far,,578.000,353.000,2.152363,0.000000,,,,,0.000000,tracked
196,6.539873,near,1,596.000,590.000,2.902016,11.306852,526.805,426.167,642.914,606.087,0.920410,detected
196,6.539873,far,,574.000,352.000,2.088844,0.000000,,,,,0.000000,tracked
197,6.573240,near,1,596.000,588.000,2.899525,11.248948,526.938,424.111,644.391,605.686,0.922363,detected
197,6.573240,far,,569.000,352.000,2.014529,0.000000,,,,,0.000000,tracked
198,6.606607,near,1,594.000,585.000,2.877593,11.161758,527.413,423.069,645.925,605.850,0.924316,detected
198,6.606607,far,,568.000,352.000,1.999663,0.000000,,,,,0.000000,tracked
199,6.639973,near,1,594.000,585.000,2.877593,11.161758,529.528,423.123,649.036,606.650,0.931152,detected
199,6.639973,far,,,,,,,,,,0.000000,missing
200,6.673340,near,1,594.000,584.000,2.876298,11.132371,531.088,423.031,651.914,606.273,0.922852,detected
200,6.673340,far,,,,,,,,,,0.000000,missing
201,6.706707,near,1,592.000,583.000,2.856773,11.103272,530.272,424.580,652.022,604.028,0.919434,detected
201,6.706707,far,,,,,,,,,,0.000000,missing
202,6.740073,near,1,591.000,587.000,2.853010,11.220825,527.647,428.909,651.953,605.773,0.929688,detected
202,6.740073,far,,,,,,,,,,0.000000,missing
203,6.773440,near,1,589.000,595.000,2.845633,11.451326,524.480,433.466,651.943,608.452,0.929688,detected
203,6.773440,far,,,,,,,,,,0.000000,missing
204,6.806807,near,1,590.000,594.000,2.853257,11.422696,522.332,437.373,651.879,608.894,0.920410,detected
204,6.806807,far,,,,,,,,,,0.000000,missing
205,6.840174,near,1,587.000,591.000,2.822314,11.337420,521.491,441.968,652.021,608.488,0.915527,detected
205,6.840174,far,2,586.000,355.000,2.278330,0.000000,552.307,269.620,625.485,366.661,0.756836,detected
206,6.873540,near,1,586.000,594.000,2.817456,11.423480,520.156,444.351,653.227,608.485,0.919434,detected
206,6.873540,far,2,591.000,367.000,2.392767,0.000000,548.862,269.083,631.573,374.144,0.904785,detected
207,6.906907,near,1,589.000,592.000,2.841642,11.365744,518.854,445.962,654.868,608.920,0.922363,detected
207,6.906907,far,2,592.000,361.000,2.387185,0.000000,545.102,269.152,633.289,377.360,0.618652,detected
208,6.940274,near,1,592.000,594.000,2.871156,11.422305,518.177,445.418,658.059,608.939,0.926758,detected
208,6.940274,far,2,585.000,367.000,2.307169,0.000000,539.615,268.505,630.654,379.254,0.881836,detected
209,6.973640,near,1,595.000,591.000,2.894263,11.335856,522.301,442.800,668.964,609.090,0.913086,detected
209,6.973640,far,2,583.000,366.000,2.275029,0.000000,537.784,269.020,628.969,379.722,0.845215,detected
210,7.007007,near,1,598.000,590.000,2.920029,11.306462,527.580,441.076,679.541,608.010,0.922852,detected
210,7.007007,far,2,584.000,368.000,2.296446,0.000000,539.078,271.710,627.949,378.434,0.912598,detected
211,7.040374,near,1,602.000,587.000,2.952578,11.218685,532.231,440.106,687.409,606.179,0.935059,detected
211,7.040374,far,2,580.000,371.000,2.250479,0.000000,536.383,275.078,625.201,382.146,0.904785,detected
212,7.073740,near,1,604.000,587.000,2.970677,11.218296,537.613,440.361,695.497,605.494,0.898438,detected
212,7.073740,far,2,580.000,372.000,2.254097,0.000000,535.659,278.159,623.614,384.464,0.892090,detected
213,7.107107,near,1,607.000,591.000,3.002150,11.333513,542.285,440.371,704.295,606.962,0.924805,detected
213,7.107107,far,2,580.000,371.000,2.250479,0.000000,536.468,280.322,623.360,385.271,0.898926,detected
214,7.140474,near,1,611.000,591.000,3.038102,11.332732,541.290,438.376,705.896,607.804,0.925781,detected
214,7.140474,far,2,581.000,371.000,2.264603,0.000000,536.751,279.937,624.189,385.699,0.859375,detected
215,7.173841,near,1,613.000,588.000,3.053105,11.245638,537.182,433.451,703.556,607.278,0.923828,detected
215,7.173841,far,2,581.000,368.000,2.253746,0.000000,536.219,279.156,623.217,384.530,0.890137,detected
216,7.207207,near,1,617.000,588.000,3.089228,11.244860,538.956,428.078,705.356,605.817,0.923828,detected
216,7.207207,far,2,581.000,369.000,2.257384,0.000000,536.327,278.306,623.695,384.211,0.866699,detected
217,7.240574,near,1,621.000,588.000,3.125347,11.244081,543.056,425.126,707.536,605.961,0.922852,detected
217,7.240574,far,2,580.000,374.000,2.261278,0.000000,537.287,279.955,624.681,386.141,0.857422,detected
218,7.273941,near,1,625.000,587.000,3.160643,11.214212,548.346,422.139,710.123,606.165,0.911133,detected
218,7.273941,far,2,584.000,375.000,2.320755,0.000000,543.633,281.209,631.507,388.090,0.811035,detected
219,7.307307,near,1,631.000,584.000,3.212697,11.125196,554.232,417.819,712.714,604.991,0.917969,detected
219,7.307307,far,2,589.000,371.000,2.377570,0.000000,548.926,279.982,636.314,387.089,0.818848,detected
220,7.340674,near,1,636.000,580.000,3.255465,11.005723,556.211,414.391,711.603,604.127,0.910156,detected
220,7.340674,far,2,592.000,370.000,2.416723,0.000000,553.796,279.370,640.344,386.012,0.856934,detected
221,7.374041,near,1,641.000,580.000,3.301188,11.004758,561.824,412.713,712.306,602.825,0.909668,detected
221,7.374041,far,2,595.000,369.000,2.456072,0.000000,559.610,279.318,645.769,387.105,0.835449,detected
222,7.407407,near,1,646.000,581.000,3.347418,11.033566,568.428,412.139,714.143,602.055,0.904785,detected
222,7.407407,far,2,607.000,376.000,2.644604,0.033382,565.814,280.065,652.729,391.919,0.777344,detected
223,7.440774,near,1,649.000,583.000,3.375730,11.092234,574.663,412.692,717.156,602.199,0.910645,detected
223,7.440774,far,2,618.000,375.000,2.795534,0.000000,575.115,281.595,661.677,396.566,0.748535,detected
224,7.474141,near,1,653.000,584.000,3.412513,11.120934,580.361,414.518,719.305,602.129,0.922852,detected
224,7.474141,far,2,626.000,384.000,2.923917,0.761264,583.251,282.597,669.364,400.822,0.823242,detected
225,7.507508,near,1,653.000,580.000,3.410890,11.002443,584.324,416.830,719.243,601.126,0.921875,detected
225,7.507508,far,2,636.000,387.000,3.064616,1.026344,590.424,281.308,677.557,402.550,0.875977,detected
226,7.540874,near,1,653.000,579.000,3.410481,10.972572,587.001,419.889,717.235,599.193,0.925293,detected
226,7.540874,far,2,641.000,388.000,3.133514,1.113651,597.597,282.178,684.576,402.460,0.897461,detected
227,7.574241,near,1,652.000,578.000,3.400900,10.942793,588.842,422.434,715.406,597.913,0.925781,detected
227,7.574241,far,2,644.000,386.000,3.171582,0.937472,599.529,277.245,690.101,402.123,0.896973,detected
228,7.607608,near,1,653.000,581.000,3.411298,11.032215,590.059,424.900,714.430,598.325,0.922852,detected
228,7.607608,far,2,644.000,387.000,3.172779,1.025645,600.107,273.441,694.233,403.342,0.907227,detected
229,7.640974,near,1,654.000,582.000,3.420814,11.061693,591.085,425.379,714.478,598.646,0.918945,detected
229,7.640974,far,2,646.000,385.000,3.197548,0.848692,601.616,269.763,697.611,403.286,0.888184,detected
230,7.674341,near,1,654.000,582.000,3.420814,11.061693,591.593,425.046,714.228,598.355,0.916016,detected
230,7.674341,far,2,650.000,382.000,3.248847,0.579894,605.471,268.335,699.259,400.242,0.890137,detected
231,7.707708,near,1,654.000,582.000,3.420814,11.061693,591.217,423.553,714.137,598.263,0.918457,detected
231,7.707708,far,2,653.000,381.000,3.288976,0.489281,610.010,268.000,701.435,398.973,0.898438,detected
232,7.741074,near,1,653.000,582.000,3.411704,11.061887,590.858,421.709,714.210,598.101,0.920898,detected
232,7.741074,far,2,658.000,376.000,3.353762,0.030152,615.562,268.000,703.939,396.696,0.875488,detected
233,7.774441,near,1,654.000,582.000,3.420814,11.061693,590.646,419.596,714.640,598.054,0.917969,detected
233,7.774441,far,2,662.000,375.000,3.408675,0.000000,621.522,268.000,706.273,393.603,0.864258,detected
234,7.807808,near,1,654.000,580.000,3.420030,11.002251,589.998,417.816,714.436,597.908,0.918945,detected
234,7.807808,far,2,666.000,371.000,3.462382,0.000000,627.571,268.000,707.755,388.706,0.885254,detected
235,7.841175,near,1,654.000,576.000,3.418447,10.882162,590.036,416.520,714.421,597.582,0.915039,detected
235,7.841175,far,2,671.000,368.000,3.531718,0.000000,633.775,268.000,710.945,385.779,0.878418,detected
236,7.874541,near,1,653.000,574.000,3.408415,10.821699,589.723,415.625,714.108,596.904,0.923828,detected
236,7.874541,far,2,677.000,367.000,3.616596,0.000000,641.281,268.723,715.247,382.847,0.872559,detected
237,7.907908,near,1,652.000,574.000,3.399182,10.821891,588.911,415.805,713.489,596.092,0.923828,detected
237,7.907908,far,2,683.000,366.000,3.701888,0.000000,647.746,269.060,720.344,381.358,0.874512,detected
238,7.941275,near,1,651.000,575.000,3.390396,10.852461,588.296,416.822,713.506,594.947,0.922363,detected
238,7.941275,far,2,688.000,364.000,3.773648,0.000000,654.715,268.979,726.532,380.274,0.855469,detected
239,7.974641,near,1,650.000,576.000,3.381639,10.882930,586.787,419.295,713.607,595.814,0.920898,detected
239,7.974641,far,2,693.000,365.000,3.844641,0.000000,660.294,269.104,732.373,380.997,0.861816,detected
240,8.008008,near,1,649.000,582.000,3.375264,11.062659,583.839,423.302,713.140,598.866,0.927734,detected
240,8.008008,far,2,699.000,368.000,3.928036,0.000000,666.156,268.801,739.560,382.517,0.858398,detected
241,8.041375,near,1,644.000,583.000,3.330249,11.093201,581.662,426.442,712.877,600.019,0.923828,detected
241,8.041375,far,2,705.000,369.000,4.011955,0.000000,677.712,268.979,754.143,383.678,0.907715,detected
242,8.074741,near,1,642.000,581.000,3.310908,11.034339,580.016,431.036,710.883,599.591,0.928223,detected
242,8.074741,far,2,709.000,369.000,4.068358,0.000000,681.903,268.842,761.716,385.914,0.901367,detected
243,8.108108,near,1,643.000,584.000,3.321707,11.122870,580.801,434.169,712.633,599.423,0.929199,detected
243,8.108108,far,2,715.000,376.000,4.144074,0.026552,680.650,269.290,763.625,390.502,0.911621,detected
244,8.141475,near,1,645.000,586.000,3.340915,11.181142,582.136,436.141,717.441,601.088,0.935059,detected
244,8.141475,far,2,720.000,382.000,4.204895,0.574532,680.943,269.394,767.706,395.875,0.902832,detected
245,8.174842,near,1,647.000,587.000,3.359507,11.209937,583.695,435.670,723.301,601.983,0.929688,detected
245,8.174842,far,2,729.000,389.000,4.315977,1.192935,682.375,268.675,774.298,402.917,0.852539,detected
246,8.208208,near,1,651.000,585.000,3.394787,11.150699,587.542,432.879,730.739,600.879,0.935059,detected
246,8.208208,far,2,731.000,390.000,4.341071,1.279454,685.734,269.769,778.183,404.656,0.919434,detected
247,8.241575,near,1,658.000,586.000,3.458557,11.178619,589.618,429.445,736.820,601.022,0.934570,detected
247,8.241575,far,2,733.000,394.000,4.360856,1.621846,688.984,275.295,779.034,406.181,0.913574,detected
248,8.274942,near,1,665.000,586.000,3.521881,11.177262,597.178,425.662,745.787,600.505,0.932129,detected
248,8.274942,far,2,735.000,396.000,4.383766,1.790442,691.735,282.617,777.984,407.052,0.903809,detected
249,8.308308,near,1,674.000,589.000,3.603528,11.262763,604.683,421.751,754.585,601.992,0.931641,detected
249,8.308308,far,2,735.000,397.000,4.382008,1.874230,693.804,288.890,777.278,408.096,0.905273,detected
250,8.341675,near,1,683.000,581.000,3.684893,11.026426,617.284,416.149,762.011,596.265,0.910645,detected
250,8.341675,far,2,736.000,396.000,4.396927,1.790338,694.589,292.741,776.079,407.551,0.911133,detected
251,8.375042,near,1,693.000,579.000,3.776435,10.964871,624.214,411.040,768.228,597.839,0.912598,detected
251,8.375042,far,2,735.000,395.000,4.385533,1.706248,695.249,295.458,775.534,407.074,0.908203,detected
252,8.408408,near,1,704.000,568.000,3.881162,10.627550,633.642,407.616,769.134,590.785,0.901367,detected
252,8.408408,far,2,735.000,394.000,4.387309,1.621645,695.069,296.296,775.490,406.777,0.904785,detected
253,8.441775,near,1,711.000,572.000,3.944348,10.749555,637.184,406.491,770.370,594.114,0.913086,detected
253,8.441775,far,2,735.000,396.000,4.383766,1.790442,694.682,296.093,776.163,407.355,0.895020,detected
254,8.475142,near,1,717.000,580.000,3.995190,10.990114,642.016,406.112,771.600,595.935,0.895508,detected
254,8.475142,far,2,733.000,396.000,4.357441,1.790651,693.532,294.306,776.674,407.323,0.903809,detected
255,8.508509,near,1,721.000,581.000,4.031036,11.019102,644.154,406.659,770.381,598.053,0.872559,detected
255,8.508509,far,2,734.000,396.000,4.370604,1.790547,691.771,292.660,776.904,407.923,0.912598,detected
256,8.541875,near,1,726.000,582.000,4.075843,11.047797,643.652,407.555,767.586,599.012,0.901855,detected
256,8.541875,far,2,733.000,396.000,4.357441,1.790651,689.946,290.443,776.889,408.195,0.888184,detected
257,8.575242,near,1,727.000,576.000,4.089279,10.868161,644.436,406.399,766.398,598.111,0.908203,detected
257,8.575242,far,2,731.000,394.000,4.334401,1.622048,688.745,288.587,776.156,407.217,0.891602,detected
258,8.608609,near,1,728.000,572.000,4.101467,10.746313,647.853,405.153,767.687,596.354,0.904785,detected
258,8.608609,far,2,729.000,394.000,4.307943,1.622250,685.736,286.938,773.801,407.452,0.883789,detected
259,8.641975,near,1,731.000,567.000,4.133243,10.591331,651.867,403.448,769.783,593.847,0.898926,detected
259,8.641975,far,2,726.000,393.000,4.269745,1.537520,682.166,285.461,770.207,407.666,0.881836,detected
260,8.675342,near,1,733.000,565.000,4.153584,10.528448,654.504,402.420,772.095,593.896,0.908691,detected
260,8.675342,far,2,722.000,395.000,4.213960,1.707584,676.058,284.756,763.982,408.645,0.880371,detected
261,8.708709,near,1,735.000,562.000,4.174960,10.433506,657.922,400.377,774.879,591.668,0.905762,detected
261,8.708709,far,2,717.000,393.000,4.150344,1.538411,672.611,283.507,759.338,407.320,0.877441,detected
262,8.742075,near,1,740.000,558.000,4.225880,10.304951,662.190,400.283,775.028,584.607,0.891602,detected
262,8.742075,far,2,714.000,399.000,4.103962,2.042913,668.304,283.387,757.191,412.221,0.876465,detected
263,8.775442,near,1,742.000,555.000,4.247890,10.207698,667.674,402.252,774.981,577.338,0.895996,detected
263,8.775442,far,2,709.000,400.000,4.037630,2.126099,664.453,284.391,753.097,414.888,0.863281,detected
264,8.808809,near,1,743.000,556.000,4.256348,10.239916,671.432,404.565,776.478,575.864,0.903809,detected
264,8.808809,far,2,703.000,401.000,3.958573,2.209021,662.284,285.911,748.899,414.429,0.882324,detected
265,8.842176,near,1,745.000,555.000,4.276415,10.207138,674.816,407.235,776.542,572.648,0.896484,detected
265,8.842176,far,2,696.000,405.000,3.865362,2.534972,656.958,287.567,743.963,418.237,0.878418,detected
266,8.875542,near,1,746.000,553.000,4.288135,10.141803,679.468,408.965,781.078,574.323,0.897461,detected
266,8.875542,far,2,692.000,404.000,3.814108,2.454739,656.779,291.270,740.383,417.537,0.864746,detected
267,8.908909,near,1,747.000,550.000,4.301073,10.043033,682.871,409.804,781.977,572.104,0.890137,detected
267,8.908909,far,2,688.000,406.000,3.761833,2.616281,654.438,295.911,735.182,419.777,0.812500,detected
268,8.942276,near,1,748.000,549.000,4.311821,10.009755,684.678,409.889,782.671,571.932,0.892090,detected
268,8.942276,far,2,684.000,409.000,3.709911,2.855555,653.005,300.330,733.382,422.932,0.873047,detected
269,8.975642,near,1,747.000,549.000,4.302213,10.009940,685.877,408.543,783.923,572.503,0.888672,detected
269,8.975642,far,2,684.000,407.000,3.710171,2.696742,651.623,303.864,731.430,424.352,0.776855,detected
270,9.009009,near,1,746.000,554.000,4.287026,10.174434,687.695,405.967,785.695,572.763,0.893555,detected
270,9.009009,far,2,681.000,408.000,3.671568,2.776713,651.498,307.998,730.479,425.115,0.750488,detected
271,9.042376,near,1,746.000,549.000,4.292605,10.010124,687.536,401.880,785.898,572.334,0.907227,detected
271,9.042376,far,2,682.000,408.000,3.684393,2.776587,650.930,310.621,729.670,425.196,0.767090,detected
272,9.075742,near,1,744.000,549.000,4.273389,10.010494,686.415,398.091,785.186,571.925,0.908203,detected
272,9.075742,far,2,682.000,410.000,3.684253,2.934663,644.290,312.375,720.923,425.320,0.792969,detected
273,9.109109,near,1,743.000,541.000,4.272502,9.741660,686.284,393.297,783.351,566.315,0.904297,detected
273,9.109109,far,2,682.000,409.000,3.684323,2.855810,644.855,313.664,719.461,425.034,0.715332,detected
274,9.142476,near,1,741.000,539.000,4.255158,9.673561,686.455,389.235,781.142,559.524,0.895996,detected
274,9.142476,far,2,683.000,407.000,3.697318,2.696866,647.339,315.142,719.728,425.249,0.818848,detected
275,9.175843,near,1,738.000,542.000,4.222749,9.776622,684.348,386.048,780.077,560.438,0.899414,detected
275,9.175843,far,2,683.000,407.000,3.697318,2.696866,654.534,314.890,728.140,425.223,0.830078,detected
276,9.209209,near,1,734.000,545.000,4.181001,9.878778,682.852,383.787,779.219,561.668,0.900879,detected
276,9.209209,far,2,683.000,408.000,3.697217,2.776461,657.553,315.379,732.127,425.688,0.856934,detected
277,9.242576,near,1,731.000,543.000,4.153733,9.811831,683.480,383.130,777.633,558.545,0.901855,detected
277,9.242576,far,2,682.000,410.000,3.684253,2.934663,659.345,314.784,735.278,425.621,0.888184,detected
278,9.275943,near,1,727.000,543.000,4.114866,9.812564,681.970,382.683,775.873,559.249,0.904297,detected
278,9.275943,far,2,682.000,409.000,3.684323,2.855810,659.932,312.798,738.250,425.430,0.818359,detected
279,9.309309,near,1,724.000,542.000,4.086483,9.779181,680.689,383.703,773.072,557.865,0.897461,detected
279,9.309309,far,2,683.000,411.000,3.696919,3.013016,654.964,309.537,733.760,425.837,0.809082,detected
280,9.342676,near,1,723.000,545.000,4.074495,9.880799,678.694,384.163,770.640,557.822,0.908203,detected
280,9.342676,far,2,691.000,410.000,3.799109,2.933499,663.415,306.532,744.186,426.186,0.754883,detected
281,9.376043,near,1,720.000,548.000,4.043367,9.981712,673.650,384.951,767.204,561.263,0.895996,detected
281,9.376043,far,2,698.000,410.000,3.888406,2.932594,668.211,302.781,750.548,426.094,0.878906,detected
282,9.409409,near,1,721.000,552.000,4.050203,10.113699,668.538,384.576,765.207,566.820,0.901367,detected
282,9.409409,far,2,706.000,410.000,3.990422,2.931561,673.148,302.664,754.300,425.696,0.862305,detected
283,9.442776,near,1,720.000,559.000,4.035950,10.340772,663.735,384.880,762.329,570.336,0.921387,detected
283,9.442776,far,2,711.000,410.000,4.054163,2.930915,677.846,298.555,755.680,417.785,0.880859,detected
284,9.476143,near,1,718.000,560.000,4.016421,10.373111,659.208,385.172,759.479,572.954,0.914062,detected
284,9.476143,far,2,707.000,410.000,4.003172,2.931432,682.010,295.283,756.545,410.311,0.800781,detected
285,9.509510,near,1,717.000,560.000,4.006986,10.373299,653.622,384.471,755.596,573.526,0.917480,detected
285,9.509510,far,2,711.000,411.000,4.053230,3.009352,685.160,297.184,759.147,411.642,0.816406,detected
286,9.542876,near,1,712.000,558.000,3.960867,10.310196,647.602,382.681,751.356,573.161,0.917480,detected
286,9.542876,far,2,720.000,413.000,4.165272,3.163928,684.757,299.481,762.112,419.878,0.873047,detected
287,9.576243,near,1,711.000,555.000,3.952952,10.213481,642.967,381.741,747.712,573.000,0.914062,detected
287,9.576243,far,2,725.000,420.000,4.219343,3.697125,685.617,302.291,764.917,426.203,0.857910,detected
288,9.609610,near,1,707.000,556.000,3.914418,10.246642,638.898,378.737,744.838,572.639,0.909180,detected
288,9.609610,far,2,732.000,423.000,4.302019,3.919690,683.414,302.906,767.281,433.682,0.868164,detected
289,9.642976,near,1,705.000,555.000,3.895829,10.214601,636.437,376.079,743.135,572.628,0.910645,detected
289,9.642976,far,2,738.000,422.000,4.377799,3.844620,681.536,304.658,768.026,438.594,0.854492,detected
290,9.676343,near,1,702.000,555.000,3.867263,10.215161,635.763,373.837,742.389,572.471,0.914062,detected
290,9.676343,far,2,740.000,430.000,4.389198,4.428447,682.313,307.566,769.992,441.861,0.812500,detected
291,9.709710,near,1,699.000,553.000,3.839339,10.150546,635.919,372.178,741.864,572.119,0.919434,detected
291,9.709710,far,2,745.000,429.000,4.451775,4.355792,683.321,309.565,774.406,447.256,0.819336,detected
292,9.743076,near,1,696.000,553.000,3.810666,10.151105,636.268,371.450,740.417,570.851,0.911621,detected
292,9.743076,far,2,747.000,435.000,4.465257,4.781888,687.288,314.307,780.203,451.620,0.858398,detected
293,9.776443,near,1,694.000,553.000,3.791549,10.151478,636.859,371.365,739.568,570.639,0.913574,detected
293,9.776443,far,2,746.000,439.000,4.446241,5.060108,691.944,318.092,785.947,454.347,0.883789,detected
294,9.809810,near,1,691.000,553.000,3.762871,10.152037,637.806,373.920,738.097,571.122,0.915039,detected
294,9.809810,far,2,747.000,440.000,4.456404,5.128692,700.171,323.305,792.262,456.001,0.818848,detected
295,9.843177,near,1,690.000,554.000,3.753138,10.184870,638.788,377.917,736.487,572.297,0.915039,detected
295,9.843177,far,2,750.000,437.000,4.497599,4.921023,704.388,328.655,793.971,456.664,0.863770,detected
296,9.876543,near,1,691.000,558.000,3.761930,10.314134,640.022,382.447,735.143,573.450,0.918945,detected
296,9.876543,far,2,752.000,438.000,4.519633,4.990041,706.264,328.974,795.803,456.518,0.853516,detected
297,9.909910,near,1,689.000,556.000,3.743284,10.250009,641.792,388.874,733.447,573.445,0.919434,detected
297,9.909910,far,2,754.000,439.000,4.541568,5.058751,705.047,328.920,795.360,456.540,0.854980,detected
298,9.943277,near,1,688.000,554.000,3.734051,10.185243,643.133,394.301,732.254,573.285,0.918457,detected
298,9.943277,far,2,755.000,439.000,4.553481,5.058582,704.778,327.978,795.953,456.619,0.904785,detected
299,9.976643,near,1,687.000,552.000,3.724752,10.120019,645.998,397.703,732.433,570.608,0.913574,detected
299,9.976643,far,2,756.000,441.000,4.561424,5.195598,705.369,325.014,798.160,456.446,0.870117,detected
300,10.010010,near,1,688.000,552.000,3.734330,10.119833,648.986,399.176,734.143,569.326,0.908203,detected
300,10.010010,far,2,754.000,441.000,4.537702,5.195942,705.167,320.722,799.850,456.050,0.896484,detected
301,10.043377,near,1,690.000,553.000,3.753311,10.152223,650.510,398.703,734.950,567.128,0.915039,detected
301,10.043377,far,2,754.000,439.000,4.541568,5.058751,705.364,316.298,801.215,455.576,0.896484,detected
302,10.076743,near,1,692.000,555.000,3.772019,10.217029,650.952,397.814,735.961,567.347,0.912598,detected
302,10.076743,far,2,754.000,437.000,4.545467,4.920355,705.522,311.938,801.536,455.076,0.896484,detected
303,10.110110,near,1,693.000,554.000,3.781767,10.184310,651.815,397.153,737.360,567.444,0.910645,detected
303,10.110110,far,2,751.000,434.000,4.515244,4.710953,704.040,309.321,798.638,454.850,0.899414,detected
304,10.143477,near,1,693.000,553.000,3.781990,10.151664,653.469,396.006,739.982,567.783,0.905273,detected
304,10.143477,far,2,747.000,435.000,4.465257,4.781888,702.263,308.084,794.139,453.965,0.896484,detected
305,10.176844,near,1,692.000,555.000,3.772019,10.217029,654.474,393.835,742.272,568.778,0.902344,detected
305,10.176844,far,2,743.000,432.000,4.422249,4.570748,700.387,306.901,789.008,451.701,0.877441,detected
306,10.210210,near,1,690.000,558.000,3.752453,10.314322,654.477,391.727,743.479,570.292,0.895996,detected
306,10.210210,far,2,739.000,432.000,4.373825,4.571392,699.535,306.904,784.855,450.246,0.868164,detected
307,10.243577,near,1,688.000,561.000,3.733089,10.410612,654.733,389.791,745.335,573.546,0.893555,detected
307,10.243577,far,2,738.000,432.000,4.361717,4.571553,699.952,308.461,782.510,450.106,0.860840,detected
308,10.276944,near,1,688.000,565.000,3.732549,10.536962,654.305,389.404,745.972,577.860,0.887207,detected
308,10.276944,far,2,737.000,433.000,4.348067,4.642634,700.254,309.790,780.339,449.765,0.872559,detected
309,10.310310,near,1,686.000,565.000,3.713821,10.537340,654.234,390.169,745.525,580.760,0.879883,detected
309,10.310310,far,2,736.000,434.000,4.334477,4.713404,699.605,310.454,778.012,450.202,0.886230,detected
310,10.343677,near,1,685.000,571.000,3.703948,10.723836,653.294,391.872,745.102,586.894,0.869141,detected
310,10.343677,far,2,736.000,434.000,4.334477,4.713404,697.559,308.726,775.546,450.506,0.884277,detected
311,10.377044,near,1,683.000,575.000,3.685200,10.846326,653.037,396.152,743.697,590.876,0.889160,detected
311,10.377044,far,2,735.000,430.000,4.328388,4.429239,696.419,306.745,773.884,450.123,0.886230,detected
312,10.410410,near,1,682.000,578.000,3.675885,10.937022,651.474,400.900,741.211,596.854,0.907715,detected
312,10.410410,far,2,733.000,430.000,4.304060,4.429556,695.493,304.455,771.526,447.577,0.888672,detected
313,10.443777,near,1,683.000,586.000,3.684642,11.173772,652.506,406.620,741.436,602.437,0.902344,detected
313,10.443777,far,2,732.000,428.000,4.294755,4.285628,693.834,301.445,768.583,444.691,0.883301,detected
314,10.477144,near,1,686.000,589.000,3.711477,11.260430,655.184,411.588,742.058,602.795,0.896484,detected
314,10.477144,far,2,730.000,424.000,4.275892,3.993841,692.187,297.964,766.279,443.184,0.876465,detected
315,10.510511,near,1,688.000,594.000,3.728851,11.403536,656.399,415.062,743.808,607.233,0.906250,detected
315,10.510511,far,2,728.000,425.000,4.249880,4.067664,689.214,293.657,762.750,440.238,0.882324,detected
316,10.543877,near,1,691.000,597.000,3.755116,11.487924,657.887,416.086,746.803,611.217,0.910645,detected
316,10.543877,far,2,725.000,422.000,4.216774,3.846535,687.451,290.442,759.855,437.518,0.891113,detected
317,10.577244,near,1,694.000,603.000,3.780510,11.654815,660.244,417.394,751.180,617.564,0.904297,detected
317,10.577244,far,2,721.000,418.000,4.171916,3.546908,685.412,288.219,756.262,434.750,0.866699,detected
318,10.610611,near,1,693.000,608.000,3.770785,11.792121,661.263,419.232,754.924,625.489,0.903809,detected
318,10.610611,far,2,718.000,415.000,4.137722,3.318514,684.054,286.097,753.320,431.261,0.896484,detected
319,10.643977,near,1,691.000,616.000,3.752100,12.007391,661.974,425.242,756.542,632.052,0.913086,detected
319,10.643977,far,2,715.000,415.000,4.099934,3.318925,681.701,285.438,749.620,430.629,0.865234,detected
320,10.677344,near,1,691.000,620.000,3.751488,12.112804,662.095,430.242,757.241,636.139,0.925293,detected
320,10.677344,far,2,711.000,415.000,4.049542,3.319473,680.855,285.184,747.739,430.657,0.880859,detected
321,10.710711,near,1,691.000,619.000,3.751640,12.086576,662.223,432.774,757.910,637.410,0.930664,detected
321,10.710711,far,2,709.000,416.000,4.023490,3.396386,680.475,284.868,746.652,431.002,0.881836,detected
322,10.744077,near,1,690.000,619.000,3.743072,12.086774,662.336,433.216,759.156,638.451,0.935059,detected
322,10.744077,far,2,708.000,419.000,4.008469,3.624338,680.830,285.584,745.867,431.106,0.888184,detected
323,10.777444,near,1,693.000,620.000,3.768597,12.112407,663.478,432.238,761.288,639.001,0.922363,detected
323,10.777444,far,2,706.000,411.000,3.989639,3.010006,680.285,286.480,744.104,430.904,0.873047,detected
324,10.810811,near,1,697.000,618.000,3.803279,12.059072,665.956,428.405,765.063,639.093,0.913574,detected
324,10.810811,far,2,705.000,411.000,3.976918,3.010137,680.626,287.149,743.576,430.865,0.873047,detected
325,10.844178,near,1,702.000,613.000,3.847695,11.925274,668.440,427.380,767.131,638.468,0.913574,detected
325,10.844178,far,2,703.000,410.000,3.952171,2.931948,680.818,287.721,742.851,430.598,0.870605,detected
326,10.877544,near,1,712.000,612.000,3.934593,11.896482,671.622,414.249,774.622,638.961,0.882324,detected
326,10.877544,far,2,700.000,410.000,3.913914,2.932336,681.756,288.108,742.950,429.672,0.870605,detected
327,10.910911,near,1,719.000,609.000,3.996820,11.814149,676.582,405.743,781.877,639.661,0.881836,detected
327,10.910911,far,2,699.000,411.000,3.900585,3.010922,681.651,288.279,742.394,428.925,0.863281,detected
328,10.944278,near,1,727.000,610.000,4.065730,11.839639,682.458,404.469,786.758,639.169,0.880371,detected
328,10.944278,far,2,698.000,410.000,3.888406,2.932594,680.853,288.005,741.305,427.603,0.883301,detected
329,10.977644,near,1,733.000,613.000,4.115607,11.919142,689.296,417.402,788.447,640.834,0.891602,detected
329,10.977644,far,2,696.000,411.000,3.862409,3.011314,679.180,287.848,739.485,426.280,0.879883,detected
330,11.011011,near,1,738.000,623.000,4.150923,12.181645,693.061,426.383,790.028,642.954,0.912598,detected
330,11.011011,far,2,693.000,407.000,3.825828,2.695623,676.834,287.091,737.164,423.458,0.883301,detected
331,11.044378,near,1,744.000,629.000,4.196851,12.334632,697.448,431.423,796.586,649.113,0.917969,detected
331,11.044378,far,2,691.000,406.000,3.800475,2.615913,673.270,285.246,734.477,421.865,0.895020,detected
332,11.077744,near,1,750.000,636.000,4.241028,12.509731,700.989,436.366,803.729,657.279,0.923828,detected
332,11.077744,far,2,689.000,402.000,3.775861,2.292498,670.829,283.723,732.402,419.030,0.911621,detected
333,11.111111,near,1,752.000,643.000,4.251299,12.681890,704.728,443.537,809.460,663.100,0.930664,detected
333,11.111111,far,2,687.000,402.000,3.749852,2.292730,667.398,282.532,729.672,417.512,0.902344,detected
334,11.144478,near,1,753.000,649.000,4.254097,12.826714,713.571,449.396,822.695,667.755,0.932617,detected
334,11.144478,far,2,685.000,401.000,3.724006,2.211072,663.539,282.043,726.778,416.497,0.905762,detected
335,11.177845,near,1,754.000,654.000,4.257741,12.945388,722.077,455.988,834.761,668.816,0.921387,detected
335,11.177845,far,2,684.000,400.000,3.711104,2.128902,659.287,282.318,723.492,415.456,0.910645,detected
336,11.211211,near,1,757.000,650.000,4.285815,12.849826,728.435,460.935,844.405,669.348,0.931152,detected
336,11.211211,far,2,683.000,399.000,3.698139,2.046333,654.819,283.095,720.137,414.333,0.910645,detected
337,11.244578,near,1,759.000,649.000,4.303092,12.825507,727.696,463.145,846.667,669.419,0.929199,detected
337,11.244578,far,2,681.000,398.000,3.671977,1.963471,650.406,284.487,717.211,413.464,0.910645,detected
338,11.277945,near,1,761.000,653.000,4.315459,12.920343,724.303,461.324,846.220,669.054,0.928711,detected
338,11.277945,far,2,679.000,398.000,3.645707,1.963687,646.355,286.173,715.272,413.626,0.913086,detected
339,11.311311,near,1,760.000,653.000,4.307343,12.920546,718.796,457.551,843.157,668.692,0.926758,detected
339,11.311311,far,2,677.000,400.000,3.619603,2.129687,642.741,289.321,713.269,413.517,0.909180,detected
340,11.344678,near,1,758.000,648.000,4.295888,12.801719,711.069,452.296,836.650,668.059,0.923828,detected
340,11.344678,far,2,675.000,400.000,3.593454,2.129912,639.679,291.576,712.445,413.741,0.911621,detected
341,11.378045,near,1,756.000,647.000,4.280473,12.778060,705.359,447.709,830.581,666.347,0.925293,detected
341,11.378045,far,2,675.000,401.000,3.593601,2.212212,639.169,298.746,711.730,414.148,0.909180,detected
342,11.411411,near,1,752.000,646.000,4.248602,12.754730,700.755,445.280,824.347,665.351,0.929199,detected
342,11.411411,far,2,673.000,401.000,3.567512,2.212440,638.235,304.244,711.311,414.345,0.899902,detected
343,11.444778,near,1,746.000,646.000,4.199375,12.755937,695.268,442.500,817.725,665.064,0.930176,detected
343,11.444778,far,2,673.000,401.000,3.567512,2.212440,637.618,307.620,712.083,414.222,0.900391,detected
344,11.478145,near,1,740.000,645.000,4.150886,12.732935,689.690,442.073,809.681,664.498,0.925293,detected
344,11.478145,far,2,673.000,400.000,3.567303,2.130136,636.292,307.855,713.628,413.906,0.900391,detected
345,11.511512,near,1,732.000,646.000,4.084475,12.758752,685.024,444.246,802.954,665.660,0.927734,detected
345,11.511512,far,2,673.000,401.000,3.567512,2.212440,634.666,305.555,716.032,413.518,0.906738,detected
346,11.544878,near,1,726.000,648.000,4.034073,12.808158,682.046,447.909,797.158,665.507,0.940430,detected
346,11.544878,far,2,675.000,400.000,3.593454,2.129912,632.866,301.845,718.780,413.033,0.911621,detected
347,11.578245,near,1,723.000,652.000,4.007394,12.904298,678.561,452.501,791.746,666.557,0.936523,detected
347,11.578245,far,2,676.000,400.000,3.606529,2.129800,631.628,296.309,722.723,412.584,0.906738,detected
348,11.611612,near,1,721.000,655.000,3.989617,12.975608,675.431,459.418,786.546,668.495,0.937988,detected
348,11.611612,far,2,680.000,401.000,3.658812,2.211642,631.989,292.039,726.802,412.428,0.907227,detected
349,11.644978,near,1,719.000,655.000,3.973412,12.976011,672.716,464.046,782.306,669.333,0.933594,detected
349,11.644978,far,2,686.000,400.000,3.737241,2.128677,635.089,289.073,731.612,412.385,0.899902,detected
350,11.678345,near,1,720.000,655.000,3.981515,12.975809,669.959,465.479,779.225,669.322,0.930664,detected
350,11.678345,far,2,686.000,398.000,3.737639,1.962928,636.975,286.830,733.924,412.243,0.915039,detected
351,11.711712,near,1,719.000,650.000,3.975800,12.857479,666.624,463.354,775.997,666.992,0.893066,detected
351,11.711712,far,2,687.000,398.000,3.750770,1.962819,637.623,286.135,734.890,413.322,0.909668,detected
352,11.745078,near,1,717.000,645.000,3.961774,12.737559,664.156,457.848,776.788,666.386,0.922852,detected
352,11.745078,far,2,688.000,402.000,3.762857,2.292614,636.785,286.321,734.651,415.147,0.908691,detected
353,11.778445,near,1,715.000,640.000,3.947534,12.615808,662.116,452.867,776.662,664.877,0.930176,detected
353,11.778445,far,2,690.000,401.000,3.789185,2.210502,634.991,285.933,734.333,417.464,0.910156,detected
354,11.811812,near,1,711.000,634.000,3.916772,12.467551,657.066,447.564,771.468,660.907,0.917969,detected
354,11.811812,far,2,689.000,402.000,3.775861,2.292498,632.980,286.508,733.850,420.163,0.916504,detected
355,11.845179,near,1,705.000,631.000,3.867554,12.393186,649.908,441.727,764.154,658.118,0.907227,detected
355,11.845179,far,2,689.000,404.000,3.775285,2.455097,630.817,287.663,732.255,422.172,0.908203,detected
356,11.878545,near,1,697.000,621.000,3.802580,12.137758,640.005,436.443,747.911,643.553,0.871582,detected
356,11.878545,far,2,690.000,406.000,3.787595,2.616036,629.694,289.253,730.951,423.700,0.909668,detected
357,11.911912,near,1,690.000,616.000,3.743491,12.007589,634.079,431.731,739.466,636.659,0.905273,detected
357,11.911912,far,2,688.000,409.000,3.761079,2.855044,630.051,292.200,729.540,424.193,0.902832,detected
358,11.945279,near,1,682.000,614.000,3.674671,11.955966,629.416,427.628,735.133,637.500,0.907227,detected
358,11.945279,far,2,689.000,409.000,3.773869,2.854917,631.111,294.970,728.673,424.280,0.900879,detected
359,11.978645,near,1,674.000,612.000,3.605396,11.904001,626.206,424.543,729.610,634.206,0.916992,detected
359,11.978645,far,2,689.000,408.000,3.774150,2.775705,632.207,296.153,728.817,424.286,0.909668,detected
360,12.012012,near,1,666.000,607.000,3.535088,11.770201,624.696,422.535,724.619,629.069,0.919434,detected
360,12.012012,far,2,690.000,409.000,3.786659,2.854789,633.727,297.293,729.490,424.409,0.912598,detected
361,12.045379,near,1,659.000,606.000,3.473608,11.744244,620.831,421.876,718.554,626.371,0.917969,detected
361,12.045379,far,2,690.000,407.000,3.787282,2.695996,635.014,297.204,730.180,424.077,0.915527,detected
362,12.078745,near,1,651.000,606.000,3.403548,11.745822,614.385,422.645,710.195,623.466,0.927734,detected
362,12.078745,far,2,690.000,407.000,3.787282,2.695996,636.029,296.369,731.047,423.863,0.914062,detected
363,12.112112,near,1,644.000,608.000,3.343229,11.801797,604.094,424.957,699.819,623.927,0.919434,detected
363,12.112112,far,2,689.000,407.000,3.774431,2.696120,635.900,293.769,731.876,423.840,0.916504,detected
364,12.145479,near,1,639.000,612.000,3.301820,11.910934,594.950,427.598,690.920,624.771,0.925293,detected
364,12.145479,far,2,687.000,407.000,3.748729,2.696369,636.366,291.515,732.791,424.032,0.919434,detected
365,12.178846,near,1,636.000,609.000,3.273967,11.830545,588.319,428.917,685.387,624.603,0.924316,detected
365,12.178846,far,2,685.000,406.000,3.723186,2.616649,636.815,291.079,731.730,423.532,0.912109,detected
366,12.212212,near,1,633.000,606.000,3.245842,11.749374,583.875,427.433,683.467,624.329,0.924805,detected
366,12.212212,far,2,683.000,405.000,3.697520,2.536544,635.846,290.922,729.053,422.763,0.909180,detected
367,12.245579,near,1,634.000,600.000,3.250713,11.583261,581.410,424.195,683.115,622.150,0.919922,detected
367,12.245579,far,2,681.000,403.000,3.671770,2.374931,633.870,291.512,725.096,421.613,0.904785,detected
368,12.278946,near,1,632.000,593.000,3.228173,11.385957,577.264,420.375,678.649,614.990,0.897461,detected
368,12.278946,far,2,678.000,403.000,3.632833,2.375284,631.653,292.244,721.085,420.462,0.900879,detected
369,12.312312,near,1,627.000,582.000,3.174753,11.066914,567.079,416.896,669.409,611.210,0.906250,detected
369,12.312312,far,2,676.000,404.000,3.606986,2.456647,628.402,293.668,716.888,420.032,0.894043,detected
370,12.345679,near,1,618.000,579.000,3.089849,10.979320,558.572,414.655,656.224,599.468,0.836426,detected
370,12.345679,far,2,676.000,405.000,3.607099,2.537391,626.873,295.706,714.542,420.021,0.898926,detected
371,12.379046,near,1,611.000,580.000,3.026731,11.010550,544.761,411.565,642.937,594.866,0.895020,detected
371,12.379046,far,2,674.000,406.000,3.581432,2.617999,625.717,297.107,713.187,420.024,0.900391,detected
372,12.412412,near,1,602.000,578.000,2.941947,10.952424,530.456,408.487,629.146,593.319,0.860840,detected
372,12.412412,far,2,674.000,406.000,3.581432,2.617999,624.792,297.614,712.692,419.889,0.894531,detected
373,12.445779,near,1,596.000,578.000,2.886818,10.953582,518.793,405.343,618.657,592.441,0.911621,detected
373,12.445779,far,2,673.000,406.000,3.568541,2.618122,623.980,297.714,712.488,419.844,0.890137,detected
374,12.479146,near,1,590.000,578.000,2.831677,10.954739,509.775,401.109,611.144,591.948,0.908203,detected
374,12.479146,far,2,673.000,405.000,3.568337,2.537754,622.482,295.449,713.116,419.975,0.894531,detected
375,12.512513,near,1,587.000,575.000,2.799787,10.864754,501.964,397.399,604.536,591.442,0.908203,detected
375,12.512513,far,2,672.000,405.000,3.555415,2.537875,621.278,293.604,713.350,419.816,0.894531,detected
376,12.545879,near,1,576.000,570.000,2.689980,10.713857,494.849,393.537,598.873,590.504,0.912109,detected
376,12.545879,far,2,670.000,406.000,3.529865,2.618490,620.310,293.608,712.465,419.830,0.899414,detected
377,12.579246,near,1,567.000,554.000,2.576638,10.207865,492.348,390.327,591.182,576.860,0.905762,detected
377,12.579246,far,2,666.000,403.000,3.477029,2.376695,617.975,292.621,710.196,419.627,0.909668,detected
378,12.612613,near,1,560.000,554.000,2.509523,10.209177,486.041,388.086,589.010,581.536,0.898926,detected
378,12.612613,far,2,664.000,402.000,3.450567,2.295394,613.514,291.263,704.496,417.361,0.900391,detected
379,12.645979,near,1,552.000,552.000,2.428494,10.145192,481.680,386.474,585.458,579.871,0.901855,detected
379,12.645979,far,2,660.000,402.000,3.398482,2.295857,607.456,290.046,697.687,416.363,0.899902,detected
380,12.679346,near,1,545.000,550.000,2.356532,10.080550,477.854,386.538,581.218,577.646,0.914551,detected
380,12.679346,far,2,654.000,402.000,3.320336,2.296553,601.801,289.175,691.814,416.994,0.898926,detected
381,12.712713,near,1,540.000,549.000,2.305831,10.048330,476.684,387.596,578.775,575.485,0.910645,detected
381,12.712713,far,2,648.000,402.000,3.242166,2.297248,597.699,288.792,687.623,418.939,0.888672,detected
382,12.746079,near,1,543.000,537.000,2.306218,9.640601,477.690,389.946,577.240,573.347,0.901367,detected
382,12.746079,far,2,643.000,404.000,3.179277,2.460587,592.891,288.662,683.406,421.655,0.897461,detected
383,12.779446,near,1,532.000,541.000,2.207868,9.780297,474.886,393.852,572.017,570.639,0.916016,detected
383,12.779446,far,2,638.000,406.000,3.116967,2.622421,590.851,289.469,679.938,422.131,0.865723,detected
384,12.812813,near,1,527.000,548.000,2.177326,10.017478,469.046,397.759,565.224,568.297,0.924805,detected
384,12.812813,far,2,634.000,403.000,3.061096,2.380462,587.526,292.622,673.476,421.175,0.895020,detected
385,12.846180,near,1,527.000,546.000,2.172065,9.950576,462.960,401.550,558.701,565.799,0.926758,detected
385,12.846180,far,2,630.000,408.000,3.016660,2.783149,583.262,296.131,666.829,420.797,0.880371,detected
386,12.879546,near,1,524.000,544.000,2.137445,9.883750,456.230,405.498,551.377,562.366,0.930176,detected
386,12.879546,far,2,625.000,411.000,2.957292,3.020620,577.785,300.670,659.007,421.370,0.846680,detected
387,12.912913,near,1,522.000,544.000,2.117896,9.884120,451.653,406.912,546.681,558.294,0.811523,detected
387,12.912913,far,2,621.000,407.000,2.899137,2.704588,572.867,304.352,651.773,421.072,0.833496,detected
388,12.946280,near,1,521.000,536.000,2.085686,9.609880,461.835,407.089,554.018,554.005,0.750000,detected
388,12.946280,far,2,618.000,412.000,2.869721,3.099760,563.978,307.699,642.864,423.426,0.815918,detected
389,12.979646,near,1,518.000,533.000,2.047187,9.505451,452.891,405.349,546.398,549.647,0.903320,detected
389,12.979646,far,2,615.000,414.000,2.835309,3.255519,560.505,308.725,641.025,426.368,0.815430,detected
390,13.013013,near,1,515.000,527.000,1.999154,9.292553,453.544,402.061,547.747,545.570,0.868164,detected
390,13.013013,far,2,615.000,416.000,2.839098,3.409442,554.271,309.270,637.316,428.861,0.913574,detected
391,13.046380,near,1,516.000,521.000,1.990833,9.074158,457.914,398.244,551.980,542.476,0.895020,detected
391,13.046380,far,2,610.000,414.000,2.771864,3.256200,549.367,308.074,635.110,430.056,0.908691,detected
392,13.079746,near,1,516.000,519.000,1.984606,9.000331,460.542,394.406,554.749,540.747,0.907227,detected
392,13.079746,far,2,610.000,417.000,2.777975,3.486575,545.578,307.012,633.132,430.687,0.896484,detected
393,13.113113,near,1,515.000,516.000,1.964884,8.888722,461.080,390.725,554.355,537.931,0.908203,detected
393,13.113113,far,2,607.000,421.000,2.748529,3.789266,541.764,304.806,631.404,430.822,0.900391,detected
394,13.146480,near,1,515.000,515.000,1.961698,8.851180,461.139,386.958,554.495,536.714,0.907715,detected
394,13.146480,far,2,605.000,421.000,2.723550,3.789560,537.770,300.218,630.763,431.616,0.890137,detected
395,13.179847,near,1,513.000,516.000,1.944295,8.889072,461.183,384.039,554.061,535.793,0.904785,detected
395,13.179847,far,2,602.000,420.000,2.683857,3.714945,531.896,298.675,625.637,431.687,0.893066,detected
396,13.213213,near,1,512.000,518.000,1.940452,8.963913,461.523,382.999,553.676,536.683,0.895020,detected
396,13.213213,far,2,597.000,419.000,2.618873,3.640265,525.859,298.494,619.584,432.381,0.867676,detected
397,13.246580,near,1,511.000,519.000,1.933423,9.001212,460.595,381.679,552.415,538.101,0.903809,detected
397,13.246580,far,2,593.000,421.000,2.573627,3.791322,521.000,299.414,614.202,434.022,0.879883,detected
398,13.279947,near,1,510.000,518.000,1.919939,8.964264,456.844,379.687,549.216,539.133,0.902344,detected
398,13.279947,far,2,584.000,422.000,2.463853,3.867382,513.585,301.317,606.769,436.729,0.873047,detected
399,13.313313,near,1,509.000,522.000,1.922671,9.112107,453.173,378.564,546.952,541.412,0.903809,detected
399,13.313313,far,2,576.000,427.000,2.378608,4.237257,509.387,304.014,602.236,438.716,0.875488,detected
400,13.346680,near,1,507.000,522.000,1.902308,9.112462,450.633,376.651,546.200,541.632,0.908691,detected
400,13.346680,far,2,573.000,426.000,2.338623,4.164649,513.986,305.606,605.111,439.577,0.694336,detected
401,13.380047,near,1,507.000,527.000,1.918464,9.293986,449.280,374.153,547.805,543.300,0.913086,detected
401,13.380047,far,2,569.000,429.000,2.298355,4.383521,517.075,308.742,605.482,440.428,0.878906,detected
402,13.413413,near,1,510.000,528.000,1.951866,9.329351,448.632,371.857,549.479,544.244,0.906738,detected
402,13.413413,far,2,566.000,430.000,2.264619,4.456099,515.346,310.338,605.702,447.114,0.886230,detected
403,13.446780,near,1,513.000,531.000,1.991251,9.435730,449.133,369.637,552.260,544.773,0.910645,detected
403,13.446780,far,2,571.000,429.000,2.322926,4.383205,509.287,313.567,599.306,449.419,0.901367,detected
404,13.480147,near,1,518.000,530.000,2.038345,9.399320,451.177,367.728,556.031,544.996,0.915039,detected
404,13.480147,far,2,572.000,435.000,2.352765,4.810820,507.080,316.162,594.673,448.823,0.915039,detected
405,13.513514,near,1,523.000,529.000,2.085603,9.362783,452.709,365.800,558.478,544.959,0.890137,detected
405,13.513514,far,2,567.000,435.000,2.292156,4.811651,506.084,321.955,589.931,448.232,0.878418,detected
406,13.546880,near,1,527.000,530.000,2.128580,9.397697,454.627,364.040,560.923,544.818,0.909180,detected
406,13.546880,far,2,555.000,447.000,2.185738,5.636172,499.535,327.329,578.422,448.514,0.721191,detected
407,13.580247,near,1,531.000,530.000,2.168675,9.396976,457.712,363.011,564.574,545.757,0.918945,detected
407,13.580247,far,2,547.000,448.000,2.094576,5.704247,491.591,331.360,567.538,448.563,0.260498,detected
408,13.613614,near,1,535.000,532.000,2.214044,9.467128,462.073,363.625,568.955,547.528,0.908203,detected
408,13.613614,far,,551.000,447.000,2.138475,5.636894,,,,,0.000000,tracked
409,13.646980,near,1,541.000,534.000,2.278968,9.536394,465.589,363.504,572.419,549.337,0.900391,detected
409,13.646980,far,,554.000,448.000,2.177115,5.702976,,,,,0.000000,tracked
410,13.680347,near,1,546.000,534.000,2.328693,9.535486,472.516,366.594,577.360,550.869,0.891602,detected
410,13.680347,far,,557.000,450.000,2.218674,5.834815,,,,,0.000000,tracked
411,13.713714,near,1,554.000,533.000,2.405962,9.498928,485.563,370.666,584.896,548.345,0.890625,detected
411,13.713714,far,,560.000,453.000,2.262846,6.030710,,,,,0.000000,tracked
412,13.747080,near,1,558.000,537.000,2.454541,9.637865,491.657,378.282,586.522,549.227,0.892578,detected
412,13.747080,far,,563.000,457.000,2.309301,6.288189,,,,,0.000000,tracked
413,13.780447,near,1,561.000,532.000,2.473514,9.462427,499.018,382.429,589.615,546.236,0.898926,detected
413,13.780447,far,14,521.000,465.000,1.853828,6.600255,504.710,331.121,555.001,467.332,0.509766,detected
414,13.813814,near,1,562.000,533.000,2.485622,9.497479,506.889,387.278,596.994,549.927,0.916504,detected
414,13.813814,far,14,523.000,453.000,1.831057,6.037631,502.434,328.420,553.036,465.010,0.740234,detected
415,13.847181,near,1,565.000,530.000,2.509229,9.390854,512.647,388.711,602.318,549.969,0.901367,detected
415,13.847181,far,14,522.000,447.000,1.795567,5.642130,499.174,323.980,549.891,459.808,0.813477,detected
416,13.880547,near,1,571.000,539.000,2.586881,9.704561,516.807,391.345,606.589,551.846,0.899414,detected
416,13.880547,far,14,530.000,444.000,1.878688,5.438993,496.145,320.664,549.451,461.604,0.838379,detected
417,13.913914,near,1,578.000,538.000,2.653984,9.668812,520.219,392.411,610.895,552.102,0.895020,detected
417,13.913914,far,14,532.000,442.000,1.894839,5.302712,496.749,315.779,551.545,458.825,0.862305,detected
418,13.947281,near,1,581.000,540.000,2.687054,9.737077,522.560,396.047,613.708,552.611,0.912109,detected
418,13.947281,far,14,533.000,446.000,1.921943,5.573207,499.678,312.246,554.553,454.165,0.875488,detected
419,13.980647,near,1,583.000,540.000,2.706701,9.736711,522.625,396.039,616.383,554.082,0.918457,detected
419,13.980647,far,14,533.000,440.000,1.899122,5.165420,503.528,310.363,558.610,451.601,0.868652,detected
420,14.014014,near,1,584.000,543.000,2.721557,9.838820,523.018,397.127,619.057,556.035,0.916016,detected
420,14.014014,far,14,532.000,439.000,1.883225,5.096580,505.794,309.062,561.866,451.217,0.873047,detected
421,14.047381,near,1,585.000,540.000,2.726345,9.736344,525.361,395.481,623.309,556.034,0.903320,detected
421,14.047381,far,14,534.000,436.000,1.895687,4.887373,507.594,304.940,565.519,450.009,0.882324,detected
422,14.080747,near,1,582.000,541.000,2.698597,9.771114,528.279,394.670,627.182,556.292,0.901367,detected
422,14.080747,far,14,536.000,435.000,1.916066,4.816801,508.440,303.302,567.774,449.706,0.875977,detected
423,14.114114,near,1,580.000,544.000,2.684211,9.873411,532.330,392.904,633.401,559.913,0.898926,detected
423,14.114114,far,14,537.000,432.000,1.916636,4.604045,510.532,299.314,571.325,446.891,0.877441,detected
424,14.147481,near,1,579.000,553.000,2.689960,10.172940,534.150,392.149,639.739,570.225,0.895996,detected
424,14.147481,far,14,541.000,434.000,1.973031,4.745427,512.648,296.462,575.228,446.036,0.878906,detected
425,14.180848,near,1,578.000,559.000,2.690526,10.367486,538.230,392.883,643.574,574.396,0.896973,detected
425,14.180848,far,14,546.000,431.000,2.022964,4.531098,516.613,294.325,579.662,442.738,0.894043,detected
426,14.214214,near,1,580.000,564.000,2.717670,10.526000,540.989,393.850,645.318,577.775,0.896484,detected
426,14.214214,far,14,550.000,428.000,2.061235,4.314078,522.979,294.280,586.043,440.770,0.870605,detected
427,14.247581,near,1,582.000,566.000,2.739657,10.588412,544.466,394.346,647.233,579.424,0.888184,detected
427,14.247581,far,14,557.000,425.000,2.137237,4.093688,532.438,296.382,594.941,440.107,0.878418,detected
428,14.280948,near,1,585.000,564.000,2.764749,10.525051,548.133,393.259,649.872,581.516,0.881836,detected
428,14.280948,far,14,566.000,422.000,2.239226,3.870053,541.104,297.995,602.420,437.072,0.869629,detected
429,14.314314,near,1,592.000,558.000,2.822035,10.332739,553.965,392.339,652.378,580.154,0.877930,detected
429,14.314314,far,14,568.000,425.000,2.273654,4.092007,546.112,297.679,608.642,438.621,0.856934,detected
430,14.347681,near,1,594.000,564.000,2.849469,10.523343,555.936,394.005,655.049,590.213,0.848633,detected
430,14.347681,far,14,569.000,427.000,2.292232,4.238346,550.414,295.967,615.058,440.372,0.844727,detected
431,14.381048,near,1,599.000,570.000,2.904283,10.709459,557.489,397.393,655.106,598.940,0.830566,detected
431,14.381048,far,14,573.000,429.000,2.347495,4.382888,555.298,293.395,621.561,440.512,0.870605,detected
432,14.414414,near,1,602.000,580.000,2.944337,11.012288,560.945,396.627,657.862,604.614,0.848633,detected
432,14.414414,far,14,579.000,423.000,2.404330,3.942529,556.971,292.116,623.080,440.043,0.756348,detected
433,14.447781,near,1,607.000,584.000,2.994542,11.129848,565.523,396.170,661.307,608.511,0.875977,detected
433,14.447781,far,14,591.000,421.000,2.548632,3.791615,562.941,290.913,629.281,438.561,0.872559,detected
434,14.481148,near,1,610.000,589.000,3.027048,11.275219,570.248,400.612,663.379,610.741,0.866699,detected
434,14.481148,far,14,595.000,420.000,2.596200,3.715963,567.623,291.438,633.727,437.962,0.869141,detected
435,14.514515,near,1,613.000,588.000,3.053105,11.245638,573.915,402.123,665.741,610.617,0.875977,detected
435,14.514515,far,14,604.000,422.000,2.713212,3.864416,572.507,292.407,637.926,436.496,0.884766,detected
436,14.547881,near,1,617.000,591.000,3.092021,11.331561,576.340,401.122,668.763,610.304,0.885254,detected
436,14.547881,far,14,606.000,421.000,2.736040,3.789413,576.444,294.397,640.485,434.125,0.891602,detected
437,14.581248,near,1,620.000,591.000,3.118976,11.330976,578.889,406.755,670.598,611.630,0.869141,detected
437,14.581248,far,14,610.000,417.000,2.777975,3.486575,579.749,295.479,642.970,431.697,0.880859,detected
438,14.614615,near,1,622.000,597.000,3.142008,11.501440,582.637,417.620,673.366,614.289,0.895020,detected
438,14.614615,far,14,614.000,412.000,2.818737,3.100292,583.494,295.978,645.350,428.106,0.869629,detected
439,14.647981,near,1,626.000,599.000,3.179139,11.556866,583.142,416.858,678.489,618.335,0.882812,detected
439,14.647981,far,14,617.000,409.000,2.851351,2.864123,586.620,294.371,648.191,425.244,0.839844,detected
440,14.681348,near,1,629.000,604.000,3.209352,11.695214,586.778,428.384,682.420,623.702,0.924316,detected
440,14.681348,far,14,621.000,410.000,2.904451,2.942563,587.088,292.358,649.619,425.989,0.852051,detected
441,14.714715,near,1,636.000,613.000,3.276385,11.938352,588.295,436.469,685.795,630.793,0.901855,detected
441,14.714715,far,14,626.000,412.000,2.971660,3.098696,590.409,289.929,654.175,426.026,0.878906,detected
442,14.748081,near,1,637.000,628.000,3.293649,12.330508,593.316,444.206,694.937,641.588,0.924316,detected
442,14.748081,far,14,630.000,407.000,3.015154,2.703466,593.950,288.402,658.453,425.383,0.880859,detected
443,14.781448,near,1,639.000,636.000,3.314793,12.531988,604.330,450.300,709.952,647.476,0.923828,detected
443,14.781448,far,14,635.000,405.000,3.076857,2.542358,597.485,287.646,661.862,423.628,0.892578,detected
444,14.814815,near,1,646.000,639.000,3.374588,12.605016,612.714,456.216,719.849,650.388,0.935059,detected
444,14.814815,far,14,640.000,404.000,3.140359,2.460946,601.881,287.259,666.351,421.446,0.903809,detected
445,14.848182,near,1,649.000,637.000,3.398765,12.554867,616.992,460.198,724.091,651.578,0.918457,detected
445,14.848182,far,14,644.000,402.000,3.190039,2.297712,608.202,288.011,672.798,419.533,0.893066,detected
446,14.881548,near,1,655.000,637.000,3.448823,12.553661,618.502,461.579,725.500,651.849,0.922852,detected
446,14.881548,far,14,649.000,403.000,3.256147,2.378695,614.438,288.903,679.641,417.440,0.896973,detected
447,14.914915,near,1,654.000,638.000,3.440807,12.578672,616.162,460.716,722.271,651.805,0.921875,detected
447,14.914915,far,14,652.000,402.000,3.294282,2.296785,620.436,291.282,686.955,416.867,0.895996,detected
448,14.948282,near,1,655.000,636.000,3.448508,12.528775,612.098,457.621,717.110,651.807,0.914062,detected
448,14.948282,far,14,654.000,402.000,3.320336,2.296553,623.719,293.120,692.128,416.139,0.901855,detected
449,14.981648,near,1,656.000,635.000,3.456559,12.503612,609.827,452.883,714.551,651.563,0.901367,detected
449,14.981648,far,14,656.000,403.000,3.347121,2.377872,625.193,296.768,694.982,416.072,0.896973,detected
450,15.015015,near,1,654.000,634.000,3.439493,12.478974,609.115,447.696,713.815,650.958,0.905762,detected
450,15.015015,far,14,656.000,403.000,3.347121,2.377872,624.922,298.253,697.167,416.398,0.902344,detected
451,15.048382,near,1,653.000,633.000,3.430768,12.454059,608.695,441.656,713.531,649.942,0.907227,detected
451,15.048382,far,14,657.000,403.000,3.360115,2.377754,623.611,296.024,700.033,416.700,0.903320,detected
452,15.081748,near,1,652.000,629.000,3.420936,12.353015,608.157,437.208,711.438,647.526,0.910156,detected
452,15.081748,far,14,661.000,406.000,3.413804,2.619595,624.369,294.268,703.479,416.481,0.903809,detected
453,15.115115,near,1,648.000,628.000,3.386733,12.328307,607.473,434.424,708.734,645.963,0.912598,detected
453,15.115115,far,14,670.000,402.000,3.528674,2.294698,630.078,292.744,709.617,414.935,0.876465,detected
454,15.148482,near,1,645.000,626.000,3.360437,12.277654,606.616,433.080,704.823,643.909,0.909180,detected
454,15.148482,far,14,680.000,404.000,3.658782,2.456170,639.654,291.455,718.930,414.311,0.866699,detected
455,15.181849,near,1,641.000,627.000,3.326993,12.304120,605.730,432.581,701.547,642.800,0.909668,detected
455,15.181849,far,14,690.000,403.000,3.788544,2.373874,649.518,290.410,729.523,415.814,0.882812,detected
456,15.215215,near,1,637.000,627.000,3.293088,12.304920,604.799,433.257,698.728,642.351,0.910156,detected
456,15.215215,far,14,699.000,406.000,3.903490,2.614933,657.838,289.887,737.623,416.401,0.876953,detected
457,15.248582,near,1,636.000,626.000,3.284036,12.279452,604.750,435.657,696.618,642.868,0.911621,detected
457,15.248582,far,14,705.000,405.000,3.981497,2.533884,665.858,289.631,745.652,417.493,0.891113,detected
458,15.281949,near,1,636.000,627.000,3.284611,12.305120,604.830,438.921,694.572,642.904,0.911621,detected
458,15.281949,far,14,708.000,408.000,4.017619,2.773312,671.681,290.112,750.613,417.710,0.848145,detected
459,15.315315,near,1,635.000,627.000,3.276134,12.305320,605.313,441.653,693.346,643.184,0.916504,detected
459,15.315315,far,14,710.000,407.000,4.044150,2.693510,675.861,290.523,754.060,417.945,0.875977,detected
460,15.348682,near,1,634.000,628.000,3.268257,12.331109,605.322,442.590,692.350,643.273,0.915039,detected
460,15.348682,far,14,711.000,409.000,4.055099,2.852110,677.329,290.121,755.058,418.041,0.899902,detected
461,15.382049,near,1,633.000,627.000,3.259179,12.305720,604.224,441.777,690.806,643.291,0.911133,detected
461,15.382049,far,14,711.000,408.000,4.056041,2.772935,678.128,289.482,755.377,417.800,0.887695,detected
462,15.415415,near,1,634.000,624.000,3.265845,12.228275,603.281,439.036,689.637,641.864,0.908203,detected
462,15.415415,far,14,712.000,405.000,4.071789,2.533038,679.240,287.692,756.592,417.290,0.887207,detected
463,15.448782,near,1,634.000,623.000,3.265237,12.202367,601.427,436.924,687.454,641.457,0.911621,detected
463,15.448782,far,14,712.000,397.000,4.079842,1.876680,682.407,284.768,760.208,415.550,0.884766,detected
464,15.482149,near,1,633.000,620.000,3.254831,12.124350,599.777,434.851,685.343,640.875,0.912598,detected
464,15.482149,far,14,713.000,395.000,4.095112,1.708509,683.332,281.982,760.435,413.063,0.891113,detected
465,15.515516,near,1,632.000,617.000,3.244326,12.045592,597.798,432.941,682.688,639.803,0.908203,detected
465,15.515516,far,14,715.000,392.000,4.124949,1.453140,685.143,277.416,762.145,410.010,0.880859,detected
466,15.548882,near,1,631.000,616.000,3.235052,12.019305,594.879,430.533,678.668,636.568,0.909668,detected
466,15.548882,far,14,716.000,390.000,4.140625,1.280850,687.243,272.341,763.948,407.186,0.894043,detected
467,15.582249,near,1,630.000,612.000,3.223701,11.912718,590.831,427.370,674.762,634.778,0.912598,detected
467,15.582249,far,14,719.000,388.000,4.183322,1.106691,690.714,269.194,766.223,405.440,0.882324,detected
468,15.615616,near,1,629.000,607.000,3.211495,11.777507,587.935,424.652,671.637,632.283,0.912109,detected
468,15.615616,far,14,723.000,385.000,4.241385,0.842302,694.100,268.000,767.041,403.967,0.872559,detected
469,15.648982,near,1,628.000,603.000,3.199826,11.667803,586.026,421.252,669.394,628.386,0.914551,detected
469,15.648982,far,14,728.000,383.000,4.312289,0.663689,698.654,268.000,768.353,402.248,0.849121,detected
470,15.682349,near,1,628.000,599.000,3.196871,11.556473,585.363,417.317,668.611,624.248,0.915527,detected
470,15.682349,far,14,732.000,378.000,4.375655,0.210040,703.438,268.000,769.519,400.010,0.837402,detected
471,15.715716,near,1,628.000,595.000,3.193877,11.443686,586.341,413.759,669.201,620.036,0.916992,detected
471,15.715716,far,14,735.000,376.000,4.420809,0.025292,707.018,268.000,770.209,398.075,0.827637,detected
472,15.749082,near,1,628.000,594.000,3.193122,11.415259,587.927,410.068,670.031,615.237,0.924316,detected
472,15.749082,far,14,738.000,378.000,4.458212,0.209634,709.400,268.000,770.329,396.689,0.838867,detected
473,15.782449,near,1,629.000,592.000,3.200573,11.357928,589.474,407.116,670.917,611.364,0.924316,detected
473,15.782449,far,14,740.000,377.000,4.487831,0.117472,711.699,268.000,771.020,395.796,0.808105,detected
474,15.815816,near,1,631.000,593.000,3.219222,11.386152,591.234,404.166,672.142,608.282,0.918945,detected
474,15.815816,far,14,741.000,378.000,4.499481,0.209432,715.926,268.000,773.411,393.944,0.813477,detected
475,15.849183,near,1,633.000,590.000,3.235060,11.299637,593.030,401.079,673.798,606.074,0.916016,detected
475,15.849183,far,14,741.000,379.000,4.497352,0.300993,717.799,268.000,774.367,391.873,0.812988,detected
476,15.882549,near,1,635.000,588.000,3.251722,11.241358,595.199,399.292,675.801,605.046,0.910156,detected
476,15.882549,far,14,744.000,380.000,4.536288,0.391878,722.473,268.000,777.997,390.728,0.826660,detected
477,15.915916,near,1,638.000,587.000,3.278172,11.211685,597.433,398.139,677.997,604.746,0.909180,detected
477,15.915916,far,14,745.000,377.000,4.556776,0.117146,726.487,268.000,781.452,389.930,0.791016,detected
478,15.949283,near,1,638.000,588.000,3.278794,11.240774,599.415,397.718,679.954,604.715,0.903809,detected
478,15.949283,far,14,745.000,377.000,4.556776,0.117146,727.937,268.103,782.559,389.976,0.808105,detected
479,15.982649,near,1,639.000,587.000,3.287210,11.211492,600.087,397.641,680.755,604.495,0.893066,detected
479,15.982649,far,14,746.000,375.000,4.575226,0.000000,728.918,268.017,783.457,390.044,0.861328,detected
480,16.016016,near,1,640.000,585.000,3.295057,11.152831,602.860,398.112,683.046,603.770,0.900879,detected
480,16.016016,far,14,749.000,372.000,4.624197,0.000000,729.885,268.000,784.133,389.899,0.829102,detected
481,16.049383,near,1,641.000,582.000,3.302369,11.064206,604.408,398.218,684.084,602.281,0.903809,detected
481,16.049383,far,14,749.000,371.000,4.626691,0.000000,730.376,268.000,784.068,389.956,0.822266,detected
482,16.082749,near,1,642.000,582.000,3.311482,11.064013,606.581,397.819,685.538,599.216,0.906738,detected
482,16.082749,far,14,750.000,368.000,4.648354,0.000000,731.347,268.030,784.225,389.657,0.810547,detected
483,16.116116,near,1,644.000,582.000,3.329707,11.063626,607.608,397.081,686.955,598.699,0.911133,detected
483,16.116116,far,14,752.000,368.000,4.676561,0.000000,732.429,268.196,784.546,388.364,0.827637,detected
484,16.149483,near,1,645.000,580.000,3.337761,11.003986,609.252,395.568,689.007,597.568,0.915527,detected
484,16.149483,far,14,754.000,368.000,4.704765,0.000000,733.852,268.413,784.639,385.621,0.851074,detected
485,16.182850,near,1,648.000,580.000,3.365187,11.003407,610.480,394.191,690.804,596.917,0.919434,detected
485,16.182850,far,14,755.000,367.000,4.721631,0.000000,734.313,268.145,784.590,384.272,0.836426,detected
486,16.216216,near,1,649.000,580.000,3.374328,11.003215,610.698,393.009,691.650,596.302,0.923828,detected
486,16.216216,far,14,757.000,369.000,4.744242,0.000000,736.382,268.341,786.003,383.743,0.818848,detected
487,16.249583,near,1,649.000,581.000,3.374797,11.032987,610.886,392.113,692.350,595.555,0.920898,detected
487,16.249583,far,14,758.000,368.000,4.761164,0.000000,739.360,268.564,788.219,383.659,0.838867,detected
488,16.282950,near,1,650.000,580.000,3.383469,11.003022,611.064,391.325,692.999,595.182,0.916504,detected
488,16.282950,far,14,760.000,366.000,4.795270,0.000000,743.497,268.152,791.051,382.592,0.792969,detected
489,16.316316,near,1,649.000,580.000,3.374328,11.003215,611.331,390.647,693.540,594.946,0.917969,detected
489,16.316316,far,14,764.000,363.000,4.861372,0.000000,746.742,268.002,792.568,380.941,0.789062,detected
490,16.349683,near,1,649.000,580.000,3.374328,11.003215,611.358,390.150,693.753,595.183,0.916992,detected
490,16.349683,far,14,766.000,363.000,4.889927,0.000000,749.415,268.024,793.815,380.508,0.756836,detected
491,16.383050,near,1,648.000,580.000,3.365187,11.003407,611.437,389.932,693.703,595.311,0.917969,detected
491,16.383050,far,14,768.000,363.000,4.918479,0.000000,753.286,268.396,795.838,378.307,0.823242,detected
492,16.416416,near,1,647.000,580.000,3.356045,11.003601,611.195,389.747,693.333,595.678,0.915039,detected
492,16.416416,far,14,771.000,363.000,4.961300,0.000000,754.762,268.559,796.392,377.599,0.753418,detected
493,16.449783,near,1,647.000,580.000,3.356045,11.003601,611.096,389.924,692.584,595.562,0.915039,detected
493,16.449783,far,14,773.000,362.000,4.993357,0.000000,757.726,268.387,798.628,376.372,0.842773,detected
494,16.483150,near,1,647.000,579.000,3.355544,10.973728,610.971,389.740,691.779,595.544,0.910156,detected
494,16.483150,far,14,776.000,363.000,5.032654,0.000000,760.315,268.235,801.263,375.815,0.833496,detected
495,16.516517,near,1,647.000,579.000,3.355544,10.973728,610.300,389.486,690.220,595.560,0.917480,detected
495,16.516517,far,14,779.000,362.000,5.079195,0.000000,763.417,268.145,805.107,375.720,0.826660,detected
496,16.549883,near,1,648.000,579.000,3.364701,10.973536,609.895,389.132,688.767,595.303,0.914062,detected
496,16.549883,far,14,780.000,361.000,5.097293,0.000000,766.117,268.097,808.837,375.508,0.837402,detected
497,16.583250,near,1,647.000,579.000,3.355544,10.973728,609.606,389.235,687.347,595.508,0.915039,detected
497,16.583250,far,14,780.000,361.000,5.097293,0.000000,767.372,268.010,811.524,375.535,0.850098,detected
498,16.616617,near,1,647.000,579.000,3.355544,10.973728,608.583,388.446,685.309,595.035,0.914062,detected
498,16.616617,far,14,781.000,360.000,5.115486,0.000000,768.955,268.265,814.661,375.931,0.861328,detected
499,16.649983,near,1,646.000,579.000,3.346386,10.973921,608.055,388.026,683.693,594.729,0.909180,detected
499,16.649983,far,14,783.000,359.000,5.148190,0.000000,769.424,268.363,816.355,376.107,0.868652,detected
500,16.683350,near,1,646.000,577.000,3.345348,10.913874,606.376,387.179,681.032,594.203,0.902344,detected
500,16.683350,far,14,784.000,358.000,5.166612,0.000000,770.038,268.562,816.948,374.201,0.863281,detected
501,16.716717,near,1,646.000,576.000,3.344826,10.883698,605.191,386.455,678.900,593.878,0.895020,detected
501,16.716717,far,14,787.000,358.000,5.209963,0.000000,769.535,268.619,815.988,372.572,0.848145,detected
502,16.750083,near,1,646.000,574.000,3.343778,10.823041,604.245,385.636,676.930,592.919,0.896484,detected
502,16.750083,far,14,790.000,359.000,5.249069,0.000000,769.148,268.496,815.678,372.067,0.820801,detected
503,16.783450,near,1,645.000,572.000,3.333455,10.762162,603.490,384.924,674.930,591.012,0.897461,detected
503,16.783450,far,14,791.000,358.000,5.267753,0.000000,768.956,268.308,815.495,371.550,0.832031,detected
504,16.816817,near,1,645.000,569.000,3.331810,10.669775,602.429,384.395,673.299,590.594,0.903320,detected
504,16.816817,far,14,793.000,358.000,5.296643,0.000000,769.991,268.363,816.498,371.171,0.861328,detected
505,16.850184,near,1,645.000,569.000,3.331810,10.669775,601.382,384.006,671.690,589.608,0.904297,detected
505,16.850184,far,14,795.000,357.000,5.329982,0.000000,770.255,268.116,816.898,371.129,0.835449,detected
506,16.883550,near,1,643.000,568.000,3.312597,10.639150,598.831,384.096,668.757,588.122,0.904297,detected
506,16.883550,far,14,797.000,356.000,5.363496,0.000000,770.485,268.025,816.826,369.925,0.849121,detected
507,16.916917,near,1,642.000,568.000,3.303266,10.639339,597.788,383.869,667.236,586.163,0.909668,detected
507,16.916917,far,14,798.000,355.000,5.382630,0.000000,771.009,268.000,817.412,370.071,0.826660,detected
508,16.950284,near,1,640.000,568.000,3.284603,10.639720,596.237,383.590,665.630,584.886,0.921875,detected
508,16.950284,far,14,798.000,352.000,5.396628,0.000000,771.932,268.053,817.972,369.649,0.842773,detected
509,16.983650,near,1,639.000,568.000,3.275271,10.639911,594.840,383.432,664.220,583.586,0.919922,detected
509,16.983650,far,,798.000,352.000,5.396628,0.000000,,,,,0.000000,tracked
510,17.017017,near,1,638.000,567.000,3.265273,10.608987,593.649,383.106,663.309,582.278,0.924316,detected
510,17.017017,far,,798.000,352.000,5.396628,0.000000,,,,,0.000000,tracked
511,17.050384,near,1,637.000,567.000,3.255924,10.609177,592.061,382.429,662.490,581.541,0.912598,detected
511,17.050384,far,,798.000,352.000,5.396628,0.000000,,,,,0.000000,tracked
512,17.083750,near,1,634.000,566.000,3.227143,10.578526,590.767,382.191,662.117,581.302,0.917480,detected
512,17.083750,far,,798.000,352.000,5.396628,0.000000,,,,,0.000000,tracked
513,17.117117,near,1,631.000,568.000,3.200602,10.641434,589.338,381.692,662.156,581.675,0.912598,detected
513,17.117117,far,,798.000,352.000,5.396628,0.000000,,,,,0.000000,tracked
514,17.150484,near,1,629.000,565.000,3.179493,10.548144,587.923,381.520,661.996,581.847,0.916016,detected
514,17.150484,far,,798.000,352.000,5.396628,0.000000,,,,,0.000000,tracked
515,17.183851,near,1,624.000,566.000,3.133466,10.580425,586.155,381.187,661.549,581.656,0.917480,detected
515,17.183851,far,,798.000,352.000,5.396628,0.000000,,,,,0.000000,tracked
516,17.217217,near,1,622.000,568.000,3.116575,10.643148,584.549,381.006,661.265,581.750,0.918457,detected
516,17.217217,far,,798.000,352.000,5.396628,0.000000,,,,,0.000000,tracked
517,17.250584,near,1,619.000,567.000,3.087589,10.612601,583.232,380.598,661.382,582.092,0.917480,detected
517,17.250584,far,,797.000,352.000,5.381954,0.000000,,,,,0.000000,tracked
518,17.283951,near,1,619.000,566.000,3.086616,10.581375,582.520,380.457,661.718,581.672,0.914062,detected
518,17.283951,far,,796.000,352.000,5.367280,0.000000,,,,,0.000000,tracked
519,17.317317,near,1,616.000,567.000,3.059523,10.613172,580.865,380.064,661.321,581.813,0.912109,detected
519,17.317317,far,14,807.000,352.000,5.528656,0.000000,780.009,268.540,823.140,364.542,0.849121,detected
520,17.350684,near,1,616.000,565.000,3.057476,10.550612,579.412,380.070,660.934,581.882,0.909180,detected
520,17.350684,far,14,806.000,352.000,5.513989,0.000000,780.184,268.663,823.630,364.700,0.854980,detected
521,17.384051,near,1,615.000,563.000,3.045994,10.487810,578.409,379.590,661.029,581.495,0.907715,detected
521,17.384051,far,,805.000,352.000,5.499322,0.000000,,,,,0.000000,tracked
522,17.417417,near,1,614.000,562.000,3.035504,10.456340,576.261,378.994,659.781,581.078,0.902832,detected
522,17.417417,far,,805.000,352.000,5.499322,0.000000,,,,,0.000000,tracked
523,17.450784,near,1,613.000,558.000,3.021690,10.328787,573.299,378.357,657.273,579.939,0.906738,detected
523,17.450784,far,,805.000,352.000,5.499322,0.000000,,,,,0.000000,tracked
524,17.484151,near,1,613.000,557.000,3.020586,10.296573,573.669,378.130,657.187,579.096,0.900391,detected
524,17.484151,far,,805.000,352.000,5.499322,0.000000,,,,,0.000000,tracked
525,17.517518,near,1,611.000,558.000,3.002681,10.329163,572.450,377.633,655.757,578.084,0.902832,detected
525,17.517518,far,,805.000,352.000,5.499322,0.000000,,,,,0.000000,tracked
526,17.550884,near,1,610.000,557.000,2.992023,10.297136,570.605,377.319,652.702,576.015,0.905762,detected
526,17.550884,far,,805.000,352.000,5.499322,0.000000,,,,,0.000000,tracked
527,17.584251,near,1,607.000,554.000,2.959822,10.200376,568.758,377.501,649.366,574.259,0.903809,detected
527,17.584251,far,,805.000,352.000,5.499322,0.000000,,,,,0.000000,tracked
528,17.617618,near,1,604.000,558.000,2.936142,10.330480,566.824,377.155,646.026,573.201,0.906250,detected
528,17.617618,far,,805.000,352.000,5.499322,0.000000,,,,,0.000000,tracked
529,17.650984,near,1,603.000,556.000,2.924091,10.266122,564.238,377.038,641.897,572.408,0.897949,detected
529,17.650984,far,,805.000,352.000,5.499322,0.000000,,,,,0.000000,tracked
530,17.684351,near,1,599.000,557.000,2.887267,10.299203,561.558,376.293,637.615,571.573,0.903320,detected
530,17.684351,far,,805.000,352.000,5.499322,0.000000,,,,,0.000000,tracked
