frame,time_s,role,track_id,x_px,y_px,court_x_m,court_y_m,bbox_x1,bbox_y1,bbox_x2,bbox_y2,confidence,source
0,0.000000,near,1,602.000,553.000,2.814654,9.546108,583.733,381.139,660.243,569.621,0.900205,detected
0,0.000000,far,2,731.000,400.000,4.047012,0.161006,701.465,286.000,751.495,417.788,0.855756,detected
1,0.033367,near,1,602.000,552.000,2.812799,9.508282,584.181,381.046,660.660,569.415,0.899599,detected
1,0.033367,far,2,731.000,400.000,4.047012,0.161006,701.248,286.000,751.408,418.158,0.853989,detected
2,0.066733,near,1,602.000,551.000,2.810938,9.470336,584.176,381.109,660.473,568.971,0.899235,detected
2,0.066733,far,2,731.000,400.000,4.047012,0.161006,700.969,286.000,751.162,418.286,0.850485,detected
3,0.100100,near,1,601.000,552.000,2.803350,9.508653,584.003,381.178,660.355,569.117,0.899674,detected
3,0.100100,far,2,731.000,400.000,4.047012,0.161006,700.899,286.000,751.093,418.330,0.849559,detected
4,0.133467,near,1,601.000,551.000,2.801474,9.470709,583.998,381.193,660.487,569.264,0.899140,detected
4,0.133467,far,2,731.000,400.000,4.047012,0.161006,700.899,286.000,751.076,418.327,0.850331,detected
5,0.166834,near,1,601.000,550.000,2.799592,9.432645,583.779,381.173,660.434,569.457,0.899291,detected
5,0.166834,far,2,731.000,400.000,4.047012,0.161006,700.903,286.000,751.055,418.310,0.852218,detected
6,0.200200,near,1,601.000,551.000,2.801474,9.470709,583.275,380.953,660.355,570.133,0.898209,detected
6,0.200200,far,2,731.000,400.000,4.047012,0.161006,700.855,286.000,750.898,418.139,0.853050,detected
7,0.233567,near,1,601.000,551.000,2.801474,9.470709,582.824,380.845,660.184,570.688,0.897491,detected
7,0.233567,far,2,731.000,400.000,4.047012,0.161006,700.856,286.000,750.807,418.016,0.857286,detected
8,0.266934,near,1,601.000,552.000,2.803350,9.508653,582.118,380.633,659.949,571.712,0.899112,detected
8,0.266934,far,2,731.000,400.000,4.047012,0.161006,700.899,286.000,750.716,417.844,0.855801,detected
9,0.300300,near,1,601.000,553.000,2.805220,9.546478,581.613,380.847,659.545,572.344,0.899819,detected
9,0.300300,far,2,731.000,400.000,4.047012,0.161006,700.956,286.000,750.661,417.718,0.853842,detected
10,0.333667,near,1,600.000,555.000,2.799537,9.622142,581.313,380.473,659.298,572.379,0.896260,detected
10,0.333667,far,2,731.000,400.000,4.047012,0.161006,701.067,286.000,750.677,417.594,0.854165,detected
11,0.367034,near,1,600.000,556.000,2.801404,9.659613,580.998,380.514,659.020,572.530,0.896020,detected
11,0.367034,far,2,731.000,400.000,4.047012,0.161006,701.077,286.000,750.598,417.532,0.854456,detected
12,0.400400,near,1,601.000,557.000,2.812642,9.696603,580.383,380.774,658.252,572.952,0.898681,detected
12,0.400400,far,2,731.000,399.000,4.047115,0.072065,701.206,286.000,750.479,416.801,0.848822,detected
13,0.433767,near,1,601.000,558.000,2.814483,9.733842,579.751,380.872,657.566,573.398,0.897369,detected
13,0.433767,far,2,731.000,399.000,4.047115,0.072065,701.276,286.000,750.487,416.601,0.848983,detected
14,0.467134,near,1,601.000,559.000,2.816318,9.770966,579.430,381.170,656.907,573.296,0.898150,detected
14,0.467134,far,2,731.000,399.000,4.047115,0.072065,701.397,286.000,750.565,416.513,0.854875,detected
15,0.500501,near,1,601.000,560.000,2.818148,9.807974,578.853,381.830,655.995,573.543,0.903702,detected
15,0.500501,far,2,731.000,399.000,4.047115,0.072065,701.491,286.000,750.636,416.477,0.854445,detected
16,0.533867,near,1,601.000,560.000,2.818148,9.807974,578.122,382.191,654.914,573.585,0.906035,detected
16,0.533867,far,2,731.000,399.000,4.047115,0.072065,701.512,286.000,750.651,416.473,0.858274,detected
17,0.567234,near,1,601.000,560.000,2.818148,9.807974,577.726,382.610,654.167,573.562,0.904909,detected
17,0.567234,far,2,731.000,399.000,4.047115,0.072065,701.404,286.000,750.487,416.414,0.858283,detected
18,0.600601,near,1,601.000,560.000,2.818148,9.807974,577.318,382.771,653.513,573.576,0.903641,detected
18,0.600601,far,2,731.000,400.000,4.047012,0.161006,701.414,286.000,750.622,416.886,0.857682,detected
19,0.633967,near,1,601.000,560.000,2.818148,9.807974,576.272,383.099,651.935,573.537,0.903918,detected
19,0.633967,far,2,731.000,400.000,4.047012,0.161006,701.295,286.000,750.554,417.084,0.859560,detected
20,0.667334,near,1,601.000,560.000,2.818148,9.807974,575.905,383.592,651.181,573.544,0.905535,detected
20,0.667334,far,2,731.000,400.000,4.047012,0.161006,701.212,286.000,750.491,417.144,0.862037,detected
21,0.700701,near,1,601.000,560.000,2.818148,9.807974,575.672,384.376,650.319,573.495,0.904695,detected
21,0.700701,far,2,731.000,399.000,4.047115,0.072065,701.193,286.000,750.443,417.138,0.863092,detected
22,0.734067,near,1,601.000,561.000,2.819972,9.844869,575.344,385.021,649.537,573.507,0.905439,detected
22,0.734067,far,2,731.000,400.000,4.047012,0.161006,700.976,286.000,750.268,417.192,0.860621,detected
23,0.767434,near,1,601.000,561.000,2.819972,9.844869,574.943,385.658,648.678,573.617,0.901377,detected
23,0.767434,far,2,731.000,399.000,4.047115,0.072065,700.876,286.000,750.189,417.200,0.866960,detected
24,0.800801,near,1,601.000,562.000,2.821790,9.881649,574.738,385.923,648.138,573.671,0.899389,detected
24,0.800801,far,2,730.000,398.000,4.034680,0.000000,701.034,286.000,750.194,416.714,0.867817,detected
25,0.834168,near,1,601.000,561.000,2.819972,9.844869,574.857,386.457,647.809,573.539,0.899032,detected
25,0.834168,far,2,731.000,399.000,4.047115,0.072065,700.935,286.000,750.257,417.117,0.869945,detected
26,0.867534,near,1,601.000,561.000,2.819972,9.844869,574.958,386.777,647.550,573.441,0.899359,detected
26,0.867534,far,2,731.000,399.000,4.047115,0.072065,700.756,286.000,750.177,417.243,0.868545,detected
27,0.900901,near,1,603.000,560.000,2.836813,9.807253,574.768,387.117,647.051,573.700,0.897230,detected
27,0.900901,far,2,731.000,399.000,4.047115,0.072065,700.557,286.000,750.039,417.177,0.875231,detected
28,0.934268,near,1,603.000,560.000,2.836813,9.807253,574.839,387.266,646.878,573.809,0.895607,detected
28,0.934268,far,2,730.000,399.000,4.034603,0.073017,700.559,286.000,750.084,417.112,0.875378,detected
29,0.967634,near,1,603.000,560.000,2.836813,9.807253,574.740,387.347,646.471,573.840,0.892169,detected
29,0.967634,far,2,730.000,399.000,4.034603,0.073017,700.334,286.000,749.969,417.122,0.871455,detected
30,1.001001,near,1,602.000,560.000,2.827480,9.807613,574.497,387.362,645.912,573.830,0.896524,detected
30,1.001001,far,2,730.000,399.000,4.034603,0.073017,699.843,286.000,749.703,417.259,0.874269,detected
31,1.034368,near,1,602.000,560.000,2.827480,9.807613,574.372,387.346,645.453,573.800,0.894905,detected
31,1.034368,far,2,730.000,399.000,4.034603,0.073017,699.578,286.000,749.603,417.278,0.869671,detected
32,1.067734,near,1,602.000,560.000,2.827480,9.807613,574.067,387.227,644.732,573.790,0.894275,detected
32,1.067734,far,2,730.000,400.000,4.034525,0.161953,699.329,286.000,749.714,417.779,0.877657,detected
33,1.101101,near,1,602.000,560.000,2.827480,9.807613,574.016,387.223,644.278,573.762,0.894346,detected
33,1.101101,far,2,730.000,400.000,4.034525,0.161953,699.192,286.000,749.936,418.409,0.876141,detected
34,1.134468,near,1,602.000,560.000,2.827480,9.807613,574.127,387.490,643.922,573.771,0.894200,detected
34,1.134468,far,2,730.000,401.000,4.034449,0.250522,699.089,286.000,750.239,419.144,0.872449,detected
35,1.167835,near,1,602.000,560.000,2.827480,9.807613,574.121,387.617,643.515,573.780,0.893795,detected
35,1.167835,far,2,730.000,401.000,4.034449,0.250522,699.525,286.000,750.916,419.417,0.867527,detected
36,1.201201,near,1,602.000,560.000,2.827480,9.807613,574.269,387.612,643.306,573.740,0.891845,detected
36,1.201201,far,2,730.000,401.000,4.034449,0.250522,699.357,286.000,751.044,419.438,0.868004,detected
37,1.234568,near,1,602.000,560.000,2.827480,9.807613,574.610,388.043,643.221,573.701,0.891765,detected
37,1.234568,far,2,730.000,402.000,4.034372,0.338726,699.319,286.000,751.501,420.190,0.860767,detected
38,1.267935,near,1,602.000,561.000,2.829290,9.844509,574.589,387.740,643.016,573.719,0.890775,detected
38,1.267935,far,2,730.000,402.000,4.034372,0.338726,699.410,286.000,751.899,420.372,0.871109,detected
39,1.301301,near,1,602.000,560.000,2.827480,9.807613,574.883,388.032,642.971,573.728,0.890492,detected
39,1.301301,far,2,730.000,402.000,4.034372,0.338726,699.488,286.000,752.373,420.720,0.873615,detected
40,1.334668,near,1,602.000,561.000,2.829290,9.844509,574.960,387.785,642.880,573.652,0.889381,detected
40,1.334668,far,2,730.000,402.000,4.034372,0.338726,699.903,286.000,753.151,420.787,0.880808,detected
41,1.368035,near,1,602.000,560.000,2.827480,9.807613,575.033,387.719,642.768,573.650,0.888763,detected
41,1.368035,far,2,730.000,402.000,4.034372,0.338726,700.255,286.000,754.042,421.137,0.880463,detected
42,1.401401,near,1,602.000,562.000,2.831094,9.881290,575.497,387.878,642.868,573.280,0.892008,detected
42,1.401401,far,2,731.000,403.000,4.046706,0.425634,700.585,286.000,754.933,421.241,0.878592,detected
43,1.434768,near,1,602.000,562.000,2.831094,9.881290,575.701,387.892,642.870,573.147,0.890500,detected
43,1.434768,far,2,731.000,403.000,4.046706,0.425634,700.502,286.000,755.356,421.371,0.876888,detected
44,1.468135,near,1,602.000,562.000,2.831094,9.881290,576.100,387.969,643.045,573.091,0.890183,detected
44,1.468135,far,2,731.000,404.000,4.046605,0.513119,700.832,286.000,756.310,421.447,0.887687,detected
45,1.501502,near,1,601.000,562.000,2.821790,9.881649,576.377,388.177,643.145,573.331,0.889385,detected
45,1.501502,far,2,731.000,403.000,4.046706,0.425634,701.418,286.000,757.567,421.031,0.896557,detected
46,1.534868,near,1,601.000,562.000,2.821790,9.881649,576.545,388.328,643.133,573.401,0.889663,detected
46,1.534868,far,2,731.000,403.000,4.046706,0.425634,701.570,286.264,758.431,420.868,0.898850,detected
47,1.568235,near,1,601.000,562.000,2.821790,9.881649,576.894,388.404,643.306,573.427,0.889439,detected
47,1.568235,far,2,730.000,403.000,4.034296,0.426568,701.675,287.709,758.956,420.732,0.897497,detected
48,1.601602,near,1,601.000,562.000,2.821790,9.881649,577.103,388.438,643.384,573.461,0.888467,detected
48,1.601602,far,2,730.000,404.000,4.034220,0.514049,701.551,288.656,759.557,420.786,0.895177,detected
49,1.634968,near,1,601.000,561.000,2.819972,9.844869,577.433,388.401,643.574,573.459,0.887184,detected
49,1.634968,far,2,730.000,405.000,4.034144,0.601173,701.263,290.043,759.934,420.836,0.901029,detected
50,1.668335,near,1,601.000,561.000,2.819972,9.844869,577.452,388.398,643.418,573.451,0.888149,detected
50,1.668335,far,2,730.000,404.000,4.034220,0.514049,700.897,291.078,760.340,420.863,0.896713,detected
51,1.701702,near,1,601.000,562.000,2.821790,9.881649,577.656,388.352,643.469,573.430,0.889823,detected
51,1.701702,far,2,731.000,404.000,4.046605,0.513119,700.698,292.878,760.614,420.861,0.891796,detected
52,1.735068,near,1,601.000,562.000,2.821790,9.881649,577.895,388.309,643.619,573.442,0.891110,detected
52,1.735068,far,2,730.000,404.000,4.034220,0.514049,700.559,293.935,761.279,420.784,0.896163,detected
53,1.768435,near,1,601.000,562.000,2.821790,9.881649,578.155,388.335,643.754,573.439,0.891588,detected
53,1.768435,far,2,730.000,405.000,4.034144,0.601173,700.248,294.913,761.859,420.904,0.896797,detected
54,1.801802,near,1,601.000,562.000,2.821790,9.881649,578.234,388.340,643.755,573.455,0.891699,detected
54,1.801802,far,2,730.000,405.000,4.034144,0.601173,699.695,295.606,762.178,420.848,0.895734,detected
55,1.835169,near,1,601.000,561.000,2.819972,9.844869,578.301,388.569,643.741,573.848,0.890528,detected
55,1.835169,far,2,731.000,405.000,4.046504,0.600247,699.116,296.717,762.298,420.880,0.896036,detected
56,1.868535,near,1,601.000,562.000,2.821790,9.881649,578.368,388.461,643.651,573.565,0.890782,detected
56,1.868535,far,2,730.000,405.000,4.034144,0.601173,698.473,297.380,762.464,420.813,0.897351,detected
57,1.901902,near,1,601.000,562.000,2.821790,9.881649,578.803,388.396,644.041,573.470,0.892328,detected
57,1.901902,far,2,731.000,405.000,4.046504,0.600247,697.748,298.011,762.576,420.876,0.897160,detected
58,1.935269,near,1,601.000,562.000,2.821790,9.881649,578.881,388.304,644.091,573.457,0.891473,detected
58,1.935269,far,2,730.000,405.000,4.034144,0.601173,697.104,298.191,762.881,420.884,0.898249,detected
59,1.968635,near,1,601.000,561.000,2.819972,9.844869,579.024,388.273,644.202,573.440,0.891208,detected
59,1.968635,far,2,731.000,405.000,4.046504,0.600247,696.677,298.186,763.169,420.677,0.894611,detected
60,2.002002,near,1,601.000,562.000,2.821790,9.881649,579.534,388.265,644.765,573.267,0.895154,detected
60,2.002002,far,2,731.000,406.000,4.046403,0.687020,695.923,298.013,763.208,420.473,0.902997,detected
61,2.035369,near,1,601.000,562.000,2.821790,9.881649,579.701,388.294,645.004,573.204,0.894658,detected
61,2.035369,far,2,730.000,406.000,4.034070,0.687940,695.174,297.994,763.349,420.655,0.901596,detected
62,2.068735,near,1,601.000,562.000,2.821790,9.881649,579.747,388.266,645.132,573.179,0.895332,detected
62,2.068735,far,2,730.000,406.000,4.034070,0.687940,694.460,297.966,763.414,420.775,0.902054,detected
63,2.102102,near,1,601.000,562.000,2.821790,9.881649,579.649,387.899,645.201,573.165,0.895235,detected
63,2.102102,far,2,731.000,406.000,4.046403,0.687020,693.968,297.990,763.595,420.843,0.900791,detected
64,2.135469,near,1,601.000,562.000,2.821790,9.881649,579.690,388.133,645.184,573.177,0.894025,detected
64,2.135469,far,2,731.000,406.000,4.046403,0.687020,693.521,297.870,763.800,420.866,0.902788,detected
65,2.168836,near,1,601.000,562.000,2.821790,9.881649,579.685,388.220,645.169,573.191,0.894027,detected
65,2.168836,far,2,731.000,406.000,4.046403,0.687020,693.118,297.496,764.114,420.904,0.904045,detected
66,2.202202,near,1,601.000,562.000,2.821790,9.881649,579.662,387.902,645.285,573.199,0.896676,detected
66,2.202202,far,2,731.000,406.000,4.046403,0.687020,692.659,297.316,764.196,420.846,0.905184,detected
67,2.235569,near,1,601.000,562.000,2.821790,9.881649,579.738,387.774,645.444,573.200,0.897319,detected
67,2.235569,far,2,731.000,406.000,4.046403,0.687020,692.344,297.193,764.362,420.831,0.904933,detected
68,2.268936,near,1,601.000,562.000,2.821790,9.881649,579.685,387.795,645.406,573.197,0.896142,detected
68,2.268936,far,2,730.000,406.000,4.034070,0.687940,692.030,297.000,764.566,420.831,0.908741,detected
69,2.302302,near,1,601.000,562.000,2.821790,9.881649,579.689,387.791,645.438,573.184,0.896690,detected
69,2.302302,far,2,730.000,406.000,4.034070,0.687940,691.802,296.830,764.805,420.859,0.908212,detected
70,2.335669,near,1,601.000,562.000,2.821790,9.881649,579.746,387.747,645.531,573.176,0.895928,detected
70,2.335669,far,2,730.000,406.000,4.034070,0.687940,691.562,296.770,764.915,420.847,0.908285,detected
71,2.369036,near,1,601.000,562.000,2.821790,9.881649,579.760,387.727,645.574,573.169,0.896046,detected
71,2.369036,far,2,730.000,406.000,4.034070,0.687940,691.306,296.695,765.000,420.845,0.908514,detected
72,2.402402,near,1,601.000,562.000,2.821790,9.881649,579.783,387.504,645.665,573.129,0.893344,detected
72,2.402402,far,2,730.000,405.000,4.034144,0.601173,691.175,296.522,765.161,420.844,0.906262,detected
73,2.435769,near,1,601.000,562.000,2.821790,9.881649,579.788,387.492,645.659,573.121,0.893018,detected
73,2.435769,far,2,731.000,405.000,4.046504,0.600247,691.075,296.453,765.274,420.842,0.906250,detected
74,2.469136,near,1,601.000,562.000,2.821790,9.881649,579.740,387.443,645.596,573.122,0.893277,detected
74,2.469136,far,2,730.000,405.000,4.034144,0.601173,690.905,296.195,765.412,420.839,0.907668,detected
75,2.502503,near,1,601.000,562.000,2.821790,9.881649,579.792,387.508,645.665,573.238,0.894685,detected
75,2.502503,far,2,730.000,406.000,4.034070,0.687940,690.563,296.222,765.140,420.794,0.908277,detected
76,2.535869,near,1,601.000,562.000,2.821790,9.881649,579.789,387.082,645.753,573.298,0.891201,detected
76,2.535869,far,2,730.000,406.000,4.034070,0.687940,690.433,296.226,765.102,420.765,0.908942,detected
77,2.569236,near,1,601.000,562.000,2.821790,9.881649,579.875,387.023,645.824,573.330,0.890204,detected
77,2.569236,far,2,730.000,405.000,4.034144,0.601173,690.138,296.128,764.956,420.742,0.908049,detected
78,2.602603,near,1,601.000,562.000,2.821790,9.881649,579.864,386.984,645.759,573.346,0.890710,detected
78,2.602603,far,2,730.000,405.000,4.034144,0.601173,689.981,296.048,764.933,420.730,0.908490,detected
79,2.635969,near,1,601.000,562.000,2.821790,9.881649,579.852,386.723,645.778,573.335,0.893425,detected
79,2.635969,far,2,730.000,405.000,4.034144,0.601173,689.799,295.883,764.934,420.697,0.908432,detected
80,2.669336,near,1,601.000,562.000,2.821790,9.881649,580.040,386.627,645.977,573.371,0.891731,detected
80,2.669336,far,2,730.000,405.000,4.034144,0.601173,689.708,295.846,764.954,420.672,0.906949,detected
81,2.702703,near,1,601.000,562.000,2.821790,9.881649,580.225,386.236,646.264,573.293,0.893656,detected
81,2.702703,far,2,730.000,405.000,4.034144,0.601173,689.669,295.939,764.971,420.680,0.907318,detected
82,2.736069,near,1,601.000,562.000,2.821790,9.881649,580.596,386.117,646.720,573.288,0.893148,detected
82,2.736069,far,2,730.000,406.000,4.034070,0.687940,689.655,295.993,765.050,420.713,0.907753,detected
83,2.769436,near,1,601.000,562.000,2.821790,9.881649,581.050,385.748,647.420,573.247,0.896561,detected
83,2.769436,far,2,730.000,405.000,4.034144,0.601173,689.523,295.861,765.041,420.727,0.907875,detected
84,2.802803,near,1,602.000,561.000,2.829290,9.844509,581.490,385.192,648.163,573.187,0.898013,detected
84,2.802803,far,2,730.000,406.000,4.034070,0.687940,689.401,295.565,765.170,420.836,0.910077,detected
85,2.836170,near,1,601.000,561.000,2.819972,9.844869,581.884,385.301,648.744,573.271,0.900722,detected
85,2.836170,far,2,730.000,406.000,4.034070,0.687940,689.568,295.567,765.289,420.721,0.910804,detected
86,2.869536,near,1,602.000,561.000,2.829290,9.844509,582.357,385.158,649.418,573.315,0.900759,detected
86,2.869536,far,2,730.000,406.000,4.034070,0.687940,689.583,295.404,765.349,420.697,0.909800,detected
87,2.902903,near,1,602.000,560.000,2.827480,9.807613,582.880,385.247,650.098,573.162,0.898672,detected
87,2.902903,far,2,730.000,406.000,4.034070,0.687940,689.791,295.585,765.397,420.599,0.911061,detected
88,2.936270,near,1,602.000,559.000,2.825665,9.770603,583.551,385.076,651.068,572.970,0.896282,detected
88,2.936270,far,2,730.000,405.000,4.034144,0.601173,689.593,295.506,765.171,420.597,0.909142,detected
89,2.969636,near,1,603.000,558.000,2.833206,9.733115,584.577,385.169,652.576,572.965,0.895655,detected
89,2.969636,far,2,730.000,406.000,4.034070,0.687940,689.682,295.830,765.041,420.561,0.909408,detected
90,3.003003,near,1,602.000,558.000,2.823844,9.733479,585.332,384.453,653.828,572.495,0.893964,detected
90,3.003003,far,2,730.000,405.000,4.034144,0.601173,689.532,295.301,765.140,420.517,0.914993,detected
91,3.036370,near,1,602.000,556.000,2.820186,9.658881,585.453,384.273,654.342,572.253,0.895691,detected
91,3.036370,far,2,730.000,405.000,4.034144,0.601173,689.497,295.140,765.185,420.547,0.914014,detected
92,3.069736,near,1,603.000,555.000,2.827753,9.621040,585.605,383.903,655.450,572.096,0.902806,detected
92,3.069736,far,2,730.000,405.000,4.034144,0.601173,689.495,295.076,765.200,420.578,0.915580,detected
93,3.103103,near,1,605.000,553.000,2.842961,9.544998,585.210,383.642,656.464,572.185,0.904766,detected
93,3.103103,far,2,730.000,405.000,4.034144,0.601173,689.529,295.045,765.220,420.609,0.913496,detected
94,3.136470,near,1,603.000,553.000,2.824090,9.545738,585.156,383.434,657.571,571.860,0.908735,detected
94,3.136470,far,2,730.000,405.000,4.034144,0.601173,689.658,295.070,765.255,420.601,0.912999,detected
95,3.169837,near,1,604.000,553.000,2.833525,9.545368,585.887,383.189,659.672,572.073,0.911391,detected
95,3.169837,far,2,730.000,405.000,4.034144,0.601173,689.828,295.047,765.305,420.495,0.912371,detected
96,3.203203,near,1,604.000,552.000,2.831699,9.507539,587.018,383.104,662.074,571.975,0.910050,detected
96,3.203203,far,2,730.000,406.000,4.034070,0.687940,689.805,295.328,765.057,420.615,0.909733,detected
97,3.236570,near,1,603.000,552.000,2.822249,9.507910,587.239,382.738,663.521,572.043,0.903706,detected
97,3.236570,far,2,730.000,406.000,4.034070,0.687940,690.227,295.496,765.043,420.425,0.897818,detected
98,3.269937,near,1,604.000,553.000,2.833525,9.545368,587.491,382.313,665.041,572.279,0.901531,detected
98,3.269937,far,2,731.000,403.000,4.046706,0.425634,690.979,295.873,764.985,419.836,0.893831,detected
99,3.303303,near,1,603.000,553.000,2.824090,9.545738,586.750,381.604,665.509,572.236,0.900570,detected
99,3.303303,far,2,731.000,402.000,4.046807,0.337787,691.600,295.600,765.253,419.527,0.898586,detected
100,3.336670,near,1,603.000,556.000,2.829577,9.658515,585.703,380.765,665.626,572.195,0.899998,detected
100,3.336670,far,2,731.000,403.000,4.046706,0.425634,692.305,294.899,765.668,419.191,0.899570,detected
101,3.370037,near,1,602.000,556.000,2.820186,9.658881,584.156,379.962,665.101,572.391,0.898537,detected
101,3.370037,far,2,730.000,403.000,4.034296,0.426568,692.864,293.347,766.560,419.300,0.902068,detected
102,3.403403,near,1,602.000,557.000,2.822018,9.696238,583.287,379.471,664.694,572.179,0.895639,detected
102,3.403403,far,2,729.000,403.000,4.021887,0.427502,693.576,291.040,767.812,419.501,0.895155,detected
103,3.436770,near,1,602.000,558.000,2.823844,9.733479,582.122,379.230,664.026,572.315,0.895423,detected
103,3.436770,far,2,729.000,402.000,4.021937,0.339664,694.745,288.751,769.600,419.958,0.907584,detected
104,3.470137,near,1,605.000,558.000,2.851932,9.732388,580.699,379.682,662.386,572.319,0.898375,detected
104,3.470137,far,2,729.000,406.000,4.021736,0.688862,696.437,287.025,771.632,420.451,0.894572,detected
105,3.503504,near,1,606.000,556.000,2.857752,9.657416,580.887,380.275,662.061,572.299,0.891624,detected
105,3.503504,far,2,728.000,406.000,4.009404,0.689783,698.044,286.090,772.777,420.657,0.912387,detected
106,3.536870,near,1,608.000,554.000,2.873032,9.581604,581.826,382.160,661.133,571.802,0.888531,detected
106,3.536870,far,2,726.000,409.000,3.984818,0.949765,699.557,286.000,773.313,420.742,0.897466,detected
107,3.570237,near,1,610.000,553.000,2.890147,9.543147,584.382,383.960,661.793,572.255,0.888921,detected
107,3.570237,far,2,726.000,413.000,3.984918,1.289101,700.576,286.000,774.449,423.370,0.897616,detected
108,3.603604,near,1,613.000,553.000,2.918463,9.542036,586.762,386.709,662.040,573.255,0.889353,detected
108,3.603604,far,2,726.000,415.000,3.984968,1.456728,700.735,286.000,775.196,427.393,0.900272,detected
109,3.636970,near,1,616.000,557.000,2.953325,9.691131,588.583,389.234,662.475,575.587,0.893026,detected
109,3.636970,far,2,726.000,417.000,3.985017,1.623016,700.174,286.000,775.318,431.550,0.890660,detected
110,3.670337,near,1,617.000,565.000,2.975436,9.985643,589.684,391.706,662.542,578.434,0.892312,detected
110,3.670337,far,2,726.000,419.000,3.985066,1.787982,699.762,286.000,775.320,435.092,0.887442,detected
111,3.703704,near,1,615.000,568.000,2.961680,10.095061,589.907,394.339,662.329,579.877,0.901066,detected
111,3.703704,far,2,724.000,423.000,3.961330,2.115711,700.514,286.000,776.029,437.458,0.897292,detected
112,3.737070,near,1,615.000,570.000,2.964841,10.166982,588.319,396.080,661.064,580.686,0.904249,detected
112,3.737070,far,2,723.000,425.000,3.949602,2.277631,701.762,286.698,776.432,438.387,0.896712,detected
113,3.770437,near,1,615.000,568.000,2.961680,10.095061,587.778,397.417,661.455,580.853,0.917835,detected
113,3.770437,far,2,722.000,426.000,3.937851,2.358532,702.839,288.326,776.355,438.813,0.893737,detected
114,3.803804,near,1,615.000,568.000,2.961680,10.095061,587.905,398.424,663.098,580.673,0.918548,detected
114,3.803804,far,2,722.000,426.000,3.937851,2.358532,703.976,289.987,776.477,438.938,0.896224,detected
115,3.837171,near,1,616.000,565.000,2.966169,9.985998,586.930,398.623,663.957,580.257,0.906203,detected
115,3.837171,far,2,722.000,426.000,3.937851,2.358532,704.467,290.242,776.709,438.848,0.902620,detected
116,3.870537,near,1,620.000,562.000,2.998631,9.874844,586.617,398.461,665.708,579.885,0.911738,detected
116,3.870537,far,2,721.000,425.000,3.925867,2.279320,704.496,290.536,776.589,438.800,0.904986,detected
117,3.903904,near,1,625.000,559.000,3.040757,9.762273,590.510,398.434,672.825,580.656,0.913565,detected
117,3.903904,far,2,721.000,424.000,3.925726,2.198953,703.915,290.003,776.390,438.869,0.867281,detected
118,3.937271,near,1,632.000,557.000,3.103485,9.685290,590.356,399.452,674.015,580.313,0.906636,detected
118,3.937271,far,2,720.000,422.000,3.913506,2.038121,703.689,289.435,776.541,438.756,0.904860,detected
119,3.970637,near,1,639.000,559.000,3.171783,9.757198,593.007,400.507,678.470,581.026,0.917444,detected
119,3.970637,far,2,718.000,417.000,3.888559,1.630021,703.300,288.741,776.777,438.759,0.896883,detected
120,4.004004,near,1,646.000,565.000,3.244341,9.975361,596.119,402.725,683.721,583.340,0.926425,detected
120,4.004004,far,2,719.000,422.000,3.901570,2.038977,702.319,288.231,776.181,438.846,0.755719,detected
121,4.037371,near,1,654.000,571.000,3.324789,10.189246,600.103,405.203,690.063,586.100,0.905485,detected
121,4.037371,far,2,718.000,420.000,3.889206,1.876884,700.673,287.679,774.730,438.870,0.757689,detected
122,4.070737,near,1,656.000,573.000,3.345171,10.259920,606.573,408.393,698.307,587.396,0.917921,detected
122,4.070737,far,2,716.000,418.000,3.864716,1.714379,699.395,287.833,773.204,438.789,0.718977,detected
123,4.104104,near,1,656.000,577.000,3.349113,10.401361,609.887,413.180,701.880,589.032,0.921486,detected
123,4.104104,far,2,718.000,420.000,3.889206,1.876884,697.483,288.689,770.344,438.836,0.515623,detected
124,4.137471,near,1,656.000,573.000,3.345171,10.259920,619.300,416.437,713.042,588.946,0.938092,detected
124,4.137471,far,2,716.000,416.000,3.864185,1.548834,699.471,288.834,772.658,438.458,0.882378,detected
125,4.170838,near,1,657.000,572.000,3.353362,10.223944,624.109,418.924,718.980,587.991,0.918190,detected
125,4.170838,far,2,716.000,417.000,3.864451,1.631772,699.714,289.354,773.001,438.167,0.918779,detected
126,4.204204,near,1,658.000,573.000,3.363511,10.259231,626.180,420.112,722.229,587.481,0.911116,detected
126,4.204204,far,2,717.000,422.000,3.877698,2.040689,699.703,290.785,772.625,438.037,0.911972,detected
127,4.237571,near,1,662.000,567.000,3.394696,10.042388,627.822,420.591,723.963,584.628,0.912746,detected
127,4.237571,far,2,717.000,422.000,3.877698,2.040689,699.038,291.522,772.130,438.379,0.906870,detected
128,4.270938,near,1,664.000,564.000,3.410506,9.932449,630.026,420.404,726.198,581.788,0.894720,detected
128,4.270938,far,2,715.000,422.000,3.853830,2.042400,698.027,291.666,771.396,438.384,0.905762,detected
129,4.304304,near,1,668.000,566.000,3.449397,10.003969,631.105,419.623,727.463,579.072,0.914107,detected
129,4.304304,far,2,715.000,422.000,3.853830,2.042400,696.026,291.122,769.915,438.216,0.903392,detected
130,4.337671,near,1,672.000,564.000,3.484914,9.929598,632.177,417.965,729.536,578.004,0.902482,detected
130,4.337671,far,2,714.000,422.000,3.841897,2.043256,693.994,289.594,768.521,437.500,0.898026,detected
131,4.371038,near,1,673.000,563.000,3.493439,9.892593,634.004,415.326,732.600,577.413,0.859253,detected
131,4.371038,far,2,712.000,416.000,3.815880,1.552351,691.354,287.578,766.430,436.362,0.890071,detected
132,4.404404,near,1,676.000,565.000,3.522858,9.964711,634.196,415.246,732.865,577.410,0.888982,detected
132,4.404404,far,2,708.000,413.000,3.766199,1.305146,689.955,286.451,762.288,428.742,0.906078,detected
133,4.437771,near,1,676.000,564.000,3.522126,9.928172,633.394,413.878,733.063,577.629,0.902272,detected
133,4.437771,far,2,707.000,414.000,3.754543,1.389942,686.514,286.033,759.028,428.577,0.890122,detected
134,4.471138,near,1,681.000,564.000,3.568651,9.926390,634.618,414.372,734.436,578.524,0.902873,detected
134,4.471138,far,2,702.000,415.000,3.694558,1.477925,682.755,286.000,755.123,428.825,0.890037,detected
135,4.504505,near,1,688.000,567.000,3.635476,10.033220,636.144,415.605,737.484,582.715,0.904519,detected
135,4.504505,far,2,697.000,415.000,3.634103,1.482337,679.015,286.000,750.650,427.578,0.903721,detected
136,4.537871,near,1,696.000,570.000,3.710933,10.138753,638.658,417.341,741.405,587.254,0.910438,detected
136,4.537871,far,2,695.000,409.000,3.605213,0.977898,674.333,286.000,745.128,425.717,0.902055,detected
137,4.571238,near,1,705.000,573.000,3.794914,10.243011,640.710,419.272,745.408,592.984,0.908023,detected
137,4.571238,far,2,691.000,412.000,3.558945,1.236108,670.636,287.335,740.537,425.447,0.904462,detected
138,4.604605,near,1,709.000,576.000,3.832420,10.348068,643.960,421.764,749.209,596.549,0.892282,detected
138,4.604605,far,2,690.000,413.000,3.547693,1.321176,668.413,288.787,737.397,425.361,0.896147,detected
139,4.637971,near,1,715.000,577.000,3.887477,10.381289,649.142,423.721,752.421,594.874,0.887220,detected
139,4.637971,far,2,690.000,413.000,3.547693,1.321176,667.880,290.212,735.984,425.164,0.900609,detected
140,4.671338,near,1,718.000,585.000,3.915871,10.658679,651.686,426.127,759.056,605.073,0.902719,detected
140,4.671338,far,2,688.000,412.000,3.522472,1.238790,667.941,291.425,735.213,424.692,0.893769,detected
141,4.704705,near,1,719.000,586.000,3.925007,10.692683,655.705,428.469,765.480,613.608,0.894566,detected
141,4.704705,far,2,686.000,413.000,3.499164,1.324736,667.887,292.066,735.057,424.606,0.886692,detected
142,4.738071,near,1,724.000,591.000,3.970286,10.861212,662.355,430.563,772.217,618.548,0.896312,detected
142,4.738071,far,2,684.000,409.000,3.470669,0.987870,667.908,292.253,734.959,423.229,0.884338,detected
143,4.771438,near,1,730.000,597.000,4.023754,11.060223,673.002,432.944,781.570,621.800,0.883492,detected
143,4.771438,far,2,682.000,410.000,3.447329,1.074849,668.168,293.195,736.020,423.001,0.891835,detected
144,4.804805,near,1,740.000,601.000,4.111825,11.189106,685.789,435.198,792.026,623.819,0.885615,detected
144,4.804805,far,2,678.000,409.000,3.397315,0.993306,667.534,295.630,736.056,422.809,0.888744,detected
145,4.838172,near,1,747.000,598.000,4.174380,11.087994,698.910,435.293,803.750,625.120,0.905913,detected
145,4.838172,far,2,676.000,407.000,3.370327,0.823794,663.868,296.992,732.995,422.270,0.849366,detected
146,4.871538,near,1,751.000,603.000,4.208297,11.251139,705.920,434.667,809.567,625.120,0.907836,detected
146,4.871538,far,2,674.000,409.000,3.348425,0.996930,662.759,296.577,734.154,421.870,0.892282,detected
147,4.904905,near,1,758.000,605.000,4.269130,11.314073,710.526,432.377,814.284,624.984,0.897191,detected
147,4.904905,far,2,674.000,409.000,3.348425,0.996930,660.601,294.285,735.352,422.176,0.906951,detected
148,4.938272,near,1,763.000,606.000,4.312572,11.344947,713.852,429.246,817.776,624.136,0.904587,detected
148,4.938272,far,2,674.000,408.000,3.347108,0.911450,658.067,292.427,735.218,422.237,0.904711,detected
149,4.971638,near,1,767.000,606.000,4.347648,11.343716,715.461,427.706,819.354,624.554,0.915977,detected
149,4.971638,far,2,675.000,407.000,3.358056,0.824709,654.914,291.211,733.314,422.305,0.901921,detected
150,5.005005,near,1,772.000,604.000,4.392647,11.277224,713.422,412.563,824.400,625.920,0.913851,detected
150,5.005005,far,2,677.000,407.000,3.382600,0.822880,652.238,289.067,731.981,422.034,0.913640,detected
151,5.038372,near,1,772.000,606.000,4.391500,11.342175,712.496,402.174,829.556,630.127,0.912675,detected
151,5.038372,far,2,677.000,406.000,3.381346,0.736690,649.854,287.470,730.550,421.967,0.911792,detected
152,5.071738,near,1,772.000,609.000,4.389791,11.438900,713.760,399.479,834.787,637.432,0.910670,detected
152,5.071738,far,2,676.000,403.000,3.365182,0.476930,647.119,286.726,728.363,421.661,0.913424,detected
153,5.105105,near,1,772.000,624.000,4.381466,11.910212,717.324,417.616,834.946,649.078,0.910388,detected
153,5.105105,far,2,677.000,403.000,3.377555,0.475998,644.612,286.549,726.070,421.107,0.914060,detected
154,5.138472,near,1,774.000,638.000,4.390772,12.331861,717.818,434.893,832.711,659.570,0.925141,detected
154,5.138472,far,2,677.000,404.000,3.378824,0.563251,642.070,286.720,723.738,420.448,0.914161,detected
155,5.171839,near,1,772.000,643.000,4.371414,12.479255,716.768,447.445,829.835,666.122,0.908453,detected
155,5.171839,far,2,678.000,401.000,3.387427,0.299473,640.157,288.216,721.569,419.860,0.910040,detected
156,5.205205,near,1,774.000,652.000,4.383279,12.738008,718.153,463.322,827.139,669.136,0.924079,detected
156,5.205205,far,2,676.000,403.000,3.365182,0.476930,639.186,290.346,720.031,418.454,0.915535,detected
157,5.238572,near,1,771.000,650.000,4.359598,12.681732,719.982,477.645,824.467,669.279,0.927221,detected
157,5.238572,far,2,677.000,405.000,3.380088,0.650148,638.461,292.126,719.519,418.298,0.910310,detected
158,5.271939,near,1,773.000,651.000,4.375571,12.709776,720.433,483.483,824.705,669.923,0.920674,detected
158,5.271939,far,2,678.000,405.000,3.392411,0.649225,638.422,293.831,719.098,417.123,0.903011,detected
159,5.305305,near,1,774.000,650.000,4.384332,12.680938,722.212,485.020,826.790,668.884,0.923016,detected
159,5.305305,far,2,678.000,405.000,3.392411,0.649225,638.040,293.682,720.108,416.755,0.904472,detected
160,5.338672,near,1,775.000,650.000,4.392577,12.680673,722.803,485.653,828.237,667.868,0.931621,detected
160,5.338672,far,2,676.000,405.000,3.367765,0.651070,636.588,293.888,720.213,417.178,0.890267,detected
161,5.372039,near,1,775.000,651.000,4.392038,12.709248,721.616,485.207,829.492,669.031,0.928542,detected
161,5.372039,far,2,676.000,405.000,3.367765,0.651070,635.507,295.532,719.600,417.724,0.865796,detected
162,5.405405,near,1,773.000,653.000,4.374543,12.766690,719.566,482.307,831.129,670.063,0.930478,detected
162,5.405405,far,2,677.000,406.000,3.381346,0.736690,635.560,301.669,717.286,418.691,0.874633,detected
163,5.438772,near,1,771.000,649.000,4.360093,12.653083,717.840,477.743,832.383,668.820,0.924084,detected
163,5.438772,far,2,679.000,406.000,3.405943,0.734853,635.153,301.264,718.430,419.096,0.886449,detected
164,5.472139,near,1,770.000,649.000,4.351838,12.653348,713.393,472.890,831.653,668.226,0.931748,detected
164,5.472139,far,2,682.000,405.000,3.441710,0.645534,635.714,303.089,719.280,420.118,0.889261,detected
165,5.505506,near,1,768.000,646.000,4.336719,12.567467,706.430,467.463,829.238,668.107,0.929549,detected
165,5.505506,far,2,684.000,405.000,3.466364,0.643688,631.922,303.460,717.404,420.544,0.900763,detected
166,5.538872,near,1,758.000,641.000,4.255620,12.424584,695.363,461.173,821.145,665.721,0.926880,detected
166,5.538872,far,2,686.000,403.000,3.488942,0.467614,628.786,302.250,717.029,420.509,0.889334,detected
167,5.572239,near,1,749.000,638.000,4.181311,12.338757,680.947,455.596,806.540,661.014,0.929835,detected
167,5.572239,far,2,688.000,405.000,3.515679,0.639995,621.605,299.348,713.813,419.555,0.904693,detected
168,5.605606,near,1,735.000,638.000,4.064098,12.342614,666.864,451.825,791.288,659.029,0.917389,detected
168,5.605606,far,2,683.000,404.000,3.452924,0.557688,621.838,296.336,716.802,419.937,0.877518,detected
169,5.638972,near,1,718.000,635.000,3.921535,12.258362,654.167,449.128,774.388,654.652,0.918135,detected
169,5.638972,far,2,680.000,403.000,3.414678,0.473204,614.556,291.835,712.466,418.392,0.909976,detected
170,5.672339,near,1,703.000,629.000,3.793876,12.082505,647.461,447.846,762.032,647.975,0.929941,detected
170,5.672339,far,2,674.000,402.000,3.339088,0.391193,603.641,287.843,704.331,417.131,0.917566,detected
171,5.705706,near,1,690.000,627.000,3.682967,12.025533,641.549,447.412,752.745,645.760,0.915798,detected
171,5.705706,far,2,668.000,401.000,3.263212,0.308871,596.165,286.331,696.807,416.138,0.918583,detected
172,5.739072,near,1,674.000,636.000,3.552864,12.300276,634.788,448.730,745.090,649.850,0.923845,detected
172,5.739072,far,2,659.000,400.000,3.149733,0.229068,591.852,286.000,691.055,416.611,0.812263,detected
173,5.772439,near,1,665.000,642.000,3.481800,12.479115,626.425,450.833,735.724,654.018,0.915623,detected
173,5.772439,far,2,649.000,398.000,3.021367,0.060976,585.469,286.000,681.100,416.466,0.805580,detected
174,5.805806,near,1,657.000,641.000,3.414587,12.452103,615.687,452.518,723.869,655.744,0.909145,detected
174,5.805806,far,2,643.000,396.000,2.942118,0.000000,582.655,286.000,672.925,414.728,0.825522,detected
175,5.839173,near,1,646.000,638.000,3.320381,12.367094,602.079,453.315,709.581,655.762,0.925785,detected
175,5.839173,far,2,634.000,390.000,2.814629,0.000000,580.618,286.000,664.487,411.687,0.725345,detected
176,5.872539,near,1,641.000,640.000,3.280655,12.427205,589.583,452.926,697.667,655.796,0.921583,detected
176,5.872539,far,2,628.000,391.000,2.741200,0.000000,574.158,286.000,654.459,410.525,0.667602,detected
177,5.905906,near,1,636.000,635.000,3.233803,12.281135,581.430,451.143,690.454,653.485,0.921497,detected
177,5.905906,far,2,622.000,391.000,2.665312,0.000000,572.593,286.000,648.166,406.754,0.842985,detected
178,5.939273,near,1,631.000,628.000,3.184030,12.072675,574.928,449.488,685.236,650.631,0.921634,detected
178,5.939273,far,2,615.000,390.000,2.573819,0.000000,571.875,286.000,644.834,405.234,0.879365,detected
179,5.972639,near,1,625.000,624.000,3.128434,11.952628,570.978,448.421,681.998,647.912,0.923689,detected
179,5.972639,far,2,607.000,388.000,2.466061,0.000000,568.229,286.000,640.147,403.942,0.898851,detected
180,6.006006,near,1,622.000,619.000,3.096584,11.799375,566.869,446.443,678.219,645.161,0.921206,detected
180,6.006006,far,2,601.000,386.000,2.382964,0.000000,561.891,286.000,634.979,403.911,0.912403,detected
181,6.039373,near,1,619.000,612.000,3.061606,11.580796,563.543,443.860,674.339,641.468,0.916432,detected
181,6.039373,far,2,595.000,386.000,2.306391,0.000000,554.641,286.000,629.820,403.697,0.916896,detected
182,6.072739,near,1,613.000,609.000,3.005478,11.487206,559.786,441.292,668.879,637.124,0.923493,detected
182,6.072739,far,2,589.000,386.000,2.229844,0.000000,547.853,286.000,625.959,403.988,0.919342,detected
183,6.106106,near,1,609.000,605.000,2.964814,11.359961,556.569,437.904,663.262,631.259,0.914053,detected
183,6.106106,far,2,584.000,385.000,2.162184,0.000000,542.052,286.000,622.188,403.163,0.916780,detected
184,6.139473,near,1,607.000,601.000,2.941240,11.230629,554.623,434.226,658.038,623.359,0.911019,detected
184,6.139473,far,2,582.000,384.000,2.132666,0.000000,537.994,286.000,619.505,402.079,0.916799,detected
185,6.172840,near,1,603.000,597.000,2.899732,11.100422,551.959,430.932,653.574,618.083,0.916438,detected
185,6.172840,far,2,575.000,385.000,2.047202,0.000000,532.672,286.000,615.179,401.290,0.906897,detected
186,6.206206,near,1,599.000,596.000,2.862759,11.068585,548.196,429.939,648.033,611.528,0.920167,detected
186,6.206206,far,2,572.000,383.000,2.000405,0.000000,522.040,286.000,607.259,401.881,0.903700,detected
187,6.239573,near,1,594.000,592.000,2.811604,10.936816,541.690,429.397,642.377,607.240,0.922805,detected
187,6.239573,far,2,567.000,386.000,1.949394,0.000000,522.062,286.000,607.394,402.156,0.877275,detected
188,6.272940,near,1,588.000,586.000,2.747200,10.735777,533.955,429.827,636.244,603.348,0.913517,detected
188,6.272940,far,2,567.000,387.000,1.953724,0.000000,515.130,286.000,602.226,402.576,0.896964,detected
189,6.306306,near,1,583.000,583.000,2.696558,10.634585,529.093,432.086,631.922,599.413,0.913291,detected
189,6.306306,far,2,566.000,386.000,1.936654,0.000000,516.815,286.000,604.212,402.599,0.891646,detected
190,6.339673,near,1,579.000,584.000,2.662534,10.670286,524.674,435.564,627.767,597.336,0.918341,detected
190,6.339673,far,2,565.000,387.000,1.928299,0.000000,519.207,286.000,606.185,402.551,0.901053,detected
191,6.373040,near,1,579.000,584.000,2.662534,10.670286,523.552,439.509,627.388,596.434,0.921531,detected
191,6.373040,far,2,566.000,387.000,1.941011,0.000000,520.209,286.000,606.481,402.197,0.902411,detected
192,6.406406,near,1,579.000,582.000,2.658536,10.601434,522.993,444.259,627.101,595.817,0.930383,detected
192,6.406406,far,2,568.000,387.000,1.966437,0.000000,521.678,286.000,607.118,401.419,0.910696,detected
193,6.439773,near,1,578.000,583.000,2.651534,10.636243,521.031,446.653,627.647,596.607,0.926847,detected
193,6.439773,far,2,570.000,385.000,1.983348,0.000000,523.617,286.000,608.417,401.386,0.886961,detected
194,6.473140,near,1,576.000,582.000,2.631485,10.602431,515.874,444.873,627.353,597.054,0.923171,detected
194,6.473140,far,2,575.000,386.000,2.051335,0.000000,527.708,286.000,611.410,401.278,0.885737,detected
195,6.506507,near,1,571.000,580.000,2.582168,10.534847,506.661,441.263,624.210,597.675,0.922708,detected
195,6.506507,far,2,581.000,383.000,2.115856,0.000000,533.359,286.000,615.463,400.883,0.881503,detected
196,6.539873,near,1,566.000,582.000,2.541337,10.605758,496.341,436.831,620.271,598.232,0.930643,detected
196,6.539873,far,2,582.000,385.000,2.136627,0.000000,537.152,286.000,617.805,400.452,0.897733,detected
197,6.573240,near,1,556.000,580.000,2.446582,10.539871,485.004,432.881,613.332,598.023,0.919329,detected
197,6.573240,far,2,581.000,385.000,2.123850,0.000000,539.368,286.000,618.999,400.187,0.892539,detected
198,6.606607,near,1,547.000,578.000,2.360356,10.473277,475.525,430.996,606.006,598.708,0.916960,detected
198,6.606607,far,2,583.000,385.000,2.149405,0.000000,541.127,286.000,620.286,400.442,0.889477,detected
199,6.639973,near,1,537.000,582.000,2.280112,10.615396,466.346,429.903,599.219,601.844,0.923341,detected
199,6.639973,far,2,583.000,385.000,2.149405,0.000000,542.515,286.000,621.536,400.512,0.891018,detected
200,6.673340,near,1,529.000,586.000,2.218746,10.755112,458.091,429.659,592.154,603.674,0.910949,detected
200,6.673340,far,2,585.000,386.000,2.178827,0.000000,543.771,286.000,622.694,400.233,0.888060,detected
201,6.706707,near,1,526.000,588.000,2.197263,10.824007,450.995,429.843,586.416,604.664,0.924751,detected
201,6.706707,far,2,586.000,386.000,2.191580,0.000000,544.336,286.000,623.372,400.241,0.879537,detected
202,6.740073,near,1,519.000,591.000,2.143086,10.927375,443.940,430.681,582.039,606.856,0.933646,detected
202,6.740073,far,2,587.000,387.000,2.208127,0.000000,545.431,286.000,624.732,400.578,0.886777,detected
203,6.773440,near,1,514.000,592.000,2.101503,10.962476,438.758,433.235,579.499,610.466,0.925050,detected
203,6.773440,far,2,587.000,386.000,2.204334,0.000000,546.969,286.000,626.440,400.973,0.899809,detected
204,6.806807,near,1,511.000,600.000,2.097314,11.227847,433.754,435.787,579.452,616.960,0.926378,detected
204,6.806807,far,2,590.000,384.000,2.235127,0.000000,550.066,286.000,629.084,400.545,0.886589,detected
205,6.840174,near,1,512.000,606.000,2.122455,11.421842,426.801,437.586,576.631,620.525,0.929106,detected
205,6.840174,far,2,593.000,382.000,2.266188,0.000000,553.045,286.000,631.488,400.227,0.878247,detected
206,6.873540,near,1,510.000,606.000,2.105090,11.422451,421.193,438.522,574.288,622.380,0.926701,detected
206,6.873540,far,2,597.000,381.000,2.314063,0.000000,555.777,286.000,633.773,399.582,0.898711,detected
207,6.906907,near,1,507.000,605.000,2.076270,11.391221,416.272,441.415,569.545,622.429,0.926883,detected
207,6.906907,far,2,602.000,385.000,2.392325,0.000000,558.244,286.000,638.043,402.159,0.898682,detected
208,6.940274,near,1,503.000,607.000,2.047135,11.456633,414.896,442.522,568.557,622.745,0.930326,detected
208,6.940274,far,2,605.000,384.000,2.427367,0.000000,562.117,286.000,642.326,401.396,0.898025,detected
209,6.973640,near,1,500.000,606.000,2.018281,11.425499,416.068,441.812,570.271,622.918,0.932633,detected
209,6.973640,far,2,609.000,389.000,2.494667,0.000000,566.086,286.000,648.886,403.600,0.904260,detected
210,7.007007,near,1,499.000,606.000,2.009602,11.425804,417.162,439.045,572.710,622.715,0.925083,detected
210,7.007007,far,2,612.000,392.000,2.541944,0.000000,569.575,286.000,655.005,406.082,0.892150,detected
211,7.040374,near,1,499.000,605.000,2.006729,11.393667,417.435,435.761,574.822,622.681,0.922687,detected
211,7.040374,far,2,615.000,395.000,2.588639,0.000000,571.677,286.000,658.608,407.241,0.894692,detected
212,7.073740,near,1,501.000,602.000,2.015518,11.296081,417.472,432.152,576.197,622.107,0.923892,detected
212,7.073740,far,2,615.000,395.000,2.588639,0.000000,572.169,286.000,660.027,407.530,0.902812,detected
213,7.107107,near,1,503.000,602.000,2.032979,11.295463,417.308,428.962,577.223,622.119,0.918657,detected
213,7.107107,far,2,615.000,395.000,2.588639,0.000000,571.578,286.001,660.269,407.715,0.907414,detected
214,7.140474,near,1,508.000,602.000,2.076634,11.293917,419.624,425.926,579.139,621.051,0.918068,detected
214,7.140474,far,2,614.000,397.000,2.581997,0.005096,570.264,286.000,659.926,408.157,0.905684,detected
215,7.173841,near,1,513.000,597.000,2.106571,11.128789,427.256,424.601,584.310,619.765,0.913640,detected
215,7.173841,far,2,612.000,397.000,2.557031,0.007005,568.965,286.000,659.293,408.063,0.900249,detected
216,7.207207,near,1,520.000,599.000,2.173497,11.192321,439.597,424.823,592.051,618.323,0.916772,detected
216,7.207207,far,2,608.000,397.000,2.507108,0.010821,566.280,286.000,656.889,408.333,0.904079,detected
217,7.240574,near,1,525.000,601.000,2.222551,11.256122,447.750,426.520,596.766,619.072,0.917514,detected
217,7.240574,far,2,605.000,398.000,2.472834,0.102801,564.054,286.000,654.913,408.909,0.901364,detected
218,7.273941,near,1,527.000,603.000,2.245150,11.320489,452.737,428.184,599.632,620.408,0.916457,detected
218,7.273941,far,2,604.000,394.000,2.447560,0.000000,564.964,286.000,656.062,408.930,0.907991,detected
219,7.307307,near,1,528.000,604.000,2.256401,11.352534,456.076,428.616,601.419,620.753,0.913580,detected
219,7.307307,far,2,604.000,398.000,2.460383,0.103751,565.250,286.000,657.826,410.494,0.901714,detected
220,7.340674,near,1,531.000,606.000,2.287496,11.416047,458.990,428.256,604.137,621.169,0.923843,detected
220,7.340674,far,2,605.000,404.000,2.491524,0.629863,565.165,286.000,660.683,414.275,0.913877,detected
221,7.374041,near,1,533.000,601.000,2.292565,11.253638,460.131,425.911,605.884,620.713,0.918786,detected
221,7.374041,far,2,605.000,407.000,2.500697,0.888577,564.747,286.000,663.137,418.447,0.907038,detected
222,7.407407,near,1,534.000,592.000,2.278818,10.956069,461.553,423.283,606.398,617.614,0.916888,detected
222,7.407407,far,2,604.000,410.000,2.497610,1.145056,562.881,286.000,663.517,421.730,0.882533,detected
223,7.440774,near,1,538.000,590.000,2.309320,10.887646,464.980,420.739,608.823,615.354,0.915355,detected
223,7.440774,far,2,605.000,411.000,2.512757,1.228665,565.620,287.869,665.244,423.953,0.894136,detected
224,7.474141,near,1,545.000,588.000,2.366784,10.817830,472.938,418.914,612.541,610.588,0.928947,detected
224,7.474141,far,2,606.000,413.000,2.530792,1.395776,567.936,290.924,664.725,425.253,0.896362,detected
225,7.507508,near,1,552.000,583.000,2.417555,10.644857,482.652,418.182,615.928,604.930,0.916297,detected
225,7.507508,far,2,605.000,410.000,2.509760,1.144158,568.873,294.788,662.153,426.092,0.900411,detected
226,7.540874,near,1,563.000,580.000,2.509846,10.537527,491.591,418.202,620.450,601.962,0.924542,detected
226,7.540874,far,2,602.000,405.000,2.457774,0.719210,570.009,297.691,659.817,425.984,0.887642,detected
227,7.574241,near,1,571.000,577.000,2.575764,10.430193,503.325,419.095,628.266,597.332,0.918959,detected
227,7.574241,far,2,605.000,410.000,2.509760,1.144158,569.005,300.296,655.590,426.311,0.885739,detected
228,7.607608,near,1,584.000,577.000,2.693869,10.425790,515.392,419.967,639.195,594.858,0.925282,detected
228,7.607608,far,2,604.000,411.000,2.500631,1.229559,569.245,301.430,653.439,425.976,0.879664,detected
229,7.640974,near,1,591.000,581.000,2.764929,10.562844,524.609,421.917,648.930,595.595,0.928116,detected
229,7.640974,far,2,604.000,413.000,2.506636,1.397548,569.451,301.279,652.002,425.278,0.881599,detected
230,7.674341,near,1,594.000,582.000,2.793843,10.596441,530.541,424.526,654.252,596.324,0.927246,detected
230,7.674341,far,2,606.000,412.000,2.527844,1.311942,570.053,300.452,651.582,424.837,0.886815,detected
231,7.707708,near,1,596.000,582.000,2.811890,10.595776,535.101,425.897,657.990,596.446,0.925638,detected
231,7.707708,far,2,607.000,411.000,2.537011,1.226877,570.756,298.906,651.572,424.297,0.885265,detected
232,7.741074,near,1,597.000,582.000,2.820914,10.595443,537.446,427.177,659.756,597.056,0.915152,detected
232,7.741074,far,2,609.000,408.000,2.552536,0.970490,571.738,297.087,651.803,423.542,0.884675,detected
233,7.774441,near,1,596.000,583.000,2.813663,10.630274,537.294,425.081,660.760,596.774,0.915955,detected
233,7.774441,far,2,611.000,408.000,2.576942,0.968676,573.645,294.392,653.170,422.393,0.874121,detected
234,7.807808,near,1,595.000,582.000,2.802866,10.596108,536.619,421.780,662.021,596.745,0.912711,detected
234,7.807808,far,2,614.000,407.000,2.610746,0.880379,576.343,293.115,654.926,421.476,0.876299,detected
235,7.841175,near,1,594.000,582.000,2.793843,10.596441,535.404,417.811,662.965,596.765,0.918549,detected
235,7.841175,far,2,615.000,404.000,2.614550,0.620627,579.338,291.389,656.458,418.598,0.878462,detected
236,7.874541,near,1,591.000,580.000,2.763077,10.528145,533.289,410.687,663.837,595.508,0.911394,detected
236,7.874541,far,2,616.000,406.000,2.632436,0.792624,583.097,291.632,656.904,413.370,0.862199,detected
237,7.907908,near,1,585.000,575.000,2.699038,10.355120,530.265,407.991,658.786,592.713,0.903424,detected
237,7.907908,far,2,618.000,409.000,2.665087,1.047574,585.503,291.927,659.835,414.022,0.870685,detected
238,7.941275,near,1,578.000,574.000,2.633176,10.322191,526.075,396.240,658.636,590.831,0.865817,detected
238,7.941275,far,2,621.000,402.000,2.683026,0.440700,588.812,292.505,661.199,410.630,0.845423,detected
239,7.974641,near,1,573.000,571.000,2.581110,10.217324,529.897,402.099,655.159,588.160,0.882881,detected
239,7.974641,far,2,620.000,407.000,2.684142,0.874912,588.560,291.615,662.539,411.862,0.865972,detected
240,8.008008,near,1,570.000,574.000,2.560177,10.324929,532.536,403.558,656.266,589.453,0.895096,detected
240,8.008008,far,2,621.000,409.000,2.701642,1.044865,588.043,290.672,663.738,413.505,0.883395,detected
241,8.041375,near,1,570.000,578.000,2.568836,10.465521,535.372,402.632,659.163,590.691,0.888474,detected
241,8.041375,far,2,622.000,407.000,2.708612,0.873089,588.040,289.160,664.934,414.069,0.882548,detected
242,8.074741,near,1,570.000,579.000,2.570985,10.500403,541.007,408.130,660.725,591.445,0.897955,detected
242,8.074741,far,2,624.000,408.000,2.735649,0.956884,589.211,288.884,666.754,415.807,0.891155,detected
243,8.108108,near,1,571.000,579.000,2.580040,10.500068,543.904,412.596,659.958,591.070,0.904756,detected
243,8.108108,far,2,626.000,408.000,2.760076,0.955069,591.048,288.309,668.413,416.363,0.891895,detected
244,8.141475,near,1,571.000,578.000,2.577905,10.465183,545.259,415.873,658.986,590.941,0.904334,detected
244,8.141475,far,2,628.000,408.000,2.784505,0.953254,593.037,287.006,670.638,417.304,0.892707,detected
245,8.174842,near,1,571.000,578.000,2.577905,10.465183,546.102,417.657,658.351,590.339,0.906565,detected
245,8.174842,far,2,628.000,404.000,2.774586,0.608613,594.748,286.166,671.540,416.834,0.891103,detected
246,8.208208,near,1,570.000,578.000,2.568836,10.465521,545.984,419.751,656.584,589.250,0.904456,detected
246,8.208208,far,2,628.000,404.000,2.774586,0.608613,595.126,286.000,671.531,417.395,0.894048,detected
247,8.241575,near,1,570.000,577.000,2.566681,10.430532,545.416,420.052,655.595,588.242,0.896362,detected
247,8.241575,far,2,628.000,401.000,2.767040,0.346410,595.821,286.000,670.679,415.567,0.890257,detected
248,8.274942,near,1,570.000,575.000,2.562352,10.360237,545.688,421.410,654.569,586.971,0.900887,detected
248,8.274942,far,2,627.000,401.000,2.754650,0.347347,594.885,286.000,669.813,416.729,0.892381,detected
249,8.308308,near,1,570.000,575.000,2.562352,10.360237,544.645,422.324,652.673,586.490,0.896410,detected
249,8.308308,far,2,626.000,401.000,2.742260,0.348285,594.081,286.000,669.172,418.028,0.889035,detected
250,8.341675,near,1,569.000,575.000,2.553242,10.360578,543.885,422.891,650.923,585.665,0.909834,detected
250,8.341675,far,2,626.000,403.000,2.747402,0.523427,593.187,286.000,668.295,418.899,0.895524,detected
251,8.375042,near,1,569.000,575.000,2.553242,10.360578,542.640,423.191,649.019,585.731,0.880609,detected
251,8.375042,far,2,624.000,403.000,2.722727,0.525285,592.445,286.000,667.268,419.272,0.889207,detected
252,8.408408,near,1,570.000,576.000,2.564520,10.395437,542.618,423.338,648.234,585.559,0.897897,detected
252,8.408408,far,2,621.000,402.000,2.683026,0.440700,591.638,286.000,666.432,419.972,0.885843,detected
253,8.441775,near,1,569.000,575.000,2.553242,10.360578,542.074,422.924,646.783,585.186,0.893387,detected
253,8.441775,far,2,621.000,406.000,2.693728,0.788046,591.618,286.000,666.087,420.508,0.876049,detected
254,8.475142,near,1,568.000,574.000,2.541931,10.325614,542.011,421.471,646.455,585.225,0.891894,detected
254,8.475142,far,2,620.000,408.000,2.686804,0.960513,591.961,286.649,665.663,420.751,0.878323,detected
255,8.508509,near,1,570.000,574.000,2.560177,10.324929,542.017,419.142,646.503,585.364,0.876798,detected
255,8.508509,far,2,620.000,409.000,2.689456,1.045768,591.164,289.250,663.664,421.601,0.876037,detected
256,8.541875,near,1,569.000,573.000,2.548859,10.289859,539.985,417.691,642.427,584.719,0.819783,detected
256,8.541875,far,2,619.000,408.000,2.674595,0.961420,590.159,290.590,661.476,421.388,0.875933,detected
257,8.575242,near,1,571.000,573.000,2.567134,10.289171,537.286,415.274,637.958,585.174,0.867514,detected
257,8.575242,far,2,618.000,406.000,2.656951,0.790793,589.094,289.133,660.389,420.785,0.868578,detected
258,8.608609,near,1,573.000,570.000,2.578951,10.181581,536.347,411.577,636.231,585.847,0.861364,detected
258,8.608609,far,2,617.000,396.000,2.616587,0.000000,590.656,287.755,659.068,414.275,0.858091,detected
259,8.641975,near,1,576.000,567.000,2.600101,10.072643,535.505,407.730,635.123,587.059,0.892068,detected
259,8.641975,far,2,614.000,398.000,2.584925,0.094255,592.413,286.812,660.201,412.395,0.881541,detected
260,8.675342,near,1,581.000,560.000,2.631575,9.815185,537.106,402.899,632.879,580.634,0.879663,detected
260,8.675342,far,2,615.000,396.000,2.591566,0.000000,594.233,286.483,661.043,410.341,0.859042,detected
261,8.708709,near,1,586.000,562.000,2.682277,9.887017,539.504,400.421,634.974,581.959,0.894649,detected
261,8.708709,far,2,616.000,397.000,2.606965,0.003187,596.006,286.098,662.524,409.590,0.880302,detected
262,8.742075,near,1,590.000,562.000,2.719472,9.885587,544.066,403.014,635.286,579.151,0.895450,detected
262,8.742075,far,2,619.000,396.000,2.641611,0.000000,598.652,286.078,664.795,409.773,0.839269,detected
263,8.775442,near,1,597.000,566.000,2.792024,10.029052,549.677,405.282,641.002,582.345,0.909500,detected
263,8.775442,far,2,623.000,396.000,2.691668,0.000000,601.927,286.000,667.227,409.324,0.885730,detected
264,8.808809,near,1,603.000,563.000,2.842183,9.917603,557.452,407.915,647.238,579.452,0.914923,detected
264,8.808809,far,2,626.000,396.000,2.729218,0.000000,605.704,286.000,670.438,409.382,0.859999,detected
265,8.842176,near,1,608.000,565.000,2.892048,9.988832,564.977,410.584,655.604,578.261,0.924050,detected
265,8.842176,far,2,631.000,393.000,2.784250,0.000000,609.997,286.000,674.190,409.318,0.885134,detected
266,8.875542,near,1,613.000,566.000,2.939996,10.023406,570.819,413.186,663.956,578.678,0.904036,detected
266,8.875542,far,2,634.000,395.000,2.826948,0.000000,612.438,286.000,675.954,409.379,0.858483,detected
267,8.908909,near,1,617.000,573.000,2.987855,10.273354,572.089,416.065,671.187,586.163,0.920296,detected
267,8.908909,far,2,641.000,390.000,2.903413,0.000000,612.938,286.000,675.978,409.939,0.868517,detected
268,8.942276,near,1,618.000,575.000,3.000040,10.343850,571.378,417.911,674.629,589.724,0.919185,detected
268,8.942276,far,2,646.000,393.000,2.973321,0.000000,619.950,286.000,683.025,409.307,0.826347,detected
269,8.975642,near,1,620.000,576.000,3.019776,10.378428,570.948,419.317,677.216,591.359,0.923286,detected
269,8.975642,far,2,648.000,390.000,2.992233,0.000000,625.328,286.000,687.757,407.555,0.836034,detected
270,9.009009,near,1,622.000,576.000,3.038006,10.377748,571.197,421.344,679.371,592.376,0.929447,detected
270,9.009009,far,2,654.000,389.000,3.066431,0.000000,633.093,286.000,694.751,405.059,0.884631,detected
271,9.042376,near,1,624.000,576.000,3.056237,10.377067,571.997,422.579,681.561,592.508,0.926874,detected
271,9.042376,far,2,656.000,381.000,3.076324,0.000000,637.765,286.000,696.400,400.737,0.425285,detected
272,9.075742,near,1,626.000,576.000,3.074469,10.376386,573.383,423.133,683.920,592.141,0.922172,detected
272,9.075742,far,2,660.000,381.000,3.128096,0.000000,639.294,286.000,695.276,397.155,0.610670,detected
273,9.109109,near,1,630.000,575.000,3.109595,10.339748,576.893,424.233,687.098,591.601,0.920019,detected
273,9.109109,far,2,666.000,375.000,3.195444,0.000000,645.109,286.000,697.867,391.452,0.275366,detected
274,9.142476,near,1,637.000,574.000,3.172277,10.301965,581.390,424.856,691.288,591.438,0.912902,detected
274,9.142476,far,,666.000,374.000,3.193695,0.000000,,,,,0.000000,tracked
275,9.175843,near,1,642.000,574.000,3.218023,10.300248,583.305,425.590,693.049,591.878,0.874031,detected
275,9.175843,far,,666.000,373.000,3.191939,0.000000,,,,,0.000000,tracked
276,9.209209,near,1,644.000,575.000,3.237477,10.334961,582.073,425.852,692.563,591.993,0.917012,detected
276,9.209209,far,,666.000,373.000,3.191939,0.000000,,,,,0.000000,tracked
277,9.242576,near,1,643.000,575.000,3.228340,10.335302,581.549,426.428,693.146,592.452,0.913360,detected
277,9.242576,far,,666.000,373.000,3.191939,0.000000,,,,,0.000000,tracked
278,9.275943,near,1,642.000,575.000,3.219204,10.335645,584.274,426.917,698.040,592.911,0.897571,detected
278,9.275943,far,,666.000,373.000,3.191939,0.000000,,,,,0.000000,tracked
279,9.309309,near,1,641.000,574.000,3.208873,10.300591,588.944,428.168,703.443,593.950,0.902262,detected
279,9.309309,far,,666.000,373.000,3.191939,0.000000,,,,,0.000000,tracked
280,9.342676,near,1,640.000,576.000,3.202137,10.371615,586.393,429.735,702.354,594.259,0.896147,detected
280,9.342676,far,,666.000,373.000,3.191939,0.000000,,,,,0.000000,tracked
281,9.376043,near,1,637.000,575.000,3.173527,10.337355,583.155,431.883,699.957,594.230,0.910111,detected
281,9.376043,far,,666.000,373.000,3.191939,0.000000,,,,,0.000000,tracked
282,9.409409,near,1,633.000,578.000,3.140885,10.444238,579.131,434.789,697.672,595.219,0.923373,detected
282,9.409409,far,,666.000,373.000,3.191939,0.000000,,,,,0.000000,tracked
283,9.442776,near,1,630.000,581.000,3.117592,10.549807,573.085,437.993,695.458,599.039,0.921306,detected
283,9.442776,far,,666.000,373.000,3.191939,0.000000,,,,,0.000000,tracked
284,9.476143,near,1,627.000,587.000,3.098540,10.757095,567.202,441.740,694.802,604.642,0.928031,detected
284,9.476143,far,,,,,,,,,,0.000000,missing
285,9.509510,near,1,625.000,595.000,3.091387,11.027118,563.749,447.683,694.781,609.880,0.930836,detected
285,9.509510,far,,,,,,,,,,0.000000,missing
286,9.542876,near,1,624.000,598.000,3.086542,11.126820,562.153,453.937,694.315,612.390,0.933249,detected
286,9.542876,far,,,,,,,,,,0.000000,missing
287,9.576243,near,1,625.000,596.000,3.092717,11.060344,562.013,459.382,694.450,613.059,0.934219,detected
287,9.576243,far,,,,,,,,,,0.000000,missing
288,9.609610,near,1,627.000,596.000,3.110416,11.059710,561.331,462.474,695.626,613.646,0.926820,detected
288,9.609610,far,,,,,,,,,,0.000000,missing
289,9.642976,near,1,628.000,598.000,3.121836,11.125560,560.527,464.606,697.020,613.835,0.926138,detected
289,9.642976,far,2,735.000,375.000,4.102398,0.000000,693.875,287.803,781.056,386.960,0.894247,detected
290,9.676343,near,1,631.000,600.000,3.150789,11.190402,561.026,465.624,700.368,613.447,0.920581,detected
290,9.676343,far,2,737.000,375.000,4.128741,0.000000,696.117,290.458,782.915,388.954,0.885749,detected
291,9.709710,near,1,634.000,601.000,3.178385,11.222217,563.104,464.870,707.555,613.323,0.930518,detected
291,9.709710,far,2,737.000,375.000,4.128741,0.000000,696.093,291.275,783.399,390.321,0.888674,detected
292,9.743076,near,1,634.000,601.000,3.178385,11.222217,566.168,463.307,716.500,613.005,0.929824,detected
292,9.743076,far,,737.000,375.000,4.128741,0.000000,,,,,0.000000,tracked
293,9.776443,near,1,634.000,601.000,3.178385,11.222217,566.026,461.018,722.808,613.514,0.931167,detected
293,9.776443,far,2,738.000,374.000,4.142230,0.000000,701.810,295.663,784.308,389.628,0.857978,detected
294,9.809810,near,1,638.000,602.000,3.214680,11.253632,564.789,458.794,725.588,613.462,0.929786,detected
294,9.809810,far,,738.000,374.000,4.142230,0.000000,,,,,0.000000,tracked
295,9.843177,near,1,639.000,603.000,3.224581,11.285890,563.024,455.598,727.370,613.649,0.927951,detected
295,9.843177,far,2,747.000,374.000,4.261078,0.000000,707.021,293.843,788.461,389.550,0.863546,detected
296,9.876543,near,1,644.000,601.000,3.266280,11.219099,560.849,452.346,727.913,613.777,0.919097,detected
296,9.876543,far,2,749.000,376.000,4.286234,0.000000,709.569,292.393,790.750,390.103,0.847707,detected
297,9.909910,near,1,645.000,599.000,3.272959,11.153161,562.324,448.423,731.543,613.193,0.894228,detected
297,9.909910,far,2,750.000,377.000,4.298731,0.000000,709.593,290.512,791.024,390.805,0.852581,detected
298,9.943277,near,1,647.000,598.000,3.289560,11.119574,563.572,444.024,734.480,612.737,0.920643,detected
298,9.943277,far,2,748.000,378.000,4.271886,0.000000,708.379,289.039,789.395,391.184,0.849058,detected
299,9.976643,near,1,647.000,599.000,3.290595,11.152533,564.724,440.082,736.872,612.863,0.922799,detected
299,9.976643,far,,747.000,377.000,4.259360,0.000000,,,,,0.000000,tracked
300,10.010010,near,1,650.000,600.000,3.318043,11.184457,566.781,437.249,739.287,613.718,0.928953,detected
300,10.010010,far,2,743.000,379.000,4.205969,0.000000,703.286,286.454,781.517,391.381,0.807253,detected
301,10.043377,near,1,653.000,600.000,3.344463,11.183518,570.278,434.841,741.161,613.437,0.930133,detected
301,10.043377,far,2,740.000,377.000,4.167519,0.000000,701.771,286.024,777.497,391.312,0.812226,detected
302,10.076743,near,1,655.000,600.000,3.362078,11.182892,574.324,433.519,743.044,613.889,0.925671,detected
302,10.076743,far,2,737.000,380.000,4.127324,0.000000,701.057,286.000,775.287,392.889,0.782992,detected
303,10.110110,near,1,659.000,602.000,3.399060,11.247105,578.297,432.538,744.838,615.413,0.924941,detected
303,10.110110,far,2,733.000,384.000,4.074543,0.000000,701.194,286.000,775.252,396.273,0.842854,detected
304,10.143477,near,1,662.000,605.000,3.427900,11.343668,583.375,433.136,746.026,617.042,0.924696,detected
304,10.143477,far,2,730.000,386.000,4.035635,0.000000,702.689,286.000,777.438,400.204,0.858888,detected
305,10.176844,near,1,666.000,604.000,3.462112,11.310029,590.880,434.827,747.602,617.210,0.901268,detected
305,10.176844,far,2,730.000,387.000,4.035553,0.000000,703.285,286.000,778.883,403.956,0.848116,detected
306,10.210210,near,1,668.000,604.000,3.479634,11.309411,594.584,436.515,745.709,617.501,0.913127,detected
306,10.210210,far,2,727.000,394.000,3.997066,0.000000,703.015,286.000,780.368,408.565,0.875815,detected
307,10.243577,near,1,668.000,602.000,3.478126,11.244307,596.531,437.316,743.111,617.280,0.898760,detected
307,10.243577,far,2,723.000,395.000,3.946614,0.000000,702.631,286.000,780.014,409.952,0.874486,detected
308,10.276944,near,1,668.000,604.000,3.479634,11.309411,595.948,437.844,739.595,617.625,0.920816,detected
308,10.276944,far,2,722.000,397.000,3.934266,0.000000,703.430,286.000,781.118,410.801,0.849793,detected
309,10.310310,near,1,668.000,604.000,3.479634,11.309411,595.260,437.641,736.793,617.581,0.921458,detected
309,10.310310,far,2,721.000,396.000,3.921550,0.000000,702.077,286.000,779.669,411.329,0.813958,detected
310,10.343677,near,1,667.000,604.000,3.470873,11.309720,594.183,436.605,734.810,617.689,0.919881,detected
310,10.343677,far,2,720.000,401.000,3.909877,0.259946,700.585,286.000,777.796,411.790,0.872284,detected
311,10.377044,near,1,666.000,605.000,3.462888,11.342438,592.360,434.832,732.648,617.396,0.926307,detected
311,10.377044,far,2,718.000,402.000,3.885202,0.349982,698.127,286.000,776.178,414.461,0.888647,detected
312,10.410410,near,1,666.000,602.000,3.460553,11.244928,590.786,432.501,731.531,617.397,0.929472,detected
312,10.410410,far,2,717.000,408.000,3.874295,0.872278,696.134,286.000,776.667,419.444,0.888411,detected
313,10.443777,near,1,664.000,600.000,3.441363,11.180074,590.000,430.810,730.210,616.594,0.883749,detected
313,10.443777,far,2,716.000,411.000,3.862840,1.129116,693.633,286.000,776.460,424.377,0.884938,detected
314,10.477144,near,1,664.000,596.000,3.438096,11.047966,587.829,428.516,727.429,614.567,0.929098,detected
314,10.477144,far,2,714.000,413.000,3.839082,1.299800,692.692,286.000,777.074,427.582,0.894429,detected
315,10.510511,near,1,662.000,592.000,3.416960,10.914942,587.268,426.259,724.202,610.308,0.929963,detected
315,10.510511,far,2,711.000,411.000,3.801851,1.133613,689.073,286.453,772.647,428.874,0.858908,detected
316,10.543877,near,1,660.000,590.000,3.397359,10.848166,586.730,424.012,721.749,608.316,0.912278,detected
316,10.543877,far,2,710.000,415.000,3.791320,1.470862,686.855,289.067,769.508,432.145,0.839538,detected
317,10.577244,near,1,657.000,588.000,3.368678,10.781325,584.993,422.627,716.309,604.054,0.916853,detected
317,10.577244,far,2,710.000,414.000,3.790906,1.387282,682.570,294.405,762.383,436.186,0.868704,detected
318,10.610611,near,1,653.000,586.000,3.330837,10.714422,583.362,421.896,711.277,601.219,0.918204,detected
318,10.610611,far,2,710.000,416.000,3.791732,1.554109,676.067,297.297,751.614,437.513,0.809360,detected
319,10.643977,near,1,649.000,583.000,3.291722,10.612673,582.295,421.486,707.083,599.146,0.921700,detected
319,10.643977,far,2,707.000,425.000,3.759789,2.291140,679.932,301.191,753.547,438.909,0.802881,detected
320,10.677344,near,1,645.000,583.000,3.255606,10.614002,581.884,421.813,704.104,598.093,0.919489,detected
320,10.677344,far,2,706.000,420.000,3.745457,1.887244,674.188,303.847,743.503,438.830,0.803483,detected
321,10.710711,near,1,640.000,588.000,3.216317,10.786877,581.393,422.838,703.086,600.537,0.912812,detected
321,10.710711,far,2,706.000,422.000,3.746452,2.050100,671.447,304.428,738.577,439.336,0.848359,detected
322,10.744077,near,1,639.000,590.000,3.209698,10.854975,582.339,424.842,702.273,602.027,0.892954,detected
322,10.744077,far,2,704.000,419.000,3.720959,1.807064,667.684,303.646,733.525,439.428,0.858527,detected
323,10.777444,near,1,638.000,590.000,3.200766,10.855299,581.589,428.229,699.676,603.594,0.889107,detected
323,10.777444,far,2,698.000,420.000,3.649675,1.894147,661.854,297.934,729.348,439.208,0.838035,detected
324,10.810811,near,1,637.000,590.000,3.191834,10.855623,586.568,431.670,700.867,604.156,0.808833,detected
324,10.810811,far,2,696.000,416.000,3.622765,1.566410,659.306,294.792,727.269,438.797,0.868998,detected
325,10.844178,near,1,635.000,590.000,3.173971,10.856272,582.124,433.658,695.758,604.662,0.898134,detected
325,10.844178,far,2,691.000,415.000,3.561579,1.487631,656.628,292.908,724.534,438.697,0.883756,detected
326,10.877544,near,1,635.000,591.000,3.175189,10.890002,579.102,433.753,692.914,604.722,0.911184,detected
326,10.877544,far,2,689.000,415.000,3.537409,1.489395,653.304,290.062,721.686,438.719,0.872457,detected
327,10.910911,near,1,635.000,589.000,3.172750,10.822440,573.672,431.068,689.613,604.557,0.905398,detected
327,10.910911,far,2,687.000,421.000,3.518990,1.985150,650.404,287.991,718.949,438.335,0.870946,detected
328,10.944278,near,1,633.000,585.000,3.149832,10.686766,569.168,427.254,686.649,603.615,0.898798,detected
328,10.944278,far,2,686.000,419.000,3.505103,1.822661,648.628,287.421,716.762,438.016,0.837660,detected
329,10.977644,near,1,628.000,581.000,3.099493,10.550475,563.338,422.547,681.395,600.479,0.912548,detected
329,10.977644,far,2,683.000,421.000,3.471237,1.988583,646.322,286.586,714.473,438.121,0.811013,detected
330,11.011011,near,1,622.000,580.000,3.043774,10.517746,558.824,416.637,677.209,597.195,0.922822,detected
330,11.011011,far,2,683.000,418.000,3.468095,1.743109,645.537,286.568,713.415,437.968,0.892780,detected
331,11.044378,near,1,617.000,571.000,2.984779,10.202084,554.877,409.288,672.449,591.447,0.920508,detected
331,11.044378,far,2,683.000,419.000,3.469146,1.825259,645.604,286.532,713.518,437.890,0.893808,detected
332,11.077744,near,1,609.000,562.000,2.896232,9.878784,551.988,403.247,666.256,583.829,0.918317,detected
332,11.077744,far,2,680.000,421.000,3.435429,1.991157,646.649,287.174,715.152,438.177,0.901863,detected
333,11.111111,near,1,599.000,552.000,2.784452,9.509396,549.114,397.430,660.296,577.506,0.911539,detected
333,11.111111,far,2,676.000,422.000,3.388897,2.075740,647.733,288.175,717.022,438.248,0.903538,detected
334,11.144478,near,1,590.000,546.000,2.687102,9.283363,547.567,393.406,654.929,572.366,0.914915,detected
334,11.144478,far,2,676.000,420.000,3.386485,1.913116,649.438,290.084,719.047,437.202,0.911285,detected
335,11.177845,near,1,584.000,544.000,2.625560,9.208228,546.540,391.193,649.948,568.236,0.906504,detected
335,11.177845,far,2,672.000,421.000,3.339968,1.998020,650.555,291.162,721.363,437.250,0.863735,detected
336,11.211211,near,1,575.000,549.000,2.550999,9.404223,543.116,390.094,643.908,565.822,0.900906,detected
336,11.211211,far,2,669.000,422.000,3.305549,2.081717,651.109,291.599,723.794,437.903,0.909584,detected
337,11.244578,near,1,566.000,553.000,2.475253,9.559423,539.820,389.847,639.314,565.207,0.897514,detected
337,11.244578,far,2,665.000,422.000,3.257935,2.085131,650.972,292.461,725.095,438.325,0.913204,detected
338,11.277945,near,1,563.000,554.000,2.449415,9.598186,538.799,389.245,637.449,565.176,0.893740,detected
338,11.277945,far,2,664.000,424.000,3.248988,2.247238,649.243,293.926,723.865,438.501,0.907867,detected
339,11.311311,near,1,561.000,552.000,2.425695,9.523500,538.372,388.277,636.188,565.182,0.891264,detected
339,11.311311,far,2,664.000,425.000,3.250456,2.327391,646.997,293.393,722.636,438.266,0.904256,detected
340,11.344678,near,1,561.000,549.000,2.418270,9.409475,538.635,386.357,635.525,564.168,0.896897,detected
340,11.344678,far,2,663.000,426.000,3.240111,2.408067,644.360,292.388,720.898,438.117,0.908757,detected
341,11.378045,near,1,560.000,552.000,2.416262,9.523871,538.677,384.302,635.413,564.192,0.898532,detected
341,11.378045,far,2,662.000,426.000,3.228303,2.408905,641.631,290.867,719.211,438.069,0.903901,detected
342,11.411411,near,1,559.000,546.000,2.391730,9.295126,537.637,383.736,633.653,563.807,0.910347,detected
342,11.411411,far,2,662.000,424.000,3.225279,2.248930,638.721,288.493,716.993,437.675,0.899466,detected
343,11.444778,near,1,558.000,542.000,2.371922,9.140335,535.681,383.740,631.005,562.576,0.922012,detected
343,11.444778,far,2,661.000,422.000,3.210332,2.088545,636.238,286.962,714.714,437.587,0.897635,detected
344,11.478145,near,1,557.000,542.000,2.362340,9.140720,535.174,384.929,629.185,560.398,0.906114,detected
344,11.478145,far,2,659.000,420.000,3.183321,1.927758,634.346,286.173,712.461,437.493,0.894656,detected
345,11.511512,near,1,555.000,542.000,2.343178,9.141490,532.731,386.871,625.838,558.237,0.915811,detected
345,11.511512,far,2,655.000,418.000,3.132116,1.767446,631.804,286.000,708.875,436.455,0.898737,detected
346,11.544878,near,1,554.000,542.000,2.333598,9.141875,531.182,389.432,622.416,555.743,0.908808,detected
346,11.544878,far,2,654.000,418.000,3.120126,1.768314,629.714,286.000,706.154,436.340,0.889071,detected
347,11.578245,near,1,554.000,541.000,2.330945,9.102778,529.286,386.286,622.044,553.804,0.911204,detected
347,11.578245,far,2,650.000,416.000,3.068478,1.606764,626.924,286.718,702.111,435.566,0.891864,detected
348,11.611612,near,1,552.000,539.000,2.306362,9.024990,527.044,383.469,620.505,551.639,0.899161,detected
348,11.611612,far,2,648.000,418.000,3.048200,1.773524,624.121,289.229,697.839,435.578,0.892404,detected
349,11.644978,near,1,553.000,536.000,2.307879,8.905807,525.225,382.941,618.106,549.840,0.914698,detected
349,11.644978,far,2,649.000,419.000,3.062046,1.854673,622.946,293.151,694.732,435.874,0.900528,detected
350,11.678345,near,1,552.000,536.000,2.298208,8.906200,521.981,385.720,612.135,548.566,0.910469,detected
350,11.678345,far,2,648.000,421.000,3.053829,2.018590,622.130,297.080,692.013,435.875,0.900427,detected
351,11.711712,near,1,552.000,536.000,2.298208,8.906200,519.071,387.193,607.290,547.899,0.901551,detected
351,11.711712,far,2,647.000,419.000,3.038122,1.856401,619.770,298.867,688.708,435.629,0.896668,detected
352,11.745078,near,1,552.000,535.000,2.295472,8.866349,517.016,385.495,604.761,547.347,0.900222,detected
352,11.745078,far,2,649.000,420.000,3.063899,1.936365,618.846,299.756,687.490,435.836,0.888711,detected
353,11.778445,near,1,552.000,533.000,2.289974,8.786260,513.741,382.376,601.158,546.538,0.892135,detected
353,11.778445,far,2,647.000,421.000,3.041914,2.019447,616.411,300.243,685.183,435.359,0.889241,detected
354,11.811812,near,1,552.000,530.000,2.281661,8.665151,511.005,377.656,597.892,545.507,0.883684,detected
354,11.811812,far,2,645.000,419.000,3.014200,1.858130,614.242,301.101,683.218,434.749,0.882227,detected
355,11.845179,near,1,553.000,527.000,2.283080,8.542450,510.342,373.886,596.671,545.260,0.888368,detected
355,11.845179,far,2,643.000,414.000,2.980189,1.446605,612.836,301.083,681.757,432.199,0.905675,detected
356,11.878545,near,1,553.000,527.000,2.283080,8.542450,511.198,371.098,596.360,544.572,0.881596,detected
356,11.878545,far,2,641.000,414.000,2.956033,1.448372,611.369,300.326,680.413,429.082,0.892874,detected
357,11.911912,near,1,555.000,527.000,2.302707,8.541636,512.801,370.287,596.825,545.285,0.887077,detected
357,11.911912,far,2,641.000,412.000,2.951842,1.280758,608.427,298.403,678.621,426.675,0.898731,detected
358,11.945279,near,1,556.000,527.000,2.312522,8.541227,514.198,369.593,597.056,545.504,0.885167,detected
358,11.945279,far,2,643.000,412.000,2.976095,1.278975,605.651,294.705,678.058,425.622,0.881947,detected
359,11.978645,near,1,558.000,528.000,2.334863,8.581320,516.075,370.197,597.088,544.696,0.886883,detected
359,11.978645,far,2,645.000,410.000,2.996321,1.108189,604.941,290.350,678.979,423.920,0.884776,detected
360,12.012012,near,1,558.000,530.000,2.340261,8.662735,517.455,372.420,597.055,545.291,0.901945,detected
360,12.012012,far,2,647.000,407.000,3.014720,0.850285,600.979,287.257,677.429,424.056,0.910352,detected
361,12.045379,near,1,558.000,530.000,2.340261,8.662735,518.068,373.732,596.620,545.450,0.901308,detected
361,12.045379,far,2,647.000,405.000,3.010708,0.677807,598.375,286.109,674.819,422.281,0.897205,detected
362,12.078745,near,1,558.000,533.000,2.348291,8.783871,517.809,374.190,596.019,546.232,0.903441,detected
362,12.078745,far,2,644.000,404.000,2.971710,0.593814,596.200,286.000,671.726,420.706,0.890055,detected
363,12.112112,near,1,557.000,533.000,2.338571,8.784269,517.643,374.581,595.651,547.205,0.903172,detected
363,12.112112,far,2,640.000,402.000,2.917998,0.422969,593.998,286.000,667.457,418.499,0.865142,detected
364,12.145479,near,1,557.000,535.000,2.343912,8.864373,517.925,374.426,596.086,548.218,0.908886,detected
364,12.145479,far,2,636.000,397.000,2.856800,0.000000,592.933,286.000,662.905,414.331,0.843150,detected
365,12.178846,near,1,558.000,534.000,2.350950,8.823989,518.610,374.079,596.760,548.665,0.909257,detected
365,12.178846,far,2,633.000,395.000,2.814399,0.000000,592.456,286.000,660.074,412.167,0.754826,detected
366,12.212212,near,1,558.000,535.000,2.353601,8.863977,519.127,371.767,597.972,548.808,0.907919,detected
366,12.212212,far,2,631.000,393.000,2.784250,0.000000,591.634,286.000,657.130,410.175,0.843903,detected
367,12.245579,near,1,558.000,535.000,2.353601,8.863977,520.026,370.656,599.047,548.872,0.905556,detected
367,12.245579,far,2,629.000,392.000,2.756457,0.000000,593.060,288.475,655.572,408.860,0.787380,detected
368,12.278946,near,1,558.000,536.000,2.356244,8.903838,520.745,368.910,600.130,548.968,0.902615,detected
368,12.278946,far,2,628.000,392.000,2.743833,0.000000,590.666,286.750,653.071,407.401,0.854469,detected
369,12.312312,near,1,559.000,537.000,2.368537,8.943178,521.783,368.089,601.455,550.051,0.903813,detected
369,12.312312,far,2,627.000,392.000,2.731209,0.000000,589.982,286.348,652.576,407.547,0.803247,detected
370,12.345679,near,1,560.000,537.000,2.378196,8.942786,522.191,367.850,602.324,552.501,0.905517,detected
370,12.345679,far,2,624.000,392.000,2.693343,0.000000,587.436,286.000,650.815,407.585,0.837740,detected
371,12.379046,near,1,561.000,541.000,2.398123,9.100075,522.708,368.112,603.479,555.926,0.910184,detected
371,12.379046,far,2,621.000,392.000,2.655484,0.000000,585.534,286.000,649.761,407.716,0.795854,detected
372,12.412412,near,1,563.000,542.000,2.419836,9.138411,523.186,370.143,603.690,559.162,0.908401,detected
372,12.412412,far,2,619.000,390.000,2.624495,0.000000,582.555,287.239,647.831,408.416,0.652198,detected
373,12.445779,near,1,564.000,549.000,2.446705,9.408350,523.010,371.504,604.146,563.654,0.907704,detected
373,12.445779,far,2,623.000,387.000,2.666781,0.000000,581.902,286.370,647.863,407.368,0.786016,detected
374,12.479146,near,1,564.000,544.000,2.434398,9.215874,522.848,375.192,603.425,567.577,0.893898,detected
374,12.479146,far,2,617.000,386.000,2.587288,0.000000,577.101,287.438,643.084,405.223,0.865848,detected
375,12.512513,near,1,564.000,547.000,2.441806,9.331725,522.309,379.619,602.562,572.760,0.889907,detected
375,12.512513,far,2,616.000,383.000,2.565397,0.000000,574.476,286.450,640.851,403.163,0.871764,detected
376,12.545879,near,1,565.000,552.000,2.463432,9.522017,521.770,382.974,601.919,577.403,0.893959,detected
376,12.545879,far,2,610.000,382.000,2.485040,0.000000,572.160,286.090,637.672,399.120,0.863599,detected
377,12.579246,near,1,566.000,557.000,2.484722,9.709357,519.974,385.337,599.861,580.343,0.900174,detected
377,12.579246,far,2,603.000,376.000,2.374063,0.000000,566.835,286.000,629.961,393.293,0.884690,detected
378,12.612613,near,1,567.000,564.000,2.510275,9.966946,517.546,387.454,596.991,582.523,0.897619,detected
378,12.612613,far,2,597.000,373.000,2.284695,0.000000,561.274,286.000,623.792,391.370,0.848916,detected
379,12.645979,near,1,568.000,566.000,2.524071,10.039276,515.907,389.487,595.064,583.817,0.905626,detected
379,12.645979,far,2,591.000,373.000,2.205977,0.000000,555.674,286.000,617.448,389.600,0.835028,detected
380,12.679346,near,1,568.000,567.000,2.526328,10.075453,514.829,391.712,593.610,583.940,0.909534,detected
380,12.679346,far,2,586.000,372.000,2.136343,0.000000,551.191,286.000,613.084,389.074,0.726269,detected
381,12.712713,near,1,570.000,567.000,2.544769,10.074750,515.136,393.066,594.489,584.147,0.911013,detected
381,12.712713,far,2,583.000,375.000,2.109295,0.000000,546.627,286.000,610.838,391.768,0.772124,detected
382,12.746079,near,1,571.000,569.000,2.558398,10.146427,515.540,393.168,596.403,584.794,0.918001,detected
382,12.746079,far,2,577.000,374.000,2.026705,0.000000,542.007,286.000,607.841,392.198,0.901474,detected
383,12.779446,near,1,572.000,568.000,2.565405,10.110118,516.332,392.071,599.127,585.329,0.915715,detected
383,12.779446,far,2,572.000,374.000,1.961323,0.000000,535.853,286.000,603.582,391.734,0.910436,detected
384,12.812813,near,1,574.000,567.000,2.581656,10.073346,518.092,391.097,602.321,585.380,0.912632,detected
384,12.812813,far,2,568.000,377.000,1.922565,0.000000,530.196,286.000,600.499,391.702,0.901583,detected
385,12.846180,near,1,575.000,566.000,2.588720,10.036810,519.407,390.182,605.033,584.970,0.915982,detected
385,12.846180,far,2,564.000,376.000,1.866019,0.000000,524.195,286.000,597.214,391.898,0.900153,detected
386,12.879546,near,1,576.000,564.000,2.593650,9.963751,521.942,390.329,608.738,584.561,0.911307,detected
386,12.879546,far,2,562.000,376.000,1.839997,0.000000,521.907,286.000,596.300,391.323,0.888530,detected
387,12.912913,near,1,576.000,563.000,2.591487,9.927229,525.816,391.902,613.498,583.373,0.916435,detected
387,12.912913,far,2,559.000,379.000,1.815138,0.000000,518.436,286.000,594.017,391.075,0.905513,detected
388,12.946280,near,1,576.000,565.000,2.595807,10.000159,528.086,393.401,616.862,582.037,0.921109,detected
388,12.946280,far,2,558.000,380.000,1.806924,0.000000,516.066,286.000,592.195,390.387,0.880625,detected
389,12.979646,near,1,577.000,565.000,2.605059,9.999806,528.943,397.679,619.983,583.927,0.930254,detected
389,12.979646,far,2,556.000,377.000,1.766775,0.000000,510.301,286.000,587.976,390.185,0.870444,detected
390,13.013013,near,1,577.000,566.000,2.607195,10.036104,527.208,401.229,621.328,585.647,0.928333,detected
390,13.013013,far,2,557.000,377.000,1.779753,0.000000,511.528,286.000,589.830,390.233,0.904135,detected
391,13.046380,near,1,576.000,570.000,2.606493,10.180540,524.550,406.880,621.012,587.267,0.920643,detected
391,13.046380,far,2,556.000,377.000,1.766775,0.000000,512.074,286.000,590.847,390.308,0.827018,detected
392,13.079746,near,1,575.000,572.000,2.601568,10.252269,521.894,412.810,621.501,591.136,0.922525,detected
392,13.079746,far,2,559.000,375.000,1.796205,0.000000,512.967,286.000,591.941,389.998,0.879887,detected
393,13.113113,near,1,573.000,580.000,2.600253,10.534178,519.552,419.799,621.897,595.675,0.920481,detected
393,13.113113,far,2,561.000,376.000,1.826987,0.000000,515.127,286.000,594.211,390.085,0.889852,detected
394,13.146480,near,1,574.000,586.000,2.621692,10.740369,517.788,426.126,622.677,599.441,0.923641,detected
394,13.146480,far,2,565.000,376.000,1.879032,0.000000,518.857,286.000,597.483,389.725,0.902234,detected
395,13.179847,near,1,572.000,588.000,2.607904,10.809045,517.486,432.645,623.598,600.970,0.929362,detected
395,13.179847,far,2,569.000,374.000,1.922103,0.000000,523.891,286.000,601.975,389.476,0.878316,detected
396,13.213213,near,1,572.000,588.000,2.607904,10.809045,518.028,436.557,626.117,600.829,0.923781,detected
396,13.213213,far,,568.000,373.000,1.904481,0.000000,,,,,0.000000,tracked
397,13.246580,near,1,573.000,588.000,2.616839,10.808719,519.321,438.431,631.099,600.884,0.921344,detected
397,13.246580,far,2,581.000,374.000,2.079024,0.000000,536.723,286.000,613.194,389.020,0.856406,detected
398,13.279947,near,1,574.000,584.000,2.617584,10.671938,520.816,436.802,638.278,600.252,0.915244,detected
398,13.279947,far,2,582.000,375.000,2.096241,0.000000,540.424,286.000,617.199,389.885,0.872725,detected
399,13.313313,near,1,574.000,577.000,2.603013,10.429177,523.807,435.595,645.758,597.984,0.925850,detected
399,13.313313,far,2,583.000,375.000,2.109295,0.000000,543.039,286.000,620.027,390.003,0.865136,detected
400,13.346680,near,1,575.000,581.000,2.620407,10.568188,531.679,433.742,658.609,595.936,0.924602,detected
400,13.346680,far,2,584.000,376.000,2.126411,0.000000,543.885,286.000,621.288,390.171,0.878279,detected
401,13.380047,near,1,584.000,579.000,2.697790,10.495696,544.149,433.228,674.087,594.312,0.928120,detected
401,13.380047,far,2,583.000,376.000,2.113384,0.000000,544.830,286.000,622.883,390.613,0.858486,detected
402,13.413413,near,1,595.000,580.000,2.799277,10.526804,558.177,434.233,689.721,593.200,0.932662,detected
402,13.413413,far,2,584.000,379.000,2.138489,0.000000,545.497,286.000,624.421,391.210,0.886847,detected
403,13.446780,near,1,605.000,581.000,2.891462,10.558167,572.398,435.291,704.335,592.536,0.913734,detected
403,13.446780,far,2,583.000,379.000,2.125546,0.000000,545.489,286.000,625.604,392.128,0.887999,detected
404,13.480147,near,1,619.000,579.000,3.015118,10.483914,589.175,437.382,718.809,591.811,0.919724,detected
404,13.480147,far,2,586.000,380.000,2.168314,0.000000,547.358,286.000,627.316,392.058,0.881984,detected
405,13.513514,near,1,627.000,578.000,3.086341,10.446267,603.686,438.694,731.445,592.319,0.918059,detected
405,13.513514,far,2,590.000,380.000,2.219988,0.000000,551.488,286.000,630.926,392.312,0.874580,detected
406,13.546880,near,1,638.000,577.000,3.185123,10.407475,611.245,438.784,738.548,592.534,0.911778,detected
406,13.546880,far,2,592.000,380.000,2.245830,0.000000,555.914,286.000,634.041,392.231,0.867316,detected
407,13.580247,near,1,660.000,577.000,3.385572,10.400002,617.180,438.741,745.031,592.832,0.925033,detected
407,13.580247,far,2,594.000,377.000,2.260483,0.000000,561.191,286.000,637.673,391.613,0.850310,detected
408,13.613614,near,1,673.000,574.000,3.501856,10.289599,622.115,439.136,749.904,592.237,0.919260,detected
408,13.613614,far,2,597.000,378.000,2.303169,0.000000,565.333,286.000,640.127,391.689,0.807486,detected
409,13.646980,near,1,688.000,570.000,3.637135,10.141545,628.105,438.713,757.185,591.734,0.921705,detected
409,13.646980,far,2,600.000,376.000,2.334942,0.000000,572.147,286.000,646.370,392.057,0.883726,detected
410,13.680347,near,1,697.000,570.000,3.720160,10.138404,635.208,439.079,764.238,590.847,0.927772,detected
410,13.680347,far,2,605.000,376.000,2.400147,0.000000,577.541,286.000,651.733,393.430,0.877407,detected
411,13.713714,near,1,703.000,568.000,3.774846,10.064165,644.492,441.159,771.237,588.456,0.916504,detected
411,13.713714,far,2,609.000,379.000,2.462307,0.000000,582.700,286.000,656.921,394.836,0.868466,detected
412,13.747080,near,1,716.000,569.000,3.895379,10.095735,653.908,442.602,776.927,585.062,0.907865,detected
412,13.747080,far,2,612.000,379.000,2.501197,0.000000,583.737,286.000,657.260,396.930,0.736043,detected
413,13.780447,near,1,718.000,563.000,3.913102,9.876478,663.898,445.060,781.123,581.237,0.912671,detected
413,13.780447,far,2,616.000,385.000,2.571487,0.000000,588.496,286.000,662.881,399.621,0.875375,detected
414,13.813814,near,1,723.000,562.000,3.959721,9.837858,673.014,446.399,784.738,577.536,0.909927,detected
414,13.813814,far,2,619.000,387.000,2.615773,0.000000,592.148,286.000,667.901,402.462,0.862907,detected
415,13.847181,near,1,712.000,556.000,3.855568,9.618524,679.877,445.117,788.876,575.743,0.906623,detected
415,13.847181,far,2,621.000,387.000,2.641276,0.000000,596.205,286.000,672.639,403.259,0.902481,detected
416,13.880547,near,1,734.000,554.000,4.063424,9.535006,686.026,442.251,791.019,571.117,0.903496,detected
416,13.880547,far,2,624.000,390.000,2.687855,0.000000,598.434,286.000,677.174,405.873,0.920946,detected
417,13.913914,near,1,738.000,550.000,4.101974,9.381223,689.242,438.060,791.631,566.673,0.901873,detected
417,13.913914,far,2,627.000,394.000,2.736494,0.000000,600.382,286.000,681.144,407.638,0.920239,detected
418,13.947281,near,1,741.000,554.000,4.129742,9.532409,688.812,434.232,791.964,566.877,0.848737,detected
418,13.947281,far,2,631.000,397.000,2.794315,0.000000,600.872,286.000,683.053,409.324,0.896744,detected
419,13.980647,near,1,745.000,554.000,4.167647,9.530926,675.381,429.625,783.285,567.831,0.908065,detected
419,13.980647,far,2,636.000,398.000,2.859161,0.073344,602.058,286.587,684.177,409.988,0.881016,detected
420,14.014014,near,1,745.000,555.000,4.167380,9.568711,667.329,423.771,780.836,568.862,0.910828,detected
420,14.014014,far,2,641.000,392.000,2.908001,0.000000,604.304,286.502,685.166,408.965,0.885536,detected
421,14.047381,near,1,740.000,555.000,4.120074,9.570560,660.436,417.780,777.885,568.574,0.903310,detected
421,14.047381,far,2,648.000,390.000,2.992233,0.000000,607.507,286.867,687.000,408.223,0.867867,detected
422,14.080747,near,1,736.000,555.000,4.082237,9.572038,655.521,414.902,774.848,570.390,0.895776,detected
422,14.080747,far,2,654.000,396.000,3.079985,0.000000,614.470,291.017,692.125,409.227,0.873414,detected
423,14.114114,near,1,730.000,553.000,4.025581,9.498604,649.264,410.251,770.117,571.420,0.895613,detected
423,14.114114,far,2,656.000,393.000,3.099458,0.000000,618.267,291.884,695.461,408.970,0.848250,detected
424,14.147481,near,1,725.000,556.000,3.978247,9.613742,646.589,406.869,766.978,571.840,0.907166,detected
424,14.147481,far,2,657.000,392.000,3.110219,0.000000,621.074,292.006,697.676,408.150,0.850745,detected
425,14.180848,near,1,723.000,555.000,3.959310,9.576839,645.325,403.640,763.796,570.869,0.888789,detected
425,14.180848,far,2,658.000,391.000,3.121025,0.000000,622.784,291.427,698.595,406.493,0.847283,detected
426,14.214214,near,1,713.000,557.000,3.865209,9.655663,642.694,402.852,758.956,572.112,0.896482,detected
426,14.214214,far,2,662.000,392.000,3.173449,0.000000,621.712,290.007,698.377,406.083,0.876830,detected
427,14.247581,near,1,703.000,556.000,3.770676,9.621832,639.606,401.515,753.482,572.099,0.894635,detected
427,14.247581,far,2,663.000,388.000,3.179232,0.000000,617.275,287.417,695.390,404.225,0.861818,detected
428,14.280948,near,1,698.000,564.000,3.726906,9.920325,636.948,400.948,749.095,574.108,0.900733,detected
428,14.280948,far,2,664.000,389.000,3.193688,0.000000,620.418,286.433,698.464,403.592,0.856950,detected
429,14.314314,near,1,684.000,561.000,3.594707,9.814991,630.808,402.349,740.978,576.822,0.910985,detected
429,14.314314,far,2,663.000,387.000,3.177497,0.000000,618.521,286.066,696.633,403.332,0.843499,detected
430,14.347681,near,1,676.000,564.000,3.522126,9.928172,622.240,403.759,731.818,579.259,0.911083,detected
430,14.347681,far,2,661.000,384.000,3.146522,0.000000,611.376,286.000,690.379,402.224,0.571904,detected
431,14.381048,near,1,668.000,563.000,3.446858,9.894382,612.985,404.642,723.073,579.894,0.908241,detected
431,14.381048,far,2,663.000,384.000,3.172249,0.000000,610.918,286.000,689.116,401.007,0.426185,detected
432,14.414414,near,1,660.000,564.000,3.373312,9.933874,602.859,407.170,715.155,582.487,0.927325,detected
432,14.414414,far,2,654.000,385.000,3.058505,0.000000,608.594,286.000,685.143,400.831,0.702122,detected
433,14.447781,near,1,659.000,572.000,3.371730,10.223252,596.219,409.876,711.553,586.278,0.921779,detected
433,14.447781,far,2,646.000,376.000,2.935549,0.000000,606.086,286.000,678.730,397.874,0.527296,detected
434,14.481148,near,1,655.000,577.000,3.340000,10.401701,591.829,411.774,710.510,590.170,0.917017,detected
434,14.481148,far,,645.000,376.000,2.922476,0.000000,,,,,0.000000,tracked
435,14.514515,near,1,651.000,577.000,3.303549,10.403060,589.278,413.008,709.353,590.958,0.919734,detected
435,14.514515,far,,645.000,374.000,2.917791,0.000000,,,,,0.000000,tracked
436,14.547881,near,1,648.000,576.000,3.275123,10.368889,586.350,414.877,706.527,591.472,0.922127,detected
436,14.547881,far,,644.000,374.000,2.904661,0.000000,,,,,0.000000,tracked
437,14.581248,near,1,642.000,573.000,3.216839,10.264745,582.212,415.315,701.656,590.448,0.924176,detected
437,14.581248,far,,643.000,373.000,2.889117,0.000000,,,,,0.000000,tracked
438,14.614615,near,1,638.000,577.000,3.185123,10.407475,576.345,416.435,694.570,590.325,0.922162,detected
438,14.614615,far,,642.000,373.000,2.875960,0.000000,,,,,0.000000,tracked
439,14.647981,near,1,632.000,570.000,3.121223,10.161065,570.025,416.430,686.989,589.704,0.919166,detected
439,14.647981,far,,642.000,373.000,2.875960,0.000000,,,,,0.000000,tracked
440,14.681348,near,1,625.000,571.000,3.058251,10.199309,564.420,417.370,680.022,590.156,0.907001,detected
440,14.681348,far,,641.000,373.000,2.862804,0.000000,,,,,0.000000,tracked
441,14.714715,near,1,618.000,569.000,2.990894,10.130029,559.084,418.057,673.202,589.209,0.924480,detected
441,14.714715,far,,641.000,373.000,2.862804,0.000000,,,,,0.000000,tracked
442,14.748081,near,1,612.000,571.000,2.938871,10.203817,551.318,420.332,665.759,590.316,0.919770,detected
442,14.748081,far,,640.000,373.000,2.849649,0.000000,,,,,0.000000,tracked
443,14.781448,near,1,604.000,574.000,2.870587,10.313284,541.805,422.611,658.438,592.169,0.926878,detected
443,14.781448,far,,639.000,373.000,2.836494,0.000000,,,,,0.000000,tracked
444,14.814815,near,1,598.000,578.000,2.822901,10.456068,534.165,426.840,652.695,593.867,0.931785,detected
444,14.814815,far,,,,,,,,,,0.000000,missing
445,14.848182,near,1,592.000,579.000,2.770283,10.493005,528.771,430.158,649.415,594.091,0.929131,detected
445,14.848182,far,,,,,,,,,,0.000000,missing
446,14.881548,near,1,589.000,581.000,2.746858,10.563513,523.803,434.296,647.154,595.600,0.931269,detected
446,14.881548,far,,,,,,,,,,0.000000,missing
447,14.914915,near,1,588.000,581.000,2.737824,10.563847,519.567,438.693,645.550,596.859,0.927466,detected
447,14.914915,far,2,596.000,372.000,2.267802,0.000000,557.059,286.000,631.092,385.391,0.865590,detected
448,14.948282,near,1,587.000,579.000,2.724972,10.494687,517.020,442.705,644.910,597.027,0.923999,detected
448,14.948282,far,2,593.000,377.000,2.247477,0.000000,553.453,286.000,627.948,387.213,0.831081,detected
449,14.981648,near,1,585.000,577.000,2.702956,10.425451,513.812,445.823,644.223,596.923,0.933048,detected
449,14.981648,far,2,589.000,384.000,2.222317,0.000000,546.599,286.000,624.723,395.424,0.856755,detected
450,15.015015,near,1,582.000,581.000,2.683624,10.565850,504.265,448.999,639.308,597.923,0.921429,detected
450,15.015015,far,2,586.000,385.000,2.187743,0.000000,543.847,286.000,621.621,398.757,0.852507,detected
451,15.048382,near,1,579.000,584.000,2.662534,10.670286,489.730,450.983,631.185,598.416,0.913712,detected
451,15.048382,far,2,587.000,384.000,2.196698,0.000000,543.376,286.000,619.442,399.768,0.850385,detected
452,15.081748,near,1,572.000,581.000,2.593319,10.569189,475.110,455.330,620.846,598.662,0.917654,detected
452,15.081748,far,2,586.000,384.000,2.183890,0.000000,543.799,286.000,617.304,399.483,0.805355,detected
453,15.115115,near,1,566.000,581.000,2.539154,10.571192,460.230,458.870,610.219,598.835,0.923426,detected
453,15.115115,far,2,585.000,383.000,2.167186,0.000000,544.895,286.000,615.656,398.717,0.816101,detected
454,15.148482,near,1,560.000,583.000,2.489522,10.642208,445.309,461.450,599.873,598.992,0.932846,detected
454,15.148482,far,2,584.000,384.000,2.158277,0.000000,545.763,286.000,614.817,399.344,0.858353,detected
455,15.181849,near,1,553.000,581.000,2.421840,10.575529,429.536,461.874,589.014,598.831,0.936231,detected
455,15.181849,far,2,585.000,382.000,2.163273,0.000000,547.939,286.000,614.986,398.935,0.855212,detected
456,15.215215,near,1,548.000,581.000,2.376736,10.577197,416.700,460.404,581.700,598.631,0.932855,detected
456,15.215215,far,2,586.000,383.000,2.180021,0.000000,549.360,286.000,614.797,398.852,0.870402,detected
457,15.248582,near,1,541.000,579.000,2.308543,10.510147,405.724,457.825,575.332,597.942,0.929643,detected
457,15.248582,far,2,589.000,381.000,2.210905,0.000000,550.916,286.000,614.892,398.589,0.876714,detected
458,15.281949,near,1,534.000,580.000,2.247871,10.547233,396.226,454.191,570.549,597.445,0.935626,detected
458,15.281949,far,2,593.000,384.000,2.273562,0.000000,552.142,286.000,615.766,399.812,0.880075,detected
459,15.315315,near,1,526.000,573.000,2.156320,10.304617,389.314,450.668,566.834,596.700,0.925244,detected
459,15.315315,far,2,596.000,383.000,2.308406,0.000000,552.668,286.000,615.231,399.603,0.861522,detected
460,15.348682,near,1,516.000,568.000,2.050371,10.129687,386.428,448.179,563.122,594.059,0.925284,detected
460,15.348682,far,2,597.000,381.000,2.314063,0.000000,554.159,286.000,615.796,399.029,0.857874,detected
461,15.382049,near,1,507.000,567.000,1.964604,10.096841,384.537,445.825,560.422,592.067,0.925557,detected
461,15.382049,far,2,600.000,377.000,2.338536,0.000000,555.195,286.000,615.426,397.688,0.827004,detected
462,15.415415,near,1,496.000,573.000,1.882861,10.314898,379.890,444.777,557.332,593.415,0.929574,detected
462,15.415415,far,2,604.000,378.000,2.394054,0.000000,557.206,286.000,617.152,398.062,0.793066,detected
463,15.448782,near,1,486.000,573.000,1.791782,10.318322,376.201,445.349,551.623,592.528,0.923739,detected
463,15.448782,far,2,605.000,379.000,2.410465,0.000000,558.685,286.000,618.551,398.558,0.757512,detected
464,15.482149,near,1,473.000,575.000,1.680454,10.393254,371.303,447.133,545.386,593.193,0.927072,detected
464,15.482149,far,2,607.000,383.000,2.449715,0.000000,559.872,286.000,621.498,402.689,0.788117,detected
465,15.515516,near,1,469.000,580.000,1.661795,10.568946,364.514,448.722,539.491,595.436,0.921789,detected
465,15.515516,far,2,608.000,390.000,2.485165,0.000000,561.408,286.000,624.417,406.339,0.852417,detected
466,15.548882,near,1,462.000,580.000,1.598770,10.571281,358.497,451.910,531.308,596.126,0.925391,detected
466,15.548882,far,2,608.000,391.000,2.488339,0.000000,561.663,286.000,625.507,409.040,0.827807,detected
467,15.582249,near,1,457.000,579.000,1.550097,10.538305,352.369,454.030,523.087,596.045,0.919681,detected
467,15.582249,far,2,608.000,391.000,2.488339,0.000000,561.080,286.000,625.049,410.393,0.875913,detected
468,15.615616,near,1,450.000,581.000,1.494519,10.609814,346.315,456.461,513.924,596.137,0.917216,detected
468,15.615616,far,2,608.000,396.000,2.504013,0.000000,560.122,286.000,624.563,412.507,0.878041,detected
469,15.648982,near,1,441.000,581.000,1.413673,10.612803,333.411,456.915,500.352,596.517,0.857425,detected
469,15.648982,far,2,608.000,390.000,2.485165,0.000000,560.652,286.000,624.774,413.707,0.866998,detected
470,15.682349,near,1,433.000,581.000,1.341834,10.615458,324.291,455.399,491.447,596.873,0.907957,detected
470,15.682349,far,2,607.000,391.000,2.475703,0.000000,560.365,286.000,623.911,414.504,0.856323,detected
471,15.715716,near,1,425.000,580.000,1.265934,10.583612,315.651,453.418,481.154,596.434,0.932693,detected
471,15.715716,far,2,605.000,391.000,2.450435,0.000000,559.624,286.000,622.066,414.458,0.877512,detected
472,15.749082,near,1,416.000,579.000,1.180832,10.552015,305.020,449.079,470.100,595.991,0.931123,detected
472,15.749082,far,2,602.000,393.000,2.419161,0.000000,558.692,286.000,620.272,414.907,0.872472,detected
473,15.782449,near,1,407.000,578.000,1.095506,10.520334,295.509,442.563,461.171,595.621,0.908232,detected
473,15.782449,far,2,601.000,395.000,2.413204,0.000000,559.010,286.000,619.451,414.542,0.869350,detected
474,15.815816,near,1,395.000,576.000,0.978359,10.454698,290.885,435.471,456.706,594.537,0.912390,detected
474,15.815816,far,2,598.000,395.000,2.375629,0.000000,559.091,286.000,618.349,414.272,0.878175,detected
475,15.849183,near,1,388.000,579.000,0.929001,10.561365,288.473,428.287,455.634,594.615,0.912467,detected
475,15.849183,far,2,597.000,394.000,2.359697,0.000000,559.677,286.000,617.891,413.828,0.862421,detected
476,15.882549,near,1,381.000,580.000,0.870772,10.598252,284.627,421.639,451.551,594.707,0.893006,detected
476,15.882549,far,2,595.000,395.000,2.338060,0.000000,559.298,286.000,616.536,413.635,0.859834,detected
477,15.915916,near,1,374.000,579.000,0.803192,10.566035,283.229,415.624,449.983,595.271,0.903103,detected
477,15.915916,far,2,594.000,394.000,2.322052,0.000000,558.091,286.000,614.246,412.684,0.861161,detected
478,15.949283,near,1,369.000,579.000,0.758277,10.567703,280.247,410.802,444.987,595.538,0.904367,detected
478,15.949283,far,2,591.000,396.000,2.291527,0.000000,557.888,286.000,613.115,412.174,0.865384,detected
479,15.982649,near,1,364.000,577.000,0.703505,10.499995,276.374,407.098,438.395,595.202,0.902283,detected
479,15.982649,far,2,588.000,398.000,2.261259,0.118934,556.934,286.000,611.838,412.778,0.860995,detected
480,16.016016,near,1,362.000,575.000,0.675511,10.430879,275.592,403.726,434.517,595.130,0.916912,detected
480,16.016016,far,2,585.000,398.000,2.223943,0.121779,554.334,286.000,609.331,413.382,0.874213,detected
481,16.049383,near,1,358.000,573.000,0.629232,10.362031,275.438,402.036,429.645,595.202,0.906216,detected
481,16.049383,far,2,583.000,398.000,2.199069,0.123676,551.842,286.000,607.173,413.688,0.876990,detected
482,16.082749,near,1,353.000,574.000,0.589092,10.398881,274.833,400.478,423.424,594.594,0.909976,detected
482,16.082749,far,2,581.000,399.000,2.177959,0.214217,548.855,286.000,604.989,414.080,0.889330,detected
483,16.116116,near,1,349.000,575.000,0.558110,10.435274,273.657,398.878,415.354,592.399,0.895322,detected
483,16.116116,far,2,580.000,401.000,2.173076,0.391348,546.483,286.000,604.011,415.775,0.878847,detected
484,16.149483,near,1,344.000,574.000,0.507716,10.401934,272.298,397.598,406.827,590.395,0.884202,detected
484,16.149483,far,2,581.000,405.000,2.200203,0.738496,545.475,286.000,604.107,416.701,0.878144,detected
485,16.182850,near,1,338.000,574.000,0.453481,10.403969,269.513,395.790,398.130,590.110,0.869453,detected
485,16.182850,far,2,581.000,406.000,2.203858,0.824632,544.612,286.000,604.421,418.092,0.878295,detected
486,16.216216,near,1,334.000,569.000,0.390130,10.228639,265.324,393.892,387.698,589.058,0.859301,detected
486,16.216216,far,2,581.000,406.000,2.203858,0.824632,543.983,286.000,604.406,418.299,0.894913,detected
487,16.249583,near,1,328.000,571.000,0.346603,10.301690,261.237,392.762,377.128,588.808,0.867864,detected
487,16.249583,far,2,578.000,407.000,2.170875,0.913147,542.972,286.000,603.979,419.033,0.880290,detected
488,16.282950,near,1,323.000,572.000,0.306823,10.338726,253.308,389.383,366.212,589.769,0.726585,detected
488,16.282950,far,2,576.000,406.000,2.142699,0.829200,542.049,286.000,602.953,418.980,0.881416,detected
489,16.316316,near,1,314.000,574.000,0.236674,10.412103,244.368,387.628,354.918,589.384,0.822369,detected
489,16.316316,far,2,574.000,406.000,2.118240,0.831027,540.535,286.000,601.381,419.303,0.881861,detected
490,16.349683,near,1,308.000,574.000,0.182506,10.414135,237.842,387.992,346.334,589.128,0.883361,detected
490,16.349683,far,2,572.000,406.000,2.093784,0.832853,538.112,286.000,598.519,419.153,0.877340,detected
491,16.383050,near,1,302.000,574.000,0.128350,10.416166,235.700,389.012,342.425,589.326,0.899418,detected
491,16.383050,far,2,566.000,402.000,2.004226,0.491923,535.172,286.032,594.724,418.716,0.826715,detected
492,16.416416,near,1,298.000,574.000,0.092253,10.417521,233.691,391.024,338.725,589.035,0.918889,detected
492,16.416416,far,2,567.000,402.000,2.016549,0.490993,528.940,286.012,588.204,418.874,0.853458,detected
493,16.449783,near,1,295.000,573.000,0.059250,10.383460,232.089,392.201,336.653,589.605,0.915772,detected
493,16.449783,far,2,564.000,407.000,2.000046,0.925873,523.709,286.004,582.722,419.346,0.849004,detected
494,16.483150,near,1,294.000,576.000,0.068005,10.488708,231.164,393.726,335.051,589.483,0.914168,detected
494,16.483150,far,2,559.000,403.000,1.922232,0.585535,520.474,286.001,578.584,419.023,0.827351,detected
495,16.516517,near,1,295.000,575.000,0.071102,10.453507,230.427,395.075,334.043,589.632,0.919972,detected
495,16.516517,far,2,557.000,406.000,1.910448,0.846546,515.746,286.000,574.347,420.125,0.866484,detected
496,16.549883,near,1,291.000,576.000,0.041022,10.489717,229.609,395.543,333.471,589.846,0.920554,detected
496,16.549883,far,2,554.000,404.000,1.865133,0.676888,511.688,286.000,570.543,419.459,0.859528,detected
497,16.583250,near,1,289.000,575.000,0.017055,10.455530,228.404,395.423,332.236,589.690,0.925555,detected
497,16.583250,far,2,548.000,407.000,1.804973,0.940405,507.938,286.000,567.696,420.988,0.860190,detected
498,16.616617,near,,289.000,574.000,0.011058,10.420568,,,,,0.000000,tracked
498,16.616617,far,2,546.000,407.000,1.780600,0.942221,505.330,286.000,565.656,421.549,0.859314,detected
499,16.649983,near,,289.000,573.000,0.005042,10.385498,,,,,0.000000,tracked
499,16.649983,far,2,542.000,406.000,1.727262,0.860228,502.759,286.000,563.370,421.510,0.876788,detected
500,16.683350,near,,289.000,573.000,0.005042,10.385498,,,,,0.000000,tracked
500,16.683350,far,2,540.000,407.000,1.707500,0.947666,500.773,286.000,561.690,421.338,0.879021,detected
501,16.716717,near,,289.000,573.000,0.005042,10.385498,,,,,0.000000,tracked
501,16.716717,far,2,539.000,408.000,1.699976,1.033838,500.268,286.000,561.550,421.768,0.888080,detected
502,16.750083,near,,289.000,573.000,0.005042,10.385498,,,,,0.000000,tracked
502,16.750083,far,2,538.000,408.000,1.687820,1.034741,499.525,286.000,561.224,422.189,0.882973,detected
503,16.783450,near,,289.000,573.000,0.005042,10.385498,,,,,0.000000,tracked
503,16.783450,far,2,537.000,410.000,1.685020,1.205126,498.406,286.000,560.515,422.408,0.874792,detected
504,16.816817,near,,289.000,573.000,0.005042,10.385498,,,,,0.000000,tracked
504,16.816817,far,2,536.000,411.000,1.677587,1.290247,497.533,286.000,560.001,422.594,0.876631,detected
505,16.850184,near,,289.000,573.000,0.005042,10.385498,,,,,0.000000,tracked
505,16.850184,far,2,534.000,411.000,1.653426,1.292028,496.499,286.000,558.888,422.769,0.882764,detected
506,16.883550,near,,289.000,573.000,0.005042,10.385498,,,,,0.000000,tracked
506,16.883550,far,2,533.000,411.000,1.641346,1.292919,495.860,286.000,557.921,422.830,0.868893,detected
507,16.916917,near,,289.000,573.000,0.005042,10.385498,,,,,0.000000,tracked
507,16.916917,far,2,531.000,411.000,1.617189,1.294700,495.374,286.000,556.743,422.779,0.877043,detected
508,16.950284,near,,,,,,,,,,0.000000,missing
508,16.950284,far,2,530.000,409.000,1.595453,1.126849,493.427,286.000,553.940,422.537,0.833172,detected
509,16.983650,near,,,,,,,,,,0.000000,missing
509,16.983650,far,2,528.000,405.000,1.551456,0.787074,491.035,287.368,550.194,422.543,0.823363,detected
510,17.017017,near,,,,,,,,,,0.000000,missing
510,17.017017,far,2,526.000,409.000,1.546955,1.130443,487.124,286.511,545.902,422.596,0.864592,detected
511,17.050384,near,,,,,,,,,,0.000000,missing
511,17.050384,far,2,522.000,408.000,1.493414,1.049186,483.144,286.187,541.163,422.969,0.850861,detected
512,17.083750,near,,,,,,,,,,0.000000,missing
512,17.083750,far,2,518.000,410.000,1.455119,1.222121,479.028,286.063,535.812,423.132,0.836541,detected
513,17.117117,near,,,,,,,,,,0.000000,missing
513,17.117117,far,2,515.000,410.000,1.418840,1.224803,476.792,286.016,532.529,423.059,0.823898,detected
514,17.150484,near,,,,,,,,,,0.000000,missing
514,17.150484,far,2,512.000,411.000,1.387821,1.311613,478.335,286.000,534.134,422.643,0.852839,detected
515,17.183851,near,,,,,,,,,,0.000000,missing
515,17.183851,far,2,511.000,409.000,1.365178,1.143915,478.200,286.000,534.447,422.982,0.828726,detected
516,17.217217,near,,,,,,,,,,0.000000,missing
516,17.217217,far,2,506.000,409.000,1.304619,1.148403,476.555,286.000,533.660,423.149,0.832687,detected
517,17.250584,near,,,,,,,,,,0.000000,missing
517,17.250584,far,2,502.000,409.000,1.256183,1.151993,471.042,286.000,528.484,423.505,0.856891,detected
518,17.283951,near,,,,,,,,,,0.000000,missing
518,17.283951,far,2,498.000,409.000,1.207758,1.155582,470.596,286.000,529.789,423.408,0.885019,detected
519,17.317317,near,,,,,,,,,,0.000000,missing
519,17.317317,far,2,497.000,409.000,1.195653,1.156479,467.448,286.000,528.204,423.238,0.843914,detected
520,17.350684,near,,,,,,,,,,0.000000,missing
520,17.350684,far,2,496.000,408.000,1.177863,1.072633,465.570,286.000,527.933,422.909,0.890526,detected
521,17.384051,near,,,,,,,,,,0.000000,missing
521,17.384051,far,2,494.000,408.000,1.153608,1.074435,462.638,286.000,526.328,423.199,0.890859,detected
522,17.417417,near,,,,,,,,,,0.000000,missing
522,17.417417,far,2,493.000,408.000,1.141482,1.075336,459.990,286.000,524.190,422.308,0.891561,detected
523,17.450784,near,,,,,,,,,,0.000000,missing
523,17.450784,far,2,490.000,408.000,1.105107,1.078039,456.494,286.000,520.823,422.139,0.899094,detected
524,17.484151,near,,,,,,,,,,0.000000,missing
524,17.484151,far,2,487.000,408.000,1.068738,1.080741,453.589,286.000,517.564,421.906,0.898987,detected
525,17.517518,near,,,,,,,,,,0.000000,missing
525,17.517518,far,2,486.000,408.000,1.056616,1.081642,450.491,286.000,513.546,420.964,0.883655,detected
526,17.550884,near,,,,,,,,,,0.000000,missing
526,17.550884,far,2,482.000,402.000,0.971463,0.569857,446.697,286.000,508.654,420.185,0.869649,detected
527,17.584251,near,,,,,,,,,,0.000000,missing
527,17.584251,far,2,479.000,399.000,0.915765,0.310208,443.425,286.000,503.356,418.137,0.878983,detected
528,17.617618,near,,,,,,,,,,0.000000,missing
528,17.617618,far,2,474.000,402.000,0.873352,0.577261,441.485,286.000,500.186,417.946,0.870992,detected
529,17.650984,near,,,,,,,,,,0.000000,missing
529,17.650984,far,2,473.000,406.000,0.886528,0.923019,440.113,286.000,497.784,418.351,0.878162,detected
530,17.684351,near,,,,,,,,,,0.000000,missing
530,17.684351,far,2,469.000,405.000,0.831468,0.840986,439.045,286.000,495.568,418.435,0.862663,detected
