frame,time_s,role,track_id,x_px,y_px,court_x_m,court_y_m,bbox_x1,bbox_y1,bbox_x2,bbox_y2,confidence,source
0,0.000000,near,,,,,,,,,,0.000000,missing
0,0.000000,far,1,457.000,410.000,2.634242,4.188033,422.453,298.755,493.623,424.721,0.864145,detected
1,0.047619,near,,,,,,,,,,0.000000,missing
1,0.047619,far,1,457.000,410.000,2.634242,4.188033,422.341,298.830,493.481,424.754,0.865432,detected
2,0.095238,near,,,,,,,,,,0.000000,missing
2,0.095238,far,1,460.000,414.000,2.682100,3.801483,425.045,301.251,494.860,424.603,0.859894,detected
3,0.142857,near,,,,,,,,,,0.000000,missing
3,0.142857,far,1,458.000,412.000,2.652106,3.992324,430.881,301.676,500.546,423.967,0.872245,detected
4,0.190476,near,,,,,,,,,,0.000000,missing
4,0.190476,far,1,454.000,411.000,2.598081,4.091624,432.883,295.188,506.861,424.352,0.883362,detected
5,0.238095,near,,,,,,,,,,0.000000,missing
5,0.238095,far,1,455.000,411.000,2.610985,4.091012,435.321,292.311,511.181,424.225,0.886231,detected
6,0.285714,near,,,,,,,,,,0.000000,missing
6,0.285714,far,1,456.000,415.000,2.634077,3.710896,436.964,290.575,514.516,424.769,0.897857,detected
7,0.333333,near,,,,,,,,,,0.000000,missing
7,0.333333,far,1,457.000,415.000,2.646622,3.710326,437.633,290.777,515.662,425.290,0.907272,detected
8,0.380952,near,,,,,,,,,,0.000000,missing
8,0.380952,far,1,459.000,416.000,2.673910,3.617581,437.962,290.485,515.943,424.592,0.901722,detected
9,0.428571,near,,,,,,,,,,0.000000,missing
9,0.428571,far,1,464.000,414.000,2.732591,3.799165,437.308,288.762,517.029,426.175,0.869319,detected
10,0.476190,near,,,,,,,,,,0.000000,missing
10,0.476190,far,1,470.000,417.000,2.812060,3.521173,435.812,286.144,520.197,433.050,0.864157,detected
11,0.523810,near,,,,,,,,,,0.000000,missing
11,0.523810,far,1,472.000,420.000,2.839901,3.256552,439.398,285.734,525.659,438.702,0.822994,detected
12,0.571429,near,,,,,,,,,,0.000000,missing
12,0.571429,far,1,484.000,426.000,2.985384,2.754160,442.569,287.632,529.049,442.697,0.853446,detected
13,0.619048,near,,,,,,,,,,0.000000,missing
13,0.619048,far,1,498.000,434.000,3.140494,2.143112,453.700,288.756,540.331,446.832,0.881915,detected
14,0.666667,near,,,,,,,,,,0.000000,missing
14,0.666667,far,1,505.000,433.000,3.219101,2.212516,461.168,288.126,547.832,447.659,0.901768,detected
15,0.714286,near,,,,,,,,,,0.000000,missing
15,0.714286,far,1,515.000,430.000,3.336268,2.430370,467.514,287.033,557.514,452.781,0.911313,detected
16,0.761905,near,,,,,,,,,,0.000000,missing
16,0.761905,far,1,519.000,439.000,3.360927,1.786277,471.361,286.810,565.371,461.008,0.908325,detected
17,0.809524,near,,,,,,,,,,0.000000,missing
17,0.809524,far,1,530.000,446.000,3.459301,1.328109,481.348,288.644,575.388,465.636,0.848022,detected
18,0.857143,near,,,,,,,,,,0.000000,missing
18,0.857143,far,1,551.000,453.000,3.648583,0.902248,499.616,291.276,592.230,470.028,0.872953,detected
19,0.904762,near,,,,,,,,,,0.000000,missing
19,0.904762,far,1,565.000,457.000,3.769495,0.672944,512.329,292.650,602.577,471.287,0.871510,detected
20,0.952381,near,,,,,,,,,,0.000000,missing
20,0.952381,far,1,576.000,458.000,3.870635,0.615075,526.008,295.343,614.228,472.266,0.882842,detected
21,1.000000,near,,,,,,,,,,0.000000,missing
21,1.000000,far,1,588.000,471.000,3.921734,0.000000,537.246,298.930,631.848,487.919,0.903723,detected
22,1.047619,near,,,,,,,,,,0.000000,missing
22,1.047619,far,1,596.000,480.000,3.950769,0.000000,544.407,302.765,643.420,498.094,0.917527,detected
23,1.095238,near,,,,,,,,,,0.000000,missing
23,1.095238,far,1,616.000,485.000,4.095740,0.000000,556.121,294.667,659.959,502.647,0.809384,detected
24,1.142857,near,,,,,,,,,,0.000000,missing
24,1.142857,far,1,629.000,485.000,4.204155,0.000000,568.086,290.116,671.483,504.146,0.853495,detected
25,1.190476,near,,,,,,,,,,0.000000,missing
25,1.190476,far,1,640.000,480.000,4.326465,0.000000,580.443,281.479,683.652,504.066,0.793129,detected
26,1.238095,near,,,,,,,,,,0.000000,missing
26,1.238095,far,1,648.000,469.000,4.471155,0.031948,597.219,274.937,697.455,499.685,0.871100,detected
27,1.285714,near,,,,,,,,,,0.000000,missing
27,1.285714,far,1,653.000,461.000,4.579012,0.433716,610.099,267.368,707.501,491.805,0.812453,detected
28,1.333333,near,,,,,,,,,,0.000000,missing
28,1.333333,far,1,681.000,443.000,5.029464,1.465033,634.429,263.463,727.765,476.061,0.887893,detected
29,1.380952,near,,,,,,,,,,0.000000,missing
29,1.380952,far,1,696.000,445.000,5.158605,1.334140,645.681,261.473,739.838,468.683,0.925807,detected
30,1.428571,near,,,,,,,,,,0.000000,missing
30,1.428571,far,1,703.000,440.000,5.294171,1.651183,657.006,261.072,754.258,462.621,0.933347,detected
31,1.476190,near,,,,,,,,,,0.000000,missing
31,1.476190,far,1,714.000,433.000,5.510509,2.126237,664.615,261.105,766.545,455.874,0.946083,detected
32,1.523810,near,,,,,,,,,,0.000000,missing
32,1.523810,far,1,727.000,427.000,5.750846,2.564414,669.380,261.494,778.413,450.915,0.923590,detected
33,1.571429,near,,,,,,,,,,0.000000,missing
33,1.571429,far,1,736.000,438.000,5.668006,1.771767,674.907,265.173,795.162,454.630,0.926146,detected
34,1.619048,near,,,,,,,,,,0.000000,missing
34,1.619048,far,1,771.000,461.000,5.674873,0.402492,691.379,316.621,813.438,485.180,0.844475,detected
35,1.666667,near,,,,,,,,,,0.000000,missing
35,1.666667,far,1,768.000,487.000,5.334208,0.000000,683.668,299.306,844.638,512.459,0.934209,detected
36,1.714286,near,,,,,,,,,,0.000000,missing
36,1.714286,far,1,764.000,475.000,5.434448,0.000000,684.694,299.348,865.202,530.948,0.724891,detected
37,1.761905,near,,,,,,,,,,0.000000,missing
37,1.761905,far,1,787.000,521.000,5.155917,0.000000,692.126,314.494,875.377,541.414,0.930513,detected
38,1.809524,near,,,,,,,,,,0.000000,missing
38,1.809524,far,1,793.000,521.000,5.198333,0.000000,701.333,329.246,881.206,544.000,0.942742,detected
39,1.857143,near,,,,,,,,,,0.000000,missing
39,1.857143,far,1,804.000,522.000,5.267123,0.000000,714.895,343.773,886.888,544.000,0.942821,detected
40,1.904762,near,,,,,,,,,,0.000000,missing
40,1.904762,far,1,803.000,521.000,5.268983,0.000000,718.769,349.583,889.527,544.000,0.940233,detected
41,1.952381,near,,,,,,,,,,0.000000,missing
41,1.952381,far,1,805.000,522.000,5.274157,0.000000,721.943,351.329,893.575,544.000,0.938018,detected
42,2.000000,near,,,,,,,,,,0.000000,missing
42,2.000000,far,1,809.000,518.000,5.338955,0.000000,722.567,343.783,901.147,544.000,0.915341,detected
43,2.047619,near,,,,,,,,,,0.000000,missing
43,2.047619,far,1,806.000,509.000,5.403657,0.000000,722.550,340.188,901.276,541.271,0.898682,detected
44,2.095238,near,,,,,,,,,,0.000000,missing
44,2.095238,far,1,788.000,497.000,5.388712,0.000000,697.141,328.885,869.289,524.299,0.931007,detected
45,2.142857,near,,,,,,,,,,0.000000,missing
45,2.142857,far,1,781.000,496.000,5.344313,0.000000,677.771,324.056,845.267,517.170,0.932842,detected
46,2.190476,near,,,,,,,,,,0.000000,missing
46,2.190476,far,1,765.000,496.000,5.218870,0.000000,661.411,321.783,824.042,513.982,0.933694,detected
47,2.238095,near,,,,,,,,,,0.000000,missing
47,2.238095,far,1,748.000,491.000,5.132038,0.000000,652.955,316.761,815.139,513.111,0.935628,detected
48,2.285714,near,,,,,,,,,,0.000000,missing
48,2.285714,far,1,738.000,484.000,5.118042,0.000000,648.748,310.962,810.788,511.758,0.918899,detected
49,2.333333,near,,,,,,,,,,0.000000,missing
49,2.333333,far,1,706.000,455.000,5.139208,0.743122,646.417,305.345,794.488,493.298,0.929103,detected
50,2.380952,near,,,,,,,,,,0.000000,missing
50,2.380952,far,1,698.000,450.000,5.119083,1.031406,648.027,302.868,780.601,473.434,0.905147,detected
51,2.428571,near,,,,,,,,,,0.000000,missing
51,2.428571,far,1,683.000,448.000,4.993063,1.155067,642.184,303.131,765.532,465.586,0.893916,detected
52,2.476190,near,,,,,,,,,,0.000000,missing
52,2.476190,far,1,677.000,455.000,4.860806,0.751536,635.610,303.027,754.617,463.590,0.909064,detected
53,2.523810,near,,,,,,,,,,0.000000,missing
53,2.523810,far,1,670.000,452.000,4.822744,0.923672,628.085,303.477,743.087,462.765,0.911033,detected
54,2.571429,near,,,,,,,,,,0.000000,missing
54,2.571429,far,1,663.000,448.000,4.793313,1.161536,621.925,303.325,732.525,460.149,0.908635,detected
55,2.619048,near,,,,,,,,,,0.000000,missing
55,2.619048,far,1,651.000,440.000,4.751227,1.670230,613.305,303.523,720.048,456.291,0.909826,detected
56,2.666667,near,,,,,,,,,,0.000000,missing
56,2.666667,far,1,645.000,439.000,4.698272,1.738886,607.150,303.339,713.695,456.712,0.908848,detected
57,2.714286,near,,,,,,,,,,0.000000,missing
57,2.714286,far,1,639.000,441.000,4.616066,1.608923,603.143,306.638,707.083,456.470,0.921563,detected
58,2.761905,near,,,,,,,,,,0.000000,missing
58,2.761905,far,1,633.000,441.000,4.553493,1.611096,600.169,309.831,700.825,454.752,0.926398,detected
59,2.809524,near,,,,,,,,,,0.000000,missing
59,2.809524,far,1,629.000,441.000,4.511754,1.612545,597.393,311.237,694.872,451.951,0.923009,detected
60,2.857143,near,,,,,,,,,,0.000000,missing
60,2.857143,far,1,619.000,432.000,4.484888,2.237589,590.707,311.626,683.634,446.355,0.917404,detected
61,2.904762,near,,,,,,,,,,0.000000,missing
61,2.904762,far,1,615.000,430.000,4.458673,2.386793,584.537,311.204,676.146,443.736,0.922832,detected
62,2.952381,near,,,,,,,,,,0.000000,missing
62,2.952381,far,1,611.000,426.000,4.450000,2.694908,576.542,309.906,667.833,441.935,0.887972,detected
63,3.000000,near,,,,,,,,,,0.000000,missing
63,3.000000,far,1,607.000,421.000,4.450336,3.102445,566.216,305.980,658.239,439.506,0.908236,detected
64,3.047619,near,,,,,,,,,,0.000000,missing
64,3.047619,far,1,603.000,419.000,4.421722,3.274334,559.237,304.783,648.843,435.836,0.894015,detected
65,3.095238,near,,,,,,,,,,0.000000,missing
65,3.095238,far,1,592.000,422.000,4.264539,3.026635,549.546,307.210,635.262,434.756,0.834994,detected
66,3.142857,near,,,,,,,,,,0.000000,missing
66,3.142857,far,1,586.000,420.000,4.209734,3.197561,541.345,300.077,629.632,434.934,0.864452,detected
67,3.190476,near,,,,,,,,,,0.000000,missing
67,3.190476,far,1,580.000,422.000,4.123235,3.032594,534.352,294.360,623.493,434.337,0.885642,detected
68,3.238095,near,,,,,,,,,,0.000000,missing
68,3.238095,far,1,574.000,422.000,4.052504,3.035577,527.966,294.854,616.311,435.085,0.895535,detected
69,3.285714,near,,,,,,,,,,0.000000,missing
69,3.285714,far,1,570.000,423.000,3.998777,2.955088,520.965,292.485,610.908,435.134,0.906517,detected
70,3.333333,near,,,,,,,,,,0.000000,missing
70,3.333333,far,1,565.000,423.000,3.940145,2.957535,517.027,290.867,608.811,436.171,0.919487,detected
71,3.380952,near,,,,,,,,,,0.000000,missing
71,3.380952,far,1,560.000,422.000,3.887259,3.042546,513.337,290.240,605.840,436.495,0.919327,detected
72,3.428571,near,,,,,,,,,,0.000000,missing
72,3.428571,far,1,556.000,423.000,3.834515,2.961943,511.478,292.345,602.987,436.507,0.914266,detected
73,3.476190,near,,,,,,,,,,0.000000,missing
73,3.476190,far,1,549.000,424.000,3.747396,2.883786,503.203,291.540,595.362,436.700,0.902835,detected
74,3.523810,near,,,,,,,,,,0.000000,missing
74,3.523810,far,1,544.000,424.000,3.688987,2.886199,498.680,291.658,589.918,436.681,0.897725,detected
75,3.571429,near,,,,,,,,,,0.000000,missing
75,3.571429,far,1,537.000,425.000,3.603231,2.808937,493.810,293.715,583.161,436.734,0.890734,detected
76,3.619048,near,,,,,,,,,,0.000000,missing
76,3.619048,far,1,524.000,428.000,3.443408,2.578971,487.527,298.052,575.949,441.498,0.876740,detected
77,3.666667,near,,,,,,,,,,0.000000,missing
77,3.666667,far,1,519.000,433.000,3.374340,2.206671,484.612,304.852,569.753,444.450,0.887666,detected
78,3.714286,near,,,,,,,,,,0.000000,missing
78,3.714286,far,1,516.000,438.000,3.330834,1.855425,479.853,308.594,563.376,446.468,0.890353,detected
79,3.761905,near,,,,,,,,,,0.000000,missing
79,3.761905,far,1,515.000,437.000,3.322017,1.924636,476.684,308.678,560.105,447.252,0.911938,detected
80,3.809524,near,,,,,,,,,,0.000000,missing
80,3.809524,far,1,515.000,434.000,3.327977,2.136125,473.904,309.477,556.701,446.790,0.910856,detected
81,3.857143,near,,,,,,,,,,0.000000,missing
81,3.857143,far,1,512.000,431.000,3.300487,2.356740,469.194,309.272,551.367,444.000,0.920294,detected
82,3.904762,near,,,,,,,,,,0.000000,missing
82,3.904762,far,1,512.000,431.000,3.300487,2.356740,465.609,307.501,549.032,443.479,0.905136,detected
83,3.952381,near,,,,,,,,,,0.000000,missing
83,3.952381,far,1,512.000,433.000,3.296752,2.209592,462.249,306.361,546.440,443.327,0.891508,detected
84,4.000000,near,,,,,,,,,,0.000000,missing
84,4.000000,far,1,514.000,431.000,3.322935,2.355877,461.005,305.542,545.711,443.325,0.878332,detected
85,4.047619,near,,,,,,,,,,0.000000,missing
85,4.047619,far,1,518.000,432.000,3.365523,2.280170,462.056,304.517,548.106,444.260,0.899765,detected
86,4.095238,near,,,,,,,,,,0.000000,missing
86,4.095238,far,1,520.000,436.000,3.378393,1.992301,463.136,302.346,553.159,447.888,0.911134,detected
87,4.142857,near,,,,,,,,,,0.000000,missing
87,4.142857,far,1,518.000,436.000,3.356632,1.993096,460.893,300.780,554.823,451.900,0.898233,detected
88,4.190476,near,,,,,,,,,,0.000000,missing
88,4.190476,far,1,519.000,447.000,3.344451,1.269836,456.634,297.888,557.145,459.670,0.805949,detected
89,4.238095,near,,,,,,,,,,0.000000,missing
89,4.238095,far,1,520.000,448.000,3.352647,1.208198,445.317,292.338,552.114,462.807,0.913490,detected
90,4.285714,near,,,,,,,,,,0.000000,missing
90,4.285714,far,1,518.000,448.000,3.332341,1.208856,438.535,284.125,551.098,463.927,0.904425,detected
91,4.333333,near,,,,,,,,,,0.000000,missing
91,4.333333,far,1,505.000,442.000,3.207398,1.592075,431.354,270.926,549.435,463.073,0.892258,detected
92,4.380952,near,,,,,,,,,,0.000000,missing
92,4.380952,far,1,499.000,433.000,3.152492,2.215024,429.373,265.730,544.775,458.701,0.907735,detected
93,4.428571,near,,,,,,,,,,0.000000,missing
93,4.428571,far,1,496.000,422.000,3.128160,3.074558,426.380,261.902,536.605,450.285,0.902096,detected
94,4.476190,near,,,,,,,,,,0.000000,missing
94,4.476190,far,1,489.000,411.000,3.048680,4.070269,421.961,261.731,524.354,439.510,0.874328,detected
95,4.523810,near,,,,,,,,,,0.000000,missing
95,4.523810,far,1,483.000,408.000,2.971095,4.372033,407.218,261.000,508.108,436.573,0.893744,detected
96,4.571429,near,,,,,,,,,,0.000000,missing
96,4.571429,far,1,472.000,413.000,2.832372,3.888571,398.538,261.000,498.788,437.395,0.834563,detected
97,4.619048,near,,,,,,,,,,0.000000,missing
97,4.619048,far,1,457.000,421.000,2.660400,3.178723,382.404,261.000,486.292,443.983,0.899374,detected
98,4.666667,near,,,,,,,,,,0.000000,missing
98,4.666667,far,1,441.000,433.000,2.506191,2.239360,368.681,261.000,477.032,451.409,0.903030,detected
99,4.714286,near,,,,,,,,,,0.000000,missing
99,4.714286,far,1,431.000,440.000,2.418996,1.752048,357.562,261.000,470.407,458.253,0.916503,detected
100,4.761905,near,,,,,,,,,,0.000000,missing
100,4.761905,far,1,419.000,448.000,2.321761,1.241587,350.466,261.117,466.476,465.409,0.915573,detected
101,4.809524,near,,,,,,,,,,0.000000,missing
101,4.809524,far,1,404.000,453.000,2.190300,0.947199,340.277,262.203,459.936,472.586,0.911377,detected
102,4.857143,near,,,,,,,,,,0.000000,missing
102,4.857143,far,1,386.000,478.000,2.128625,0.000000,327.300,279.406,448.126,490.345,0.914204,detected
103,4.904762,near,,,,,,,,,,0.000000,missing
103,4.904762,far,1,380.000,479.000,2.080184,0.000000,321.153,296.046,436.899,497.305,0.910568,detected
104,4.952381,near,,,,,,,,,,0.000000,missing
104,4.952381,far,1,375.000,481.000,2.045434,0.000000,316.729,306.640,427.465,499.553,0.920190,detected
105,5.000000,near,,,,,,,,,,0.000000,missing
105,5.000000,far,1,374.000,480.000,2.032178,0.000000,318.879,312.762,427.290,500.369,0.917607,detected
106,5.047619,near,,,,,,,,,,0.000000,missing
106,5.047619,far,1,374.000,480.000,2.032178,0.000000,319.813,316.809,426.643,500.563,0.915877,detected
107,5.095238,near,,,,,,,,,,0.000000,missing
107,5.095238,far,1,382.000,479.000,2.097717,0.000000,329.828,316.297,440.012,499.982,0.918513,detected
108,5.142857,near,,,,,,,,,,0.000000,missing
108,5.142857,far,1,386.000,478.000,2.128625,0.000000,336.751,312.519,453.393,499.620,0.913631,detected
109,5.190476,near,,,,,,,,,,0.000000,missing
109,5.190476,far,1,388.000,472.000,2.121012,0.000000,340.585,306.447,463.208,496.484,0.904350,detected
110,5.238095,near,,,,,,,,,,0.000000,missing
110,5.238095,far,1,393.000,463.000,2.127681,0.397917,346.291,300.903,471.954,490.093,0.914707,detected
111,5.285714,near,,,,,,,,,,0.000000,missing
111,5.285714,far,1,403.000,463.000,2.222502,0.395267,361.044,303.973,481.907,483.763,0.923363,detected
112,5.333333,near,,,,,,,,,,0.000000,missing
112,5.333333,far,1,422.000,467.000,2.414414,0.185344,381.893,307.962,496.370,481.945,0.891688,detected
113,5.380952,near,,,,,,,,,,0.000000,missing
113,5.380952,far,1,431.000,465.000,2.492691,0.284435,396.898,315.867,503.840,480.938,0.908804,detected
114,5.428571,near,,,,,,,,,,0.000000,missing
114,5.428571,far,1,438.000,464.000,2.555901,0.334063,402.400,308.483,510.412,480.162,0.870627,detected
115,5.476190,near,,,,,,,,,,0.000000,missing
115,5.476190,far,1,452.000,458.000,2.677572,0.650084,411.912,297.859,523.849,479.630,0.909912,detected
116,5.523810,near,,,,,,,,,,0.000000,missing
116,5.523810,far,1,463.000,447.000,2.770982,1.288595,422.280,295.551,532.112,476.644,0.906868,detected
117,5.571429,near,,,,,,,,,,0.000000,missing
117,5.571429,far,1,474.000,446.000,2.883276,1.347141,437.681,295.518,541.207,467.599,0.918841,detected
118,5.619048,near,,,,,,,,,,0.000000,missing
118,5.619048,far,1,493.000,439.000,3.082602,1.796140,461.669,296.754,557.848,459.966,0.903456,detected
119,5.666667,near,,,,,,,,,,0.000000,missing
119,5.666667,far,1,503.000,439.000,3.189746,1.792343,474.280,292.491,568.411,455.674,0.885739,detected
120,5.714286,near,,,,,,,,,,0.000000,missing
120,5.714286,far,1,515.000,431.000,3.334157,2.355446,485.063,290.514,576.918,451.162,0.902120,detected
121,5.761905,near,,,,,,,,,,0.000000,missing
121,5.761905,far,1,525.000,432.000,3.443531,2.277202,496.939,292.166,584.625,445.807,0.895062,detected
122,5.809524,near,,,,,,,,,,0.000000,missing
122,5.809524,far,1,535.000,434.000,3.548072,2.127921,510.751,301.303,592.386,443.823,0.876572,detected
123,5.857143,near,,,,,,,,,,0.000000,missing
123,5.857143,far,1,549.000,432.000,3.710501,2.267046,525.196,297.551,608.717,443.328,0.878385,detected
124,5.904762,near,,,,,,,,,,0.000000,missing
124,5.904762,far,1,564.000,431.000,3.882409,2.334377,535.819,298.577,618.669,442.865,0.886961,detected
125,5.952381,near,,,,,,,,,,0.000000,missing
125,5.952381,far,1,566.000,430.000,3.910358,2.408081,541.605,299.537,624.274,442.606,0.903119,detected
126,6.000000,near,,,,,,,,,,0.000000,missing
126,6.000000,far,1,576.000,426.000,4.048623,2.711146,547.041,299.082,630.249,442.057,0.905324,detected
127,6.047619,near,,,,,,,,,,0.000000,missing
127,6.047619,far,1,583.000,423.000,4.151051,2.948732,552.823,298.683,635.865,441.258,0.919042,detected
128,6.095238,near,,,,,,,,,,0.000000,missing
128,6.095238,far,1,592.000,419.000,4.289824,3.280074,561.532,300.410,640.743,438.599,0.889104,detected
129,6.142857,near,,,,,,,,,,0.000000,missing
129,6.142857,far,1,597.000,414.000,4.396300,3.722818,568.086,300.988,641.671,432.571,0.859306,detected
130,6.190476,near,,,,,,,,,,0.000000,missing
130,6.190476,far,1,600.000,413.000,4.443432,3.813844,573.925,292.590,647.678,428.603,0.856964,detected
131,6.238095,near,,,,,,,,,,0.000000,missing
131,6.238095,far,1,606.000,408.000,4.572772,4.293615,578.211,287.835,649.907,425.240,0.822739,detected
132,6.285714,near,,,,,,,,,,0.000000,missing
132,6.285714,far,1,611.000,404.000,4.685673,4.702423,582.317,283.380,652.033,422.336,0.824787,detected
133,6.333333,near,,,,,,,,,,0.000000,missing
133,6.333333,far,1,622.000,405.000,4.818224,4.589842,585.761,274.856,656.540,420.438,0.861525,detected
134,6.380952,near,,,,,,,,,,0.000000,missing
134,6.380952,far,1,628.000,403.000,4.925351,4.797484,590.784,272.332,660.030,417.965,0.864948,detected
135,6.428571,near,,,,,,,,,,0.000000,missing
135,6.428571,far,1,633.000,402.000,5.006950,4.902156,593.761,270.175,662.568,417.015,0.872499,detected
136,6.476190,near,,,,,,,,,,0.000000,missing
136,6.476190,far,1,623.000,468.000,4.252717,0.086582,580.369,290.806,662.929,468.927,0.890532,detected
137,6.523810,near,,,,,,,,,,0.000000,missing
137,6.523810,far,1,631.000,479.000,4.255688,0.000000,580.260,300.281,668.220,490.795,0.899474,detected
138,6.571429,near,,,,,,,,,,0.000000,missing
138,6.571429,far,1,637.000,492.000,4.230944,0.000000,584.854,308.836,675.326,503.414,0.881307,detected
139,6.619048,near,,,,,,,,,,0.000000,missing
139,6.619048,far,1,641.000,492.000,4.263221,0.000000,588.507,314.120,679.852,509.406,0.901062,detected
140,6.666667,near,,,,,,,,,,0.000000,missing
140,6.666667,far,1,638.000,490.000,4.250220,0.000000,588.645,311.856,682.264,511.418,0.894050,detected
141,6.714286,near,,,,,,,,,,0.000000,missing
141,6.714286,far,1,641.000,489.000,4.280432,0.000000,588.611,300.876,686.589,512.268,0.889195,detected
142,6.761905,near,,,,,,,,,,0.000000,missing
142,6.761905,far,1,655.000,492.000,4.376102,0.000000,593.115,287.552,694.059,512.682,0.868981,detected
143,6.809524,near,,,,,,,,,,0.000000,missing
143,6.809524,far,1,653.000,485.000,4.403980,0.000000,596.038,276.188,696.687,511.401,0.858417,detected
144,6.857143,near,,,,,,,,,,0.000000,missing
144,6.857143,far,1,668.000,441.000,4.917917,1.598439,609.869,266.718,704.907,495.434,0.845513,detected
145,6.904762,near,,,,,,,,,,0.000000,missing
145,6.904762,far,1,678.000,436.000,5.081932,1.930079,619.486,262.595,707.840,477.014,0.891549,detected
146,6.952381,near,,,,,,,,,,0.000000,missing
146,6.952381,far,1,679.000,432.000,5.143626,2.212532,627.184,261.087,711.203,463.825,0.899145,detected
147,7.000000,near,,,,,,,,,,0.000000,missing
147,7.000000,far,1,680.000,432.000,5.154566,2.212116,634.500,261.000,716.518,455.785,0.903128,detected
148,7.047619,near,,,,,,,,,,0.000000,missing
148,7.047619,far,1,679.000,431.000,5.156769,2.285404,637.482,261.000,719.573,450.951,0.908910,detected
149,7.095238,near,,,,,,,,,,0.000000,missing
149,7.095238,far,1,677.000,426.000,5.202266,2.664475,636.775,261.050,722.329,448.301,0.932841,detected
150,7.142857,near,,,,,,,,,,0.000000,missing
150,7.142857,far,1,681.000,425.000,5.261967,2.741133,633.987,261.537,726.120,449.886,0.926068,detected
151,7.190476,near,,,,,,,,,,0.000000,missing
151,7.190476,far,1,681.000,432.000,5.165505,2.211700,629.158,261.000,732.222,458.299,0.934574,detected
152,7.238095,near,,,,,,,,,,0.000000,missing
152,7.238095,far,1,685.000,443.000,5.070496,1.463636,623.239,261.141,739.355,471.693,0.934732,detected
153,7.285714,near,,,,,,,,,,0.000000,missing
153,7.285714,far,1,683.000,455.000,4.918474,0.749792,617.350,262.251,746.654,487.079,0.930571,detected
154,7.333333,near,,,,,,,,,,0.000000,missing
154,7.333333,far,1,679.000,499.000,4.521684,0.000000,611.323,276.864,751.734,514.347,0.925116,detected
155,7.380952,near,,,,,,,,,,0.000000,missing
155,7.380952,far,1,681.000,512.000,4.455264,0.000000,611.662,293.206,754.852,529.213,0.941351,detected
156,7.428571,near,,,,,,,,,,0.000000,missing
156,7.428571,far,1,685.000,516.000,4.460827,0.000000,616.669,308.102,757.701,535.621,0.932512,detected
157,7.476190,near,,,,,,,,,,0.000000,missing
157,7.476190,far,1,689.000,518.000,4.477959,0.000000,620.719,316.368,760.427,538.180,0.935681,detected
158,7.523810,near,,,,,,,,,,0.000000,missing
158,7.523810,far,1,689.000,518.000,4.477959,0.000000,622.891,324.249,760.584,538.835,0.937666,detected
159,7.571429,near,,,,,,,,,,0.000000,missing
159,7.571429,far,1,692.000,514.000,4.523990,0.000000,625.117,325.305,763.577,538.221,0.933092,detected
160,7.619048,near,,,,,,,,,,0.000000,missing
160,7.619048,far,1,696.000,498.000,4.661394,0.000000,629.205,318.166,767.752,531.300,0.928782,detected
161,7.666667,near,,,,,,,,,,0.000000,missing
161,7.666667,far,1,696.000,484.000,4.769096,0.000000,628.872,313.474,764.068,522.125,0.906327,detected
162,7.714286,near,,,,,,,,,,0.000000,missing
162,7.714286,far,1,689.000,477.000,4.768128,0.000000,624.289,312.175,749.146,506.420,0.924990,detected
163,7.761905,near,,,,,,,,,,0.000000,missing
163,7.761905,far,1,680.000,479.000,4.674621,0.000000,617.926,311.384,736.746,499.118,0.926383,detected
164,7.809524,near,,,,,,,,,,0.000000,missing
164,7.809524,far,1,673.000,479.000,4.614887,0.000000,611.298,308.919,726.660,496.229,0.917370,detected
165,7.857143,near,,,,,,,,,,0.000000,missing
165,7.857143,far,1,662.000,472.000,4.573231,0.000000,609.460,301.440,722.645,492.310,0.915267,detected
166,7.904762,near,,,,,,,,,,0.000000,missing
166,7.904762,far,1,656.000,465.000,4.574339,0.227404,607.902,291.857,720.561,489.804,0.912061,detected
167,7.952381,near,,,,,,,,,,0.000000,missing
167,7.952381,far,1,651.000,456.000,4.601917,0.703520,607.736,284.594,716.260,483.683,0.897357,detected
168,8.000000,near,,,,,,,,,,0.000000,missing
168,8.000000,far,1,646.000,446.000,4.641470,1.289052,608.926,280.995,710.475,474.874,0.890749,detected
169,8.047619,near,,,,,,,,,,0.000000,missing
169,8.047619,far,1,644.000,436.000,4.717935,1.943374,609.682,280.237,703.370,465.937,0.873884,detected
170,8.095238,near,,,,,,,,,,0.000000,missing
170,8.095238,far,1,638.000,429.000,4.725629,2.451818,608.494,283.087,692.790,454.642,0.911629,detected
171,8.142857,near,,,,,,,,,,0.000000,missing
171,8.142857,far,1,632.000,434.000,4.608334,2.088402,606.622,283.990,686.285,449.967,0.904390,detected
172,8.190476,near,,,,,,,,,,0.000000,missing
172,8.190476,far,1,634.000,435.000,4.620281,2.017023,605.230,284.287,682.239,448.018,0.892556,detected
173,8.238095,near,,,,,,,,,,0.000000,missing
173,8.238095,far,1,633.000,435.000,4.609478,2.017422,604.854,281.688,681.070,447.387,0.893894,detected
174,8.285714,near,,,,,,,,,,0.000000,missing
174,8.285714,far,1,632.000,433.000,4.618110,2.159838,603.989,278.346,679.831,447.083,0.892090,detected
175,8.333333,near,,,,,,,,,,0.000000,missing
175,8.333333,far,1,633.000,428.000,4.680098,2.529961,602.273,271.429,678.539,444.160,0.894649,detected
176,8.380952,near,,,,,,,,,,0.000000,missing
176,8.380952,far,1,633.000,426.000,4.701424,2.684737,601.528,268.014,677.764,442.822,0.894243,detected
177,8.428571,near,,,,,,,,,,0.000000,missing
177,8.428571,far,1,635.000,422.000,4.769146,3.005355,601.670,266.651,676.959,441.016,0.890876,detected
178,8.476190,near,,,,,,,,,,0.000000,missing
178,8.476190,far,1,637.000,422.000,4.792551,3.004367,602.444,268.325,676.396,440.815,0.897539,detected
179,8.523810,near,20,497.000,470.000,3.105223,11.648704,434.990,311.176,554.421,485.867,0.880270,detected
179,8.523810,far,,646.000,394.000,5.320047,5.818246,,,,,0.000000,tracked
180,8.571429,near,20,497.000,471.000,3.104674,11.684399,435.636,310.349,546.548,489.409,0.861670,detected
180,8.571429,far,,646.000,394.000,5.320047,5.818246,,,,,0.000000,tracked
181,8.619048,near,20,493.000,470.000,3.068967,11.648003,435.677,298.867,542.859,490.363,0.829271,detected
181,8.619048,far,,646.000,394.000,5.320047,5.818246,,,,,0.000000,tracked
182,8.666667,near,20,496.000,468.000,3.097185,11.576056,436.166,276.696,545.525,490.191,0.804915,detected
182,8.666667,far,,645.000,393.000,5.324258,5.943042,,,,,0.000000,tracked
183,8.714286,near,20,495.000,463.000,3.090449,11.388135,433.473,271.060,539.995,489.309,0.739772,detected
183,8.714286,far,,644.000,392.000,5.328537,6.069868,,,,,0.000000,tracked
184,8.761905,near,20,496.000,452.000,3.106191,10.939179,439.771,266.023,539.746,482.728,0.841247,detected
184,8.761905,far,,644.000,392.000,5.328537,6.069868,,,,,0.000000,tracked
185,8.809524,near,20,495.000,442.000,3.102135,10.480968,442.402,262.938,536.052,474.402,0.854190,detected
185,8.809524,far,,643.000,391.000,5.332887,6.198771,,,,,0.000000,tracked
186,8.857143,near,20,495.000,421.000,3.117054,9.322768,444.553,261.818,531.873,455.629,0.853006,detected
186,8.857143,far,,643.000,391.000,5.332887,6.198771,,,,,0.000000,tracked
187,8.904762,near,20,494.000,419.000,3.106544,9.195133,447.893,261.411,531.717,442.503,0.901286,detected
187,8.904762,far,,643.000,391.000,5.332887,6.198771,,,,,0.000000,tracked
188,8.952381,near,20,489.000,411.000,3.048680,8.647949,448.355,261.261,531.132,434.496,0.910858,detected
188,8.952381,far,,642.000,390.000,5.337308,6.329805,,,,,0.000000,tracked
189,9.000000,near,20,484.000,412.000,2.984509,8.717230,444.607,261.243,529.841,433.921,0.909458,detected
189,9.000000,far,,,,,,,,,,0.000000,missing
190,9.047619,near,20,481.000,408.000,2.944826,8.423468,438.696,261.492,529.029,439.221,0.910346,detected
190,9.047619,far,,,,,,,,,,0.000000,missing
191,9.095238,near,20,475.000,434.000,2.886250,10.068453,426.744,262.009,527.801,454.007,0.911637,detected
191,9.095238,far,,,,,,,,,,0.000000,missing
192,9.142857,near,20,468.000,445.000,2.820366,10.616914,418.120,261.432,530.519,468.797,0.935183,detected
192,9.142857,far,,,,,,,,,,0.000000,missing
193,9.190476,near,20,460.000,465.000,2.763569,11.457767,410.802,264.289,532.650,484.111,0.937476,detected
193,9.190476,far,,,,,,,,,,0.000000,missing
194,9.238095,near,20,452.000,482.000,2.713367,12.048275,404.114,265.557,536.231,500.617,0.905759,detected
194,9.238095,far,,,,,,,,,,0.000000,missing
195,9.285714,near,20,446.000,489.000,2.672447,12.264579,392.604,272.881,527.475,513.405,0.885246,detected
195,9.285714,far,,,,,,,,,,0.000000,missing
196,9.333333,near,20,445.000,502.000,2.682608,12.633093,392.095,296.994,519.474,521.131,0.909450,detected
196,9.333333,far,,,,,,,,,,0.000000,missing
197,9.380952,near,20,447.000,502.000,2.698308,12.633314,392.959,310.355,515.246,523.856,0.924968,detected
197,9.380952,far,,,,,,,,,,0.000000,missing
198,9.428571,near,20,446.000,503.000,2.691761,12.659858,394.501,315.828,515.606,524.467,0.909621,detected
198,9.428571,far,,,,,,,,,,0.000000,missing
199,9.476190,near,20,446.000,503.000,2.691761,12.659858,391.003,318.706,510.757,524.663,0.921142,detected
199,9.476190,far,,,,,,,,,,0.000000,missing
200,9.523810,near,20,446.000,500.000,2.687820,12.579201,392.717,317.655,511.368,522.800,0.921704,detected
200,9.523810,far,,,,,,,,,,0.000000,missing
201,9.571429,near,20,450.000,495.000,2.713391,12.440489,395.236,310.819,514.868,520.071,0.912246,detected
201,9.571429,far,,,,,,,,,,0.000000,missing
202,9.619048,near,20,446.000,478.000,2.655451,11.916728,393.738,305.584,505.412,506.311,0.902790,detected
202,9.619048,far,,,,,,,,,,0.000000,missing
203,9.666667,near,20,443.000,471.000,2.616481,11.675056,393.434,302.428,498.069,496.186,0.900983,detected
203,9.666667,far,,,,,,,,,,0.000000,missing
204,9.714286,near,20,440.000,471.000,2.589285,11.674535,393.896,300.539,494.184,491.413,0.906446,detected
204,9.714286,far,,,,,,,,,,0.000000,missing
205,9.761905,near,20,437.000,468.000,2.555541,11.565381,394.262,294.233,493.512,488.376,0.913675,detected
205,9.761905,far,,,,,,,,,,0.000000,missing
206,9.809524,near,20,436.000,460.000,2.527493,11.258736,395.256,288.521,492.321,483.338,0.896220,detected
206,9.809524,far,,,,,,,,,,0.000000,missing
207,9.857143,near,20,432.000,452.000,2.466917,10.924438,396.217,282.580,490.427,476.500,0.901229,detected
207,9.857143,far,,,,,,,,,,0.000000,missing
208,9.904762,near,20,432.000,445.000,2.445843,10.607656,398.421,281.030,487.156,467.654,0.901155,detected
208,9.904762,far,,,,,,,,,,0.000000,missing
209,9.952381,near,20,431.000,440.000,2.418996,10.365149,399.659,278.586,484.017,459.942,0.894544,detected
209,9.952381,far,,,,,,,,,,0.000000,missing
210,10.000000,near,20,431.000,438.000,2.412154,10.264216,400.849,278.260,481.226,454.435,0.892017,detected
210,10.000000,far,,,,,,,,,,0.000000,missing
211,10.047619,near,20,431.000,439.000,2.415595,10.314981,401.785,278.759,479.101,451.060,0.900929,detected
211,10.047619,far,,,,,,,,,,0.000000,missing
212,10.095238,near,20,432.000,437.000,2.419596,10.213137,402.394,275.706,478.772,449.701,0.865157,detected
212,10.095238,far,,,,,,,,,,0.000000,missing
213,10.142857,near,20,432.000,437.000,2.419596,10.213137,404.753,277.924,478.475,449.154,0.878136,detected
213,10.142857,far,,,,,,,,,,0.000000,missing
214,10.190476,near,20,433.000,436.000,2.427127,10.161448,406.912,278.393,478.380,448.199,0.873583,detected
214,10.190476,far,,,,,,,,,,0.000000,missing
215,10.238095,near,20,434.000,429.000,2.413659,9.779627,408.985,278.348,478.509,447.402,0.885399,detected
215,10.238095,far,,,,,,,,,,0.000000,missing
216,10.285714,near,20,436.000,425.000,2.422228,9.546510,409.826,276.640,478.076,445.894,0.889261,detected
216,10.285714,far,,,,,,,,,,0.000000,missing
217,10.333333,near,20,441.000,420.000,2.463961,9.238709,410.347,276.548,476.931,442.737,0.892869,detected
217,10.333333,far,,,,,,,,,,0.000000,missing
218,10.380952,near,20,442.000,418.000,2.469121,9.109431,410.886,276.753,476.287,440.632,0.895159,detected
218,10.380952,far,,,,,,,,,,0.000000,missing
219,10.428571,near,20,443.000,415.000,2.470844,8.908662,411.399,277.529,475.576,438.262,0.894634,detected
219,10.428571,far,,,,,,,,,,0.000000,missing
220,10.476190,near,20,444.000,413.000,2.476279,8.770306,412.095,278.465,474.914,435.651,0.894011,detected
220,10.476190,far,,,,,,,,,,0.000000,missing
221,10.523810,near,20,445.000,413.000,2.489020,8.770743,412.996,278.937,474.754,433.652,0.889379,detected
221,10.523810,far,,,,,,,,,,0.000000,missing
222,10.571429,near,20,445.000,413.000,2.489020,8.770743,415.668,278.914,476.272,432.398,0.879233,detected
222,10.571429,far,,,,,,,,,,0.000000,missing
223,10.619048,near,20,448.000,415.000,2.533659,8.910774,421.560,279.487,479.420,429.374,0.738754,detected
223,10.619048,far,,,,,,,,,,0.000000,missing
224,10.666667,near,20,425.000,438.000,2.346970,10.262488,400.525,293.030,461.454,443.503,0.902640,detected
224,10.666667,far,,,,,,,,,,0.000000,missing
225,10.714286,near,20,430.000,436.000,2.394155,10.160556,392.315,292.685,457.838,448.728,0.929104,detected
225,10.714286,far,,,,,,,,,,0.000000,missing
226,10.761905,near,20,434.000,435.000,2.434749,10.109139,393.380,291.033,463.594,450.243,0.932115,detected
226,10.761905,far,,,,,,,,,,0.000000,missing
227,10.809524,near,20,437.000,434.000,2.464701,10.056814,394.410,294.827,466.491,450.900,0.919286,detected
227,10.809524,far,,,,,,,,,,0.000000,missing
228,10.857143,near,20,441.000,435.000,2.512098,10.111254,396.928,295.836,471.616,450.568,0.931585,detected
228,10.857143,far,,,,,,,,,,0.000000,missing
229,10.904762,near,20,442.000,437.000,2.528776,10.216061,400.837,298.398,479.883,453.222,0.929577,detected
229,10.904762,far,,,,,,,,,,0.000000,missing
230,10.952381,near,20,447.000,440.000,2.590558,10.369608,404.080,301.865,488.870,457.865,0.925980,detected
230,10.952381,far,,,,,,,,,,0.000000,missing
231,11.000000,near,20,449.000,446.000,2.624990,10.658760,405.826,307.869,494.127,459.925,0.931515,detected
231,11.000000,far,,,,,,,,,,0.000000,missing
232,11.047619,near,20,451.000,451.000,2.655291,10.885137,404.635,315.380,495.975,462.927,0.928834,detected
232,11.047619,far,,,,,,,,,,0.000000,missing
233,11.095238,near,20,452.000,450.000,2.663524,10.841203,397.847,325.591,491.501,464.545,0.930417,detected
233,11.095238,far,,,,,,,,,,0.000000,missing
234,11.142857,near,20,450.000,450.000,2.643297,10.840727,387.269,330.007,486.652,465.078,0.926471,detected
234,11.142857,far,,,,,,,,,,0.000000,missing
235,11.190476,near,20,447.000,451.000,2.615052,10.884199,375.814,330.014,483.568,465.261,0.927455,detected
235,11.190476,far,,,,,,,,,,0.000000,missing
236,11.238095,near,20,443.000,451.000,2.574797,10.883262,364.053,329.623,480.157,465.052,0.933195,detected
236,11.238095,far,,,,,,,,,,0.000000,missing
237,11.285714,near,20,438.000,450.000,2.521846,10.837870,353.100,328.268,477.264,465.168,0.930302,detected
237,11.285714,far,,,,,,,,,,0.000000,missing
238,11.333333,near,20,430.000,451.000,2.443848,10.880213,338.861,325.555,469.466,464.697,0.931174,detected
238,11.333333,far,,,,,,,,,,0.000000,missing
239,11.380952,near,20,426.000,450.000,2.400240,10.835010,328.970,322.624,465.026,464.541,0.928971,detected
239,11.380952,far,,,,,,,,,,0.000000,missing
240,11.428571,near,20,422.000,449.000,2.356127,10.789283,318.615,314.850,462.944,464.454,0.935861,detected
240,11.428571,far,,,,,,,,,,0.000000,missing
241,11.476190,near,20,417.000,446.000,2.293360,10.650644,312.352,310.301,460.529,464.018,0.936427,detected
241,11.476190,far,,,,,,,,,,0.000000,missing
242,11.523810,near,20,410.000,444.000,2.211768,10.554558,306.441,305.806,457.377,463.122,0.931868,detected
242,11.523810,far,,,,,,,,,,0.000000,missing
243,11.571429,near,20,401.000,443.000,2.112063,10.504187,302.811,302.199,454.313,461.080,0.928667,detected
243,11.571429,far,,,,,,,,,,0.000000,missing
244,11.619048,near,20,381.000,446.000,1.918894,10.641479,298.457,300.411,450.292,461.543,0.927446,detected
244,11.619048,far,,,,,,,,,,0.000000,missing
245,11.666667,near,20,371.000,447.000,1.821295,10.685436,293.349,299.740,446.172,462.942,0.921718,detected
245,11.666667,far,,,,,,,,,,0.000000,missing
246,11.714286,near,20,364.000,451.000,1.776249,10.864665,290.304,301.781,442.676,465.031,0.929766,detected
246,11.714286,far,,,,,,,,,,0.000000,missing
247,11.761905,near,20,362.000,453.000,1.769516,10.951726,289.115,305.834,438.491,466.151,0.929732,detected
247,11.761905,far,,,,,,,,,,0.000000,missing
248,11.809524,near,20,360.000,454.000,1.756217,10.994327,289.272,309.639,435.323,466.515,0.927826,detected
248,11.809524,far,,,,,,,,,,0.000000,missing
249,11.857143,near,20,358.000,453.000,1.729345,10.950809,289.049,311.703,433.057,466.643,0.927731,detected
249,11.857143,far,,,,,,,,,,0.000000,missing
250,11.904762,near,20,362.000,453.000,1.769516,10.951726,289.356,309.592,435.079,466.779,0.933271,detected
250,11.904762,far,,,,,,,,,,0.000000,missing
251,11.952381,near,20,362.000,452.000,1.762768,10.908200,288.849,306.470,436.725,466.567,0.932722,detected
251,11.952381,far,,,,,,,,,,0.000000,missing
252,12.000000,near,20,365.000,451.000,1.786399,10.864902,290.139,303.423,439.065,465.434,0.934412,detected
252,12.000000,far,53,439.000,351.000,1.968582,0.000000,419.866,280.757,458.990,358.305,0.749113,detected
253,12.047619,near,20,370.000,451.000,1.837133,10.866083,293.118,300.915,441.692,463.786,0.921994,detected
253,12.047619,far,53,438.000,352.000,1.958795,0.000000,418.306,280.882,458.786,360.829,0.779322,detected
254,12.095238,near,20,387.000,451.000,2.009427,10.870095,309.459,299.372,454.442,463.548,0.919107,detected
254,12.095238,far,53,436.000,352.000,1.914260,0.000000,417.785,281.901,457.895,360.764,0.645806,detected
255,12.142857,near,20,396.000,450.000,2.095546,10.827844,323.457,293.832,466.521,462.185,0.920466,detected
255,12.142857,far,53,438.000,353.000,1.971236,0.000000,418.516,284.589,457.047,360.452,0.515627,detected
256,12.190476,near,20,403.000,444.000,2.138174,10.552721,333.912,291.015,473.865,461.471,0.920077,detected
256,12.190476,far,,437.000,353.000,1.949240,0.000000,,,,,0.000000,tracked
257,12.238095,near,20,411.000,441.000,2.208730,10.409236,343.062,289.435,478.371,459.421,0.920246,detected
257,12.238095,far,,442.000,352.000,2.047802,0.000000,,,,,0.000000,tracked
258,12.285714,near,20,420.000,438.000,2.292616,10.261046,351.274,288.833,480.336,455.451,0.914876,detected
258,12.285714,far,,446.000,352.000,2.136726,0.000000,,,,,0.000000,tracked
259,12.333333,near,20,442.000,444.000,2.547475,10.562940,365.132,293.448,488.908,456.128,0.924600,detected
259,12.333333,far,,454.000,352.000,2.314327,0.000000,,,,,0.000000,tracked
260,12.380952,near,20,448.000,446.000,2.614645,10.658507,374.382,297.793,494.705,457.912,0.927394,detected
260,12.380952,far,,457.000,352.000,2.380842,0.000000,,,,,0.000000,tracked
261,12.428571,near,20,450.000,447.000,2.637360,10.705210,380.073,302.429,496.169,458.788,0.917095,detected
261,12.428571,far,,461.000,355.000,2.487883,0.274023,,,,,0.000000,tracked
262,12.476190,near,20,452.000,447.000,2.657929,10.705709,384.875,307.318,495.919,458.670,0.923661,detected
262,12.476190,far,,464.000,355.000,2.551954,0.280093,,,,,0.000000,tracked
263,12.523810,near,20,451.000,447.000,2.647645,10.705460,388.469,309.424,496.554,458.476,0.926651,detected
263,12.523810,far,,466.000,355.000,2.594643,0.284138,,,,,0.000000,tracked
264,12.571429,near,20,451.000,446.000,2.645679,10.659266,391.383,309.359,497.876,458.093,0.922539,detected
264,12.571429,far,,466.000,354.000,2.589913,0.014069,,,,,0.000000,tracked
265,12.619048,near,20,447.000,438.000,2.585761,10.268819,392.884,303.874,498.136,453.392,0.907182,detected
265,12.619048,far,,462.000,348.000,2.465970,0.000000,,,,,0.000000,tracked
266,12.666667,near,20,442.000,434.000,2.520274,10.058349,394.294,299.999,497.752,449.141,0.909041,detected
266,12.666667,far,,,,,,,,,,0.000000,missing
267,12.714286,near,20,437.000,428.000,2.444617,9.723294,393.988,294.084,497.034,445.212,0.912908,detected
267,12.714286,far,,,,,,,,,,0.000000,missing
268,12.761905,near,20,433.000,423.000,2.378994,9.423934,396.917,290.846,497.626,440.581,0.894418,detected
268,12.761905,far,,,,,,,,,,0.000000,missing
269,12.809524,near,20,430.000,420.000,2.330205,9.234443,401.206,289.105,499.284,436.364,0.895085,detected
269,12.809524,far,,,,,,,,,,0.000000,missing
270,12.857143,near,20,426.000,422.000,2.290892,9.359357,403.415,289.706,499.554,435.115,0.907286,detected
270,12.857143,far,,,,,,,,,,0.000000,missing
271,12.904762,near,20,425.000,422.000,2.278877,9.358982,404.757,290.912,499.287,434.826,0.900050,detected
271,12.904762,far,,,,,,,,,,0.000000,missing
272,12.952381,near,20,424.000,422.000,2.266861,9.358606,404.991,292.306,498.208,434.997,0.903270,detected
272,12.952381,far,53,461.000,350.000,2.456410,0.000000,430.498,274.864,483.302,361.603,0.506400,detected
273,13.000000,near,20,424.000,416.000,2.236987,8.968735,403.279,293.376,494.532,434.340,0.814730,detected
273,13.000000,far,53,461.000,351.000,2.463014,0.000000,432.311,275.027,482.900,363.575,0.655758,detected
274,13.047619,near,20,424.000,415.000,2.231767,8.900620,402.770,295.454,491.373,433.259,0.845420,detected
274,13.047619,far,53,460.000,353.000,2.453866,0.000000,433.812,275.514,482.019,364.379,0.701071,detected
275,13.095238,near,20,422.000,417.000,2.217278,9.035104,399.471,295.820,485.668,431.881,0.887500,detected
275,13.095238,far,,460.000,353.000,2.453866,0.000000,,,,,0.000000,tracked
276,13.142857,near,20,422.000,420.000,2.232810,9.231336,395.770,296.329,480.498,430.828,0.847474,detected
276,13.142857,far,,460.000,353.000,2.453866,0.000000,,,,,0.000000,tracked
277,13.190476,near,20,422.000,419.000,2.227703,9.166802,395.413,295.927,479.146,430.342,0.846246,detected
277,13.190476,far,53,462.000,348.000,2.465970,0.000000,439.389,278.317,479.539,357.038,0.609760,detected
278,13.238095,near,20,422.000,418.000,2.222526,9.101398,394.571,294.304,479.240,430.975,0.848749,detected
278,13.238095,far,53,460.000,350.000,2.433712,0.000000,439.071,278.591,480.033,360.265,0.508924,detected
279,13.285714,near,20,421.000,418.000,2.210179,9.100995,395.737,291.753,481.383,430.732,0.861045,detected
279,13.285714,far,53,462.000,352.000,2.491598,0.000000,440.134,279.463,481.300,362.150,0.572299,detected
280,13.333333,near,20,421.000,416.000,2.199443,8.967485,395.432,289.554,482.025,430.480,0.822318,detected
280,13.333333,far,53,461.000,353.000,2.475746,0.000000,440.577,282.323,482.476,366.119,0.681318,detected
281,13.380952,near,20,420.000,416.000,2.186925,8.967069,394.544,286.936,482.018,429.822,0.849791,detected
281,13.380952,far,53,463.000,353.000,2.519491,0.000000,441.112,283.634,482.673,366.449,0.406250,detected
282,13.428571,near,20,419.000,416.000,2.174405,8.966652,393.456,284.264,481.685,429.672,0.868069,detected
282,13.428571,far,53,462.000,354.000,2.503502,0.005760,441.313,283.740,482.117,365.052,0.625058,detected
283,13.476190,near,20,420.000,415.000,2.181359,8.898926,392.122,282.710,481.013,429.837,0.874851,detected
283,13.476190,far,53,469.000,352.000,2.646440,0.000000,444.032,282.422,484.415,363.933,0.571656,detected
284,13.523810,near,20,420.000,414.000,2.175716,8.829837,394.150,282.676,481.164,429.800,0.837328,detected
284,13.523810,far,53,466.000,351.000,2.575028,0.000000,446.519,281.051,486.132,362.536,0.629603,detected
285,13.571429,near,20,420.000,415.000,2.181359,8.898926,391.556,283.074,475.735,429.822,0.851694,detected
285,13.571429,far,53,467.000,352.000,2.602225,0.000000,448.871,280.028,487.954,361.888,0.697294,detected
286,13.619048,near,20,420.000,413.000,2.169994,8.759782,388.497,283.373,469.407,430.422,0.844006,detected
286,13.619048,far,53,465.000,350.000,2.547148,0.000000,448.636,279.518,488.106,362.450,0.698328,detected
287,13.666667,near,20,421.000,414.000,2.188408,8.830268,387.820,282.683,466.179,431.215,0.721903,detected
287,13.666667,far,53,481.000,347.000,2.905954,0.000000,454.106,279.825,492.156,359.972,0.333773,detected
288,13.714286,near,20,422.000,418.000,2.222526,9.101398,388.865,283.297,464.174,431.454,0.781734,detected
288,13.714286,far,,481.000,347.000,2.905954,0.000000,,,,,0.000000,tracked
289,13.761905,near,20,423.000,419.000,2.239964,9.167197,392.035,284.604,465.322,432.730,0.656235,detected
289,13.761905,far,53,475.000,350.000,2.773617,0.000000,455.437,281.609,494.274,359.746,0.748149,detected
290,13.809524,near,20,423.000,421.000,2.249950,9.295396,393.260,284.458,465.072,433.366,0.795869,detected
290,13.809524,far,53,471.000,349.000,2.679182,0.000000,454.780,282.014,494.925,359.480,0.783486,detected
291,13.857143,near,20,425.000,421.000,2.274143,9.296160,394.339,284.255,464.398,433.628,0.856132,detected
291,13.857143,far,53,478.000,347.000,2.835545,0.000000,455.998,280.635,497.636,359.013,0.856036,detected
292,13.904762,near,20,425.000,415.000,2.244365,8.901045,397.680,284.521,465.552,433.221,0.816925,detected
292,13.904762,far,,478.000,347.000,2.835545,0.000000,,,,,0.000000,tracked
293,13.952381,near,20,427.000,415.000,2.269556,8.901892,401.233,283.245,467.822,433.296,0.795096,detected
293,13.952381,far,,478.000,347.000,2.835545,0.000000,,,,,0.000000,tracked
294,14.000000,near,20,428.000,414.000,2.277208,8.833286,405.655,282.747,470.883,433.476,0.845219,detected
294,14.000000,far,53,479.000,347.000,2.859020,0.000000,459.551,275.698,504.505,358.894,0.826506,detected
295,14.047619,near,20,431.000,416.000,2.324532,8.971647,411.052,282.464,475.320,433.947,0.867455,detected
295,14.047619,far,53,480.000,348.000,2.883912,0.000000,462.404,274.610,507.816,358.785,0.844253,detected
296,14.095238,near,20,437.000,418.000,2.407532,9.107425,418.016,281.112,482.218,433.502,0.863821,detected
296,14.095238,far,53,486.000,347.000,3.023186,0.000000,467.747,273.315,513.279,359.126,0.804692,detected
297,14.142857,near,20,444.000,418.000,2.493746,9.110233,423.439,279.577,488.747,433.300,0.889200,detected
297,14.142857,far,53,488.000,348.000,3.069077,0.000000,470.720,272.527,515.870,359.402,0.802481,detected
298,14.190476,near,20,448.000,422.000,2.554827,9.367602,426.652,278.589,493.596,434.139,0.899704,detected
298,14.190476,far,53,489.000,351.000,3.088603,0.000000,472.599,272.145,517.183,359.935,0.787278,detected
299,14.238095,near,20,452.000,419.000,2.594872,9.178638,428.305,278.960,496.008,433.913,0.906580,detected
299,14.238095,far,53,492.000,351.000,3.155387,0.000000,473.997,271.402,518.024,360.254,0.749519,detected
300,14.285714,near,20,455.000,421.000,2.636304,9.307592,428.844,278.148,498.174,434.045,0.906890,detected
300,14.285714,far,,495.000,351.000,3.222124,0.000000,,,,,0.000000,tracked
301,14.333333,near,20,459.000,420.000,2.682429,9.245678,430.662,278.846,501.268,434.449,0.914411,detected
301,14.333333,far,53,497.000,346.000,3.284317,0.000000,477.744,270.204,518.537,356.514,0.689547,detected
302,14.380952,near,20,461.000,421.000,2.708572,9.309874,431.361,278.992,503.379,434.817,0.917214,detected
302,14.380952,far,,496.000,346.000,3.260642,0.000000,,,,,0.000000,tracked
303,14.428571,near,20,464.000,422.000,2.746322,9.373585,433.101,278.709,506.215,435.235,0.919527,detected
303,14.428571,far,,495.000,347.000,3.233841,0.000000,,,,,0.000000,tracked
304,14.476190,near,20,467.000,422.000,2.782185,9.374704,435.179,277.849,508.731,435.007,0.921764,detected
304,14.476190,far,,495.000,347.000,3.233841,0.000000,,,,,0.000000,tracked
305,14.523810,near,20,470.000,422.000,2.818033,9.375825,438.736,275.447,512.632,434.809,0.904576,detected
305,14.523810,far,,497.000,347.000,3.280589,0.000000,,,,,0.000000,tracked
306,14.571429,near,20,475.000,422.000,2.877752,9.377690,443.318,274.168,516.327,434.596,0.887264,detected
306,14.571429,far,,499.000,346.000,3.331650,0.000000,,,,,0.000000,tracked
307,14.619048,near,20,484.000,411.000,2.984440,8.645694,453.420,277.889,522.742,434.401,0.753164,detected
307,14.619048,far,,499.000,346.000,3.331650,0.000000,,,,,0.000000,tracked
308,14.666667,near,20,488.000,416.000,3.034420,8.995270,459.029,277.552,528.398,434.496,0.893462,detected
308,14.666667,far,,499.000,346.000,3.331650,0.000000,,,,,0.000000,tracked
309,14.714286,near,20,494.000,418.000,3.107298,9.130222,462.603,274.615,534.562,435.250,0.887136,detected
309,14.714286,far,,501.000,346.000,3.378960,0.000000,,,,,0.000000,tracked
310,14.761905,near,20,502.000,424.000,3.196933,9.509984,464.607,271.261,540.130,436.855,0.905923,detected
310,14.761905,far,,503.000,346.000,3.426246,0.000000,,,,,0.000000,tracked
311,14.809524,near,20,505.000,420.000,3.238470,9.263415,467.252,272.055,544.193,436.505,0.908623,detected
311,14.809524,far,,505.000,347.000,3.467354,0.000000,,,,,0.000000,tracked
312,14.857143,near,20,514.000,426.000,3.333404,9.633273,471.852,273.132,551.038,438.936,0.921296,detected
312,14.857143,far,,,,,,,,,,0.000000,missing
313,14.904762,near,20,515.000,428.000,3.340570,9.749596,475.783,274.320,556.895,441.737,0.931931,detected
313,14.904762,far,,,,,,,,,,0.000000,missing
314,14.952381,near,20,517.000,432.000,3.354374,9.973635,480.767,276.473,562.257,443.216,0.930259,detected
314,14.952381,far,,,,,,,,,,0.000000,missing
315,15.000000,near,20,520.000,432.000,3.387818,9.974577,485.353,278.768,566.467,444.471,0.922232,detected
315,15.000000,far,,,,,,,,,,0.000000,missing
316,15.047619,near,20,523.000,431.000,3.423884,9.920742,490.056,278.398,570.713,444.640,0.919921,detected
316,15.047619,far,,,,,,,,,,0.000000,missing
317,15.095238,near,20,529.000,415.000,3.545532,8.944805,497.507,278.574,575.905,444.437,0.888959,detected
317,15.095238,far,,,,,,,,,,0.000000,missing
318,15.142857,near,20,536.000,427.000,3.584057,9.699132,501.917,275.203,579.253,444.543,0.877318,detected
318,15.142857,far,53,510.000,351.000,3.555108,0.000000,494.413,268.693,533.126,361.261,0.550952,detected
319,15.190476,near,20,542.000,421.000,3.678843,9.340502,506.787,276.290,581.526,444.780,0.893738,detected
319,15.190476,far,53,512.000,351.000,3.599417,0.000000,496.182,269.015,533.545,361.427,0.613282,detected
320,15.238095,near,20,546.000,423.000,3.717010,9.465299,511.811,276.810,584.448,444.889,0.885072,detected
320,15.238095,far,53,515.000,350.000,3.674137,0.000000,498.625,269.749,534.839,361.246,0.690080,detected
321,15.285714,near,20,552.000,426.000,3.772404,9.646429,515.785,277.053,586.484,444.687,0.893871,detected
321,15.285714,far,53,516.000,349.000,3.705321,0.000000,501.196,269.602,536.583,360.284,0.695592,detected
322,15.333333,near,,553.000,422.000,3.804528,9.406641,,,,,0.000000,tracked
322,15.333333,far,,523.000,348.000,3.874951,0.000000,,,,,0.000000,tracked
323,15.380952,near,,552.000,422.000,3.792704,9.406272,,,,,0.000000,tracked
323,15.380952,far,60,464.000,432.000,2.761584,2.303143,423.597,284.282,497.615,445.525,0.900678,detected
324,15.428571,near,,551.000,422.000,3.780877,9.405903,,,,,0.000000,tracked
324,15.428571,far,60,465.000,434.000,2.775496,2.156716,424.369,287.390,497.718,446.611,0.876798,detected
325,15.476190,near,,551.000,421.000,3.786041,9.343886,,,,,0.000000,tracked
325,15.476190,far,60,466.000,433.000,2.785307,2.228850,427.166,289.764,500.457,447.333,0.911466,detected
326,15.523810,near,,560.000,421.000,3.893118,9.347266,,,,,0.000000,tracked
326,15.523810,far,60,468.000,432.000,2.806452,2.301436,431.432,293.186,504.338,447.005,0.918043,detected
327,15.571429,near,,560.000,420.000,3.899055,9.284489,,,,,0.000000,tracked
327,15.571429,far,60,470.000,431.000,2.827854,2.374903,433.682,296.612,506.329,445.994,0.908423,detected
328,15.619048,near,,563.000,419.000,3.941208,9.222040,,,,,0.000000,tracked
328,15.619048,far,60,471.000,432.000,2.840090,2.300156,434.541,307.829,505.201,447.627,0.913349,detected
329,15.666667,near,,566.000,418.000,3.983909,9.158781,,,,,0.000000,tracked
329,15.666667,far,60,470.000,437.000,2.833815,1.942288,434.810,313.583,508.732,452.401,0.912893,detected
330,15.714286,near,,566.000,418.000,3.983909,9.158781,,,,,0.000000,tracked
330,15.714286,far,60,470.000,441.000,2.837558,1.670692,431.602,314.356,512.224,457.820,0.932823,detected
331,15.761905,near,,565.000,418.000,3.971789,9.158386,,,,,0.000000,tracked
331,15.761905,far,60,469.000,450.000,2.835278,1.103923,429.984,323.495,513.003,462.487,0.932880,detected
332,15.809524,near,,,,,,,,,,0.000000,missing
332,15.809524,far,60,469.000,452.000,2.837021,0.985488,428.465,331.652,512.962,464.167,0.928236,detected
333,15.857143,near,,,,,,,,,,0.000000,missing
333,15.857143,far,60,470.000,449.000,2.844542,1.163805,427.300,339.294,513.218,465.362,0.925747,detected
334,15.904762,near,,,,,,,,,,0.000000,missing
334,15.904762,far,60,474.000,450.000,2.885735,1.102321,428.333,342.044,518.769,465.844,0.926827,detected
335,15.952381,near,,,,,,,,,,0.000000,missing
335,15.952381,far,60,475.000,449.000,2.895275,1.162178,431.847,342.176,528.552,465.242,0.917765,detected
336,16.000000,near,,,,,,,,,,0.000000,missing
336,16.000000,far,60,481.000,452.000,2.956746,0.981761,438.770,343.190,541.552,464.523,0.917385,detected
337,16.047619,near,,,,,,,,,,0.000000,missing
337,16.047619,far,60,485.000,453.000,2.996608,0.922346,447.207,346.100,555.609,464.807,0.924926,detected
338,16.095238,near,,,,,,,,,,0.000000,missing
338,16.095238,far,60,498.000,453.000,3.125382,0.918376,474.099,354.591,584.477,464.657,0.912581,detected
339,16.142857,near,,,,,,,,,,0.000000,missing
339,16.142857,far,60,503.000,451.000,3.176850,1.033668,494.266,361.535,607.460,464.430,0.909711,detected
340,16.190476,near,,,,,,,,,,0.000000,missing
340,16.190476,far,60,516.000,454.000,3.301726,0.855488,508.961,368.881,622.894,464.078,0.918526,detected
341,16.238095,near,,,,,,,,,,0.000000,missing
341,16.238095,far,60,523.000,452.000,3.374601,0.968752,523.137,373.188,639.942,464.355,0.915393,detected
342,16.285714,near,,,,,,,,,,0.000000,missing
342,16.285714,far,60,536.000,447.000,3.517856,1.264164,536.107,374.892,656.115,463.840,0.921755,detected
343,16.333333,near,,,,,,,,,,0.000000,missing
343,16.333333,far,60,556.000,440.000,3.751161,1.705315,554.332,377.037,673.752,462.331,0.919994,detected
344,16.380952,near,,,,,,,,,,0.000000,missing
344,16.380952,far,60,571.000,439.000,3.915141,1.766638,560.992,376.439,684.499,462.596,0.910771,detected
345,16.428571,near,,,,,,,,,,0.000000,missing
345,16.428571,far,60,618.000,444.000,4.372965,1.423505,566.570,374.933,694.192,463.021,0.907491,detected
346,16.476190,near,,,,,,,,,,0.000000,missing
346,16.476190,far,60,620.000,444.000,4.393508,1.422814,571.580,372.030,702.542,462.250,0.909387,detected
347,16.523810,near,,,,,,,,,,0.000000,missing
347,16.523810,far,60,613.000,442.000,4.336851,1.553239,575.515,369.492,709.461,462.114,0.917033,detected
348,16.571429,near,,,,,,,,,,0.000000,missing
348,16.571429,far,60,636.000,439.000,4.603373,1.742249,579.962,363.672,712.591,455.895,0.907068,detected
349,16.619048,near,,,,,,,,,,0.000000,missing
349,16.619048,far,60,638.000,439.000,4.624469,1.741503,576.217,348.110,722.738,452.554,0.896988,detected
350,16.666667,near,,,,,,,,,,0.000000,missing
350,16.666667,far,60,649.000,439.000,4.740418,1.737393,576.165,339.697,728.657,450.944,0.908822,detected
351,16.714286,near,,,,,,,,,,0.000000,missing
351,16.714286,far,60,649.000,436.000,4.771552,1.941416,573.512,329.363,734.725,450.149,0.898647,detected
352,16.761905,near,,,,,,,,,,0.000000,missing
352,16.761905,far,60,653.000,432.000,4.858738,2.223368,571.840,320.093,739.900,449.856,0.896614,detected
353,16.809524,near,,,,,,,,,,0.000000,missing
353,16.809524,far,60,645.000,434.000,4.749530,2.083139,568.815,313.665,739.532,450.095,0.883355,detected
354,16.857143,near,,,,,,,,,,0.000000,missing
354,16.857143,far,60,631.000,432.000,4.617004,2.232564,559.804,305.489,731.991,450.891,0.897006,detected
355,16.904762,near,,,,,,,,,,0.000000,missing
355,16.904762,far,60,627.000,435.000,4.544634,2.019814,558.145,301.871,724.573,450.883,0.888890,detected
356,16.952381,near,,,,,,,,,,0.000000,missing
356,16.952381,far,60,628.000,439.000,4.518937,1.745241,560.640,298.056,724.128,452.911,0.895428,detected
357,17.000000,near,,,,,,,,,,0.000000,missing
357,17.000000,far,60,628.000,439.000,4.518937,1.745241,564.427,298.838,719.379,453.432,0.888835,detected
358,17.047619,near,,,,,,,,,,0.000000,missing
358,17.047619,far,60,626.000,440.000,4.489077,1.679428,569.210,298.981,717.624,453.462,0.902781,detected
359,17.095238,near,,,,,,,,,,0.000000,missing
359,17.095238,far,60,616.000,441.000,4.375977,1.617261,563.240,294.519,710.164,453.151,0.908413,detected
360,17.142857,near,,,,,,,,,,0.000000,missing
360,17.142857,far,60,611.000,440.000,4.331437,1.684957,555.807,290.489,701.768,452.701,0.923469,detected
361,17.190476,near,,,,,,,,,,0.000000,missing
361,17.190476,far,60,604.000,440.000,4.257781,1.687541,548.734,289.038,692.549,452.350,0.923275,detected
362,17.238095,near,,,,,,,,,,0.000000,missing
362,17.238095,far,60,596.000,439.000,4.180439,1.757237,541.290,288.417,682.190,452.414,0.923882,detected
363,17.285714,near,,,,,,,,,,0.000000,missing
363,17.285714,far,60,585.000,441.000,4.051410,1.628534,539.605,296.069,671.648,453.994,0.894346,detected
364,17.333333,near,,,,,,,,,,0.000000,missing
364,17.333333,far,60,562.000,442.000,3.805177,1.571520,525.762,298.031,655.705,457.159,0.899357,detected
365,17.380952,near,,,,,,,,,,0.000000,missing
365,17.380952,far,60,552.000,449.000,3.673159,1.137233,517.944,299.641,646.082,459.932,0.914268,detected
366,17.428571,near,,,,,,,,,,0.000000,missing
366,17.428571,far,60,547.000,450.000,3.619373,1.079027,513.549,305.422,636.581,460.702,0.906885,detected
367,17.476190,near,,,,,,,,,,0.000000,missing
367,17.476190,far,60,544.000,451.000,3.586070,1.020802,510.653,309.483,630.686,460.975,0.923085,detected
368,17.523810,near,,,,,,,,,,0.000000,missing
368,17.523810,far,60,539.000,450.000,3.539250,1.081571,506.171,310.397,625.599,460.961,0.928715,detected
369,17.571429,near,,,,,,,,,,0.000000,missing
369,17.571429,far,60,537.000,447.000,3.528047,1.263830,503.779,309.806,623.661,460.552,0.910860,detected
370,17.619048,near,,,,,,,,,,0.000000,missing
370,17.619048,far,60,537.000,438.000,3.556441,1.847349,502.587,303.519,625.287,457.470,0.876970,detected
371,17.666667,near,,,,,,,,,,0.000000,missing
371,17.666667,far,60,536.000,430.000,3.573080,2.421176,502.951,297.725,624.583,450.047,0.921640,detected
372,17.714286,near,,,,,,,,,,0.000000,missing
372,17.714286,far,60,536.000,425.000,3.591610,2.809412,503.793,292.686,624.711,444.158,0.926856,detected
373,17.761905,near,,,,,,,,,,0.000000,missing
373,17.761905,far,60,536.000,418.000,3.619639,3.396667,506.397,290.943,625.256,439.273,0.923096,detected
374,17.809524,near,,,,,,,,,,0.000000,missing
374,17.809524,far,60,538.000,418.000,3.643967,3.395597,509.162,289.895,624.676,433.461,0.920748,detected
375,17.857143,near,,,,,,,,,,0.000000,missing
375,17.857143,far,60,543.000,417.000,3.709553,3.481281,515.974,290.989,627.274,430.334,0.899149,detected
376,17.904762,near,,,,,,,,,,0.000000,missing
376,17.904762,far,60,547.000,417.000,3.758487,3.479105,523.775,293.846,630.922,429.296,0.903561,detected
377,17.952381,near,,,,,,,,,,0.000000,missing
377,17.952381,far,60,552.000,418.000,3.814090,3.388114,530.572,295.497,634.517,428.994,0.896822,detected
378,18.000000,near,,,,,,,,,,0.000000,missing
378,18.000000,far,60,553.000,420.000,3.815236,3.214550,534.922,296.884,636.767,428.809,0.901186,detected
379,18.047619,near,,,,,,,,,,0.000000,missing
379,18.047619,far,60,558.000,418.000,3.886907,3.384912,537.431,299.280,636.580,428.588,0.898092,detected
380,18.095238,near,,,,,,,,,,0.000000,missing
380,18.095238,far,60,567.000,410.000,4.052674,4.120079,539.159,301.284,634.163,427.026,0.898481,detected
381,18.142857,near,,,,,,,,,,0.000000,missing
381,18.142857,far,60,570.000,410.000,4.091063,4.118241,541.249,302.516,632.966,424.994,0.831516,detected
382,18.190476,near,,,,,,,,,,0.000000,missing
382,18.190476,far,60,572.000,410.000,4.116647,4.117015,541.319,305.954,627.600,423.323,0.896869,detected
383,18.238095,near,,,,,,,,,,0.000000,missing
383,18.238095,far,60,569.000,406.000,4.109805,4.521042,544.426,311.779,623.360,420.842,0.877390,detected
384,18.285714,near,,,,,,,,,,0.000000,missing
384,18.285714,far,60,572.000,405.000,4.157753,4.623260,549.757,315.408,623.762,419.271,0.863217,detected
385,18.333333,near,,,,,,,,,,0.000000,missing
385,18.333333,far,60,577.000,399.000,4.280520,5.278207,556.315,318.685,622.571,413.798,0.873042,detected
386,18.380952,near,,,,,,,,,,0.000000,missing
386,18.380952,far,60,581.000,398.000,4.346260,5.390798,559.393,319.077,622.891,412.488,0.874488,detected
387,18.428571,near,,,,,,,,,,0.000000,missing
387,18.428571,far,60,587.000,395.000,4.463920,5.743667,560.418,316.145,622.359,409.264,0.864742,detected
388,18.476190,near,,,,,,,,,,0.000000,missing
388,18.476190,far,60,588.000,395.000,4.478183,5.742859,561.574,313.287,623.380,407.901,0.874962,detected
389,18.523810,near,,,,,,,,,,0.000000,missing
389,18.523810,far,60,591.000,394.000,4.533104,5.863316,563.701,311.139,625.499,406.611,0.856670,detected
390,18.571429,near,,,,,,,,,,0.000000,missing
390,18.571429,far,60,596.000,398.000,4.555263,5.379363,561.732,303.262,628.844,408.559,0.848775,detected
391,18.619048,near,,,,,,,,,,0.000000,missing
391,18.619048,far,60,595.000,398.000,4.541343,5.380124,555.804,296.061,627.739,409.512,0.835914,detected
392,18.666667,near,,,,,,,,,,0.000000,missing
392,18.666667,far,60,592.000,397.000,4.511269,5.499633,555.542,293.009,628.027,409.792,0.821274,detected
393,18.714286,near,,,,,,,,,,0.000000,missing
393,18.714286,far,60,591.000,398.000,4.485646,5.383172,551.150,291.136,624.961,410.604,0.856652,detected
394,18.761905,near,,,,,,,,,,0.000000,missing
394,18.761905,far,60,587.000,399.000,4.418929,5.270720,547.354,287.848,623.356,411.157,0.887887,detected
395,18.809524,near,,,,,,,,,,0.000000,missing
395,18.809524,far,60,585.000,400.000,4.380651,5.158442,543.390,284.236,621.351,411.632,0.881479,detected
396,18.857143,near,,,,,,,,,,0.000000,missing
396,18.857143,far,60,580.000,404.000,4.273102,4.723530,531.769,281.945,612.565,415.503,0.890998,detected
397,18.904762,near,,,,,,,,,,0.000000,missing
397,18.904762,far,60,575.000,406.000,4.188765,4.517091,524.615,281.156,605.299,417.104,0.880743,detected
398,18.952381,near,,,,,,,,,,0.000000,missing
398,18.952381,far,60,572.000,406.000,4.149293,4.519066,520.740,281.452,599.701,417.865,0.885949,detected
399,19.000000,near,,,,,,,,,,0.000000,missing
399,19.000000,far,60,566.000,403.000,4.094308,4.840472,518.569,281.326,595.923,418.867,0.877611,detected
400,19.047619,near,,,,,,,,,,0.000000,missing
400,19.047619,far,60,558.000,403.000,3.986542,4.846047,517.214,283.711,590.937,419.183,0.877244,detected
401,19.095238,near,,,,,,,,,,0.000000,missing
401,19.095238,far,60,548.000,409.000,3.814992,4.230377,512.575,281.518,587.795,424.639,0.874392,detected
402,19.142857,near,,,,,,,,,,0.000000,missing
402,19.142857,far,60,540.000,414.000,3.686855,3.755374,509.238,280.869,584.179,428.140,0.884291,detected
403,19.190476,near,,,,,,,,,,0.000000,missing
403,19.190476,far,60,534.000,417.000,3.599361,3.486179,504.801,281.481,578.834,429.666,0.879898,detected
404,19.238095,near,,,,,,,,,,0.000000,missing
404,19.238095,far,60,529.000,418.000,3.534441,3.400413,500.807,284.432,574.720,431.129,0.888398,detected
405,19.285714,near,,,,,,,,,,0.000000,missing
405,19.285714,far,60,522.000,419.000,3.446134,3.316791,492.963,287.685,568.345,433.010,0.910424,detected
406,19.333333,near,,,,,,,,,,0.000000,missing
406,19.333333,far,60,517.000,427.000,3.365769,2.659912,486.171,300.624,560.379,438.528,0.922362,detected
407,19.380952,near,,,,,,,,,,0.000000,missing
407,19.380952,far,60,515.000,429.000,3.338406,2.506231,483.214,305.876,558.441,441.468,0.923168,detected
408,19.428571,near,,,,,,,,,,0.000000,missing
408,19.428571,far,60,511.000,429.000,3.292950,2.508014,480.340,305.360,558.671,442.311,0.924146,detected
409,19.476190,near,,,,,,,,,,0.000000,missing
409,19.476190,far,60,506.000,425.000,3.242304,2.823690,476.334,303.310,557.830,441.479,0.916472,detected
410,19.523810,near,,,,,,,,,,0.000000,missing
410,19.523810,far,60,502.000,425.000,3.195632,2.825598,471.149,300.095,556.827,441.221,0.914053,detected
411,19.571429,near,,,,,,,,,,0.000000,missing
411,19.571429,far,60,499.000,424.000,3.161688,2.907978,462.097,297.020,551.100,439.908,0.908437,detected
412,19.619048,near,,,,,,,,,,0.000000,missing
412,19.619048,far,60,493.000,431.000,3.086968,2.364945,450.086,302.227,543.049,445.019,0.914478,detected
413,19.666667,near,,,,,,,,,,0.000000,missing
413,19.666667,far,60,489.000,440.000,3.039444,1.730282,441.616,309.258,539.368,451.870,0.931145,detected
414,19.714286,near,,,,,,,,,,0.000000,missing
414,19.714286,far,60,488.000,446.000,3.027610,1.342372,435.987,316.006,537.741,457.055,0.934061,detected
415,19.761905,near,,,,,,,,,,0.000000,missing
415,19.761905,far,60,488.000,446.000,3.027610,1.342372,433.795,323.882,537.278,459.821,0.918315,detected
416,19.809524,near,,,,,,,,,,0.000000,missing
416,19.809524,far,60,487.000,446.000,3.017308,1.342712,430.788,329.755,535.973,460.412,0.928641,detected
417,19.857143,near,,,,,,,,,,0.000000,missing
417,19.857143,far,60,479.000,445.000,2.934510,1.408357,414.328,338.315,522.775,461.346,0.915949,detected
418,19.904762,near,,,,,,,,,,0.000000,missing
418,19.904762,far,60,475.000,444.000,2.892439,1.473406,398.977,343.241,512.134,460.641,0.921353,detected
419,19.952381,near,,,,,,,,,,0.000000,missing
419,19.952381,far,60,470.000,442.000,2.838466,1.604760,386.881,349.174,503.500,460.468,0.924113,detected
420,20.000000,near,,,,,,,,,,0.000000,missing
420,20.000000,far,60,465.000,441.000,2.784428,1.672537,374.885,353.347,495.681,460.207,0.927628,detected
421,20.047619,near,,,,,,,,,,0.000000,missing
421,20.047619,far,60,460.000,439.000,2.728164,1.808699,364.944,357.193,489.534,460.169,0.924794,detected
422,20.095238,near,,,,,,,,,,0.000000,missing
422,20.095238,far,60,451.000,440.000,2.633400,1.744527,351.537,363.119,474.698,458.680,0.919110,detected
423,20.142857,near,,,,,,,,,,0.000000,missing
423,20.142857,far,60,444.000,440.000,2.558414,1.747157,341.771,368.043,463.733,457.570,0.919832,detected
424,20.190476,near,,,,,,,,,,0.000000,missing
424,20.190476,far,60,436.000,441.000,2.475689,1.683260,333.587,371.567,454.809,456.600,0.916447,detected
425,20.238095,near,,,,,,,,,,0.000000,missing
425,20.238095,far,60,429.000,442.000,2.404463,1.619683,327.556,373.555,450.040,456.536,0.915817,detected
426,20.285714,near,,,,,,,,,,0.000000,missing
426,20.285714,far,60,416.000,438.000,2.249110,1.894144,324.963,375.083,444.357,453.600,0.909520,detected
427,20.333333,near,,,,,,,,,,0.000000,missing
427,20.333333,far,60,390.000,437.000,1.959672,1.973896,316.057,373.601,437.560,452.279,0.898618,detected
428,20.380952,near,,,,,,,,,,0.000000,missing
428,20.380952,far,60,380.000,442.000,1.883171,1.637608,310.996,371.649,436.726,452.644,0.887428,detected
429,20.428571,near,,,,,,,,,,0.000000,missing
429,20.428571,far,60,372.000,442.000,1.797792,1.640544,300.958,369.994,431.493,453.466,0.905211,detected
430,20.476190,near,,,,,,,,,,0.000000,missing
430,20.476190,far,60,363.000,444.000,1.716549,1.513038,289.257,368.425,424.754,454.204,0.877830,detected
431,20.523810,near,,,,,,,,,,0.000000,missing
431,20.523810,far,60,353.000,446.000,1.626624,1.388659,278.293,366.817,420.436,456.271,0.877915,detected
432,20.571429,near,,,,,,,,,,0.000000,missing
432,20.571429,far,60,346.000,446.000,1.553417,1.391078,267.243,362.663,419.199,458.531,0.911330,detected
433,20.619048,near,,,,,,,,,,0.000000,missing
433,20.619048,far,60,338.000,446.000,1.469684,1.393843,256.545,354.681,422.304,460.705,0.924137,detected
434,20.666667,near,,,,,,,,,,0.000000,missing
434,20.666667,far,60,338.000,447.000,1.478333,1.330880,250.920,347.398,425.552,460.889,0.924494,detected
435,20.714286,near,,,,,,,,,,0.000000,missing
435,20.714286,far,60,337.000,446.000,1.459212,1.394190,247.269,339.076,429.676,459.855,0.925809,detected
436,20.761905,near,,,,,,,,,,0.000000,missing
436,20.761905,far,60,340.000,445.000,1.481997,1.456827,246.474,332.911,433.962,459.685,0.927268,detected
437,20.809524,near,,,,,,,,,,0.000000,missing
437,20.809524,far,60,342.000,445.000,1.503053,1.456124,246.346,326.492,438.136,459.373,0.935670,detected
438,20.857143,near,,,,,,,,,,0.000000,missing
438,20.857143,far,60,354.000,446.000,1.637078,1.388314,254.526,317.736,451.827,459.208,0.931813,detected
439,20.904762,near,,,,,,,,,,0.000000,missing
439,20.904762,far,60,364.000,445.000,1.734373,1.448406,265.862,311.644,463.672,459.350,0.931756,detected
440,20.952381,near,,,,,,,,,,0.000000,missing
440,20.952381,far,60,374.000,445.000,1.839333,1.444903,279.916,308.172,473.533,459.521,0.920564,detected
441,21.000000,near,,,,,,,,,,0.000000,missing
441,21.000000,far,60,384.000,442.000,1.925833,1.636141,291.490,304.414,479.515,458.242,0.905536,detected
442,21.047619,near,,,,,,,,,,0.000000,missing
442,21.047619,far,60,395.000,441.000,2.037484,1.698480,301.498,302.915,481.243,456.727,0.917923,detected
443,21.095238,near,,,,,,,,,,0.000000,missing
443,21.095238,far,60,416.000,446.000,2.282978,1.366974,316.466,307.071,486.985,459.446,0.897074,detected
444,21.142857,near,,,,,,,,,,0.000000,missing
444,21.142857,far,60,422.000,450.000,2.359671,1.119025,324.628,306.077,491.154,461.761,0.894573,detected
445,21.190476,near,,,,,,,,,,0.000000,missing
445,21.190476,far,60,425.000,450.000,2.390100,1.118059,333.528,309.086,491.175,462.650,0.913302,detected
446,21.238095,near,,,,,,,,,,0.000000,missing
446,21.238095,far,60,427.000,451.000,2.413604,1.057664,341.530,311.358,491.696,463.275,0.907508,detected
447,21.285714,near,,,,,,,,,,0.000000,missing
447,21.285714,far,60,427.000,450.000,2.410380,1.117415,348.827,311.678,493.987,463.281,0.913597,detected
448,21.333333,near,,,,,,,,,,0.000000,missing
448,21.333333,far,60,429.000,440.000,2.397529,1.752801,351.995,308.036,492.984,460.621,0.907251,detected
449,21.380952,near,,,,,,,,,,0.000000,missing
449,21.380952,far,60,426.000,440.000,2.365319,1.753932,351.591,300.528,491.515,457.743,0.915705,detected
450,21.428571,near,,,,,,,,,,0.000000,missing
450,21.428571,far,60,422.000,433.000,2.293514,2.247368,350.023,295.679,485.274,453.384,0.905688,detected
451,21.476190,near,,,,,,,,,,0.000000,missing
451,21.476190,far,60,417.000,429.000,2.218431,2.550162,348.249,291.123,476.920,447.193,0.905411,detected
452,21.523810,near,,,,,,,,,,0.000000,missing
452,21.523810,far,60,414.000,425.000,2.163025,2.867808,347.582,287.955,470.104,442.867,0.892518,detected
453,21.571429,near,,,,,,,,,,0.000000,missing
453,21.571429,far,60,409.000,422.000,2.086441,3.118490,348.731,284.264,466.210,438.923,0.889340,detected
454,21.619048,near,,,,,,,,,,0.000000,missing
454,21.619048,far,,404.000,421.000,2.019809,3.206022,,,,,0.000000,tracked
455,21.666667,near,87,502.000,463.000,3.156166,11.389495,437.956,300.616,547.077,476.139,0.909699,detected
455,21.666667,far,,404.000,421.000,2.019809,3.206022,,,,,0.000000,tracked
456,21.714286,near,87,499.000,462.000,3.128700,11.350206,434.543,295.969,546.111,476.153,0.915664,detected
456,21.714286,far,,404.000,421.000,2.019809,3.206022,,,,,0.000000,tracked
457,21.761905,near,87,494.000,460.000,3.082422,11.270563,423.394,285.641,540.733,476.164,0.889650,detected
457,21.761905,far,,404.000,421.000,2.019809,3.206022,,,,,0.000000,tracked
458,21.809524,near,87,490.000,460.000,3.044254,11.269750,417.045,274.310,539.849,475.887,0.878682,detected
458,21.809524,far,,404.000,421.000,2.019809,3.206022,,,,,0.000000,tracked
459,21.857143,near,87,479.000,437.000,2.931657,10.226851,405.553,263.477,529.496,469.032,0.913618,detected
459,21.857143,far,,404.000,421.000,2.019809,3.206022,,,,,0.000000,tracked
460,21.904762,near,87,476.000,429.000,2.894279,9.793591,401.467,261.000,522.552,463.094,0.902036,detected
460,21.904762,far,,404.000,421.000,2.019809,3.206022,,,,,0.000000,tracked
461,21.952381,near,87,467.000,418.000,2.776471,9.119444,398.768,261.000,514.410,456.085,0.904445,detected
461,21.952381,far,,404.000,421.000,2.019809,3.206022,,,,,0.000000,tracked
462,22.000000,near,87,464.000,420.000,2.743026,9.247611,395.646,261.000,506.281,449.781,0.904540,detected
462,22.000000,far,,404.000,421.000,2.019809,3.206022,,,,,0.000000,tracked
463,22.047619,near,87,460.000,416.000,2.686364,8.983687,391.176,261.000,497.643,444.730,0.901412,detected
463,22.047619,far,,404.000,421.000,2.019809,3.206022,,,,,0.000000,tracked
464,22.095238,near,87,444.000,428.000,2.525369,9.725665,376.919,261.000,484.707,451.671,0.896479,detected
464,22.095238,far,,,,,,,,,,0.000000,missing
465,22.142857,near,87,435.000,434.000,2.442462,10.056200,365.950,261.000,475.876,460.397,0.877954,detected
465,22.142857,far,,,,,,,,,,0.000000,missing
466,22.190476,near,87,425.000,443.000,2.365667,10.510582,355.686,261.000,466.974,468.219,0.889737,detected
466,22.190476,far,,,,,,,,,,0.000000,missing
467,22.238095,near,87,413.000,451.000,2.272337,10.876218,346.233,261.191,458.229,476.409,0.893949,detected
467,22.238095,far,,,,,,,,,,0.000000,missing
468,22.285714,near,87,398.000,464.000,2.179329,11.407792,338.716,261.000,450.893,482.161,0.879479,detected
468,22.285714,far,,,,,,,,,,0.000000,missing
469,22.333333,near,87,370.000,496.000,2.067971,12.459127,313.276,270.880,432.778,510.731,0.895336,detected
469,22.333333,far,,,,,,,,,,0.000000,missing
470,22.380952,near,87,367.000,511.000,2.102916,12.857415,302.893,286.310,420.011,524.836,0.745090,detected
470,22.380952,far,,,,,,,,,,0.000000,missing
471,22.428571,near,87,360.000,513.000,2.057461,12.906176,308.413,303.833,421.701,531.700,0.903636,detected
471,22.428571,far,,,,,,,,,,0.000000,missing
472,22.476190,near,87,360.000,511.000,2.049670,12.856729,319.130,314.727,432.360,534.698,0.914966,detected
472,22.476190,far,,,,,,,,,,0.000000,missing
473,22.523810,near,87,364.000,512.000,2.083885,12.881941,323.454,320.067,438.210,535.553,0.927868,detected
473,22.523810,far,,,,,,,,,,0.000000,missing
474,22.571429,near,87,370.000,511.000,2.125727,12.857709,325.263,320.017,443.600,535.305,0.926724,detected
474,22.571429,far,,,,,,,,,,0.000000,missing
475,22.619048,near,87,383.000,499.000,2.184121,12.544540,330.728,313.383,452.304,529.161,0.919533,detected
475,22.619048,far,,,,,,,,,,0.000000,missing
476,22.666667,near,87,396.000,491.000,2.262412,12.317611,340.306,310.794,458.768,518.913,0.918667,detected
476,22.666667,far,,,,,,,,,,0.000000,missing
477,22.714286,near,87,400.000,481.000,2.262375,12.008282,345.215,309.971,456.967,505.216,0.928076,detected
477,22.714286,far,,,,,,,,,,0.000000,missing
478,22.761905,near,87,400.000,475.000,2.240939,11.807853,347.551,311.989,453.940,497.766,0.917114,detected
478,22.761905,far,,,,,,,,,,0.000000,missing
479,22.809524,near,87,401.000,482.000,2.274456,12.040731,349.955,313.020,453.979,495.132,0.909774,detected
479,22.809524,far,,,,,,,,,,0.000000,missing
480,22.857143,near,87,411.000,478.000,2.348490,11.911242,350.015,311.975,453.843,494.892,0.918506,detected
480,22.857143,far,,,,,,,,,,0.000000,missing
481,22.904762,near,87,412.000,468.000,2.325098,11.560840,351.361,308.090,453.009,487.462,0.935452,detected
481,22.904762,far,,,,,,,,,,0.000000,missing
482,22.952381,near,87,412.000,461.000,2.300570,11.293606,349.482,301.703,452.153,483.687,0.927509,detected
482,22.952381,far,,,,,,,,,,0.000000,missing
483,23.000000,near,87,407.000,457.000,2.236847,11.130844,347.070,297.407,448.142,477.831,0.918309,detected
483,23.000000,far,,,,,,,,,,0.000000,missing
484,23.047619,near,87,402.000,450.000,2.156563,10.829278,342.474,294.330,440.593,471.437,0.899852,detected
484,23.047619,far,,,,,,,,,,0.000000,missing
485,23.095238,near,87,390.000,437.000,1.959672,10.200818,340.645,290.785,433.637,460.686,0.896925,detected
485,23.095238,far,,,,,,,,,,0.000000,missing
486,23.142857,near,87,387.000,439.000,1.939389,10.302482,334.996,287.470,426.654,454.727,0.890005,detected
486,23.142857,far,,,,,,,,,,0.000000,missing
487,23.190476,near,87,382.000,443.000,1.910815,10.499112,331.796,289.078,422.003,452.908,0.863042,detected
487,23.190476,far,,,,,,,,,,0.000000,missing
488,23.238095,near,87,380.000,442.000,1.883171,10.449920,334.021,290.850,424.727,452.104,0.882330,detected
488,23.238095,far,,,,,,,,,,0.000000,missing
489,23.285714,near,87,378.000,442.000,1.861834,10.449376,337.280,289.297,430.036,451.669,0.822981,detected
489,23.285714,far,,,,,,,,,,0.000000,missing
490,23.333333,near,87,373.000,437.000,1.772881,10.195815,339.999,296.468,430.166,449.536,0.899389,detected
490,23.333333,far,,,,,,,,,,0.000000,missing
491,23.380952,near,87,374.000,434.000,1.761686,10.037404,340.255,302.162,428.403,447.056,0.892091,detected
491,23.380952,far,92,428.000,351.000,1.720404,0.000000,411.089,272.793,448.574,361.034,0.800169,detected
492,23.428571,near,87,372.000,434.000,1.739283,10.036786,342.693,306.514,430.954,445.168,0.888846,detected
492,23.428571,far,92,432.000,350.000,1.795963,0.000000,413.357,272.433,450.903,360.769,0.711850,detected
493,23.476190,near,87,371.000,433.000,1.720291,9.982258,338.114,310.380,425.217,443.672,0.873386,detected
493,23.476190,far,92,438.000,350.000,1.932982,0.000000,417.331,272.053,455.341,360.924,0.788687,detected
494,23.523810,near,87,371.000,432.000,1.712407,9.927369,333.836,314.834,419.499,443.260,0.895550,detected
494,23.523810,far,92,442.000,349.000,2.011981,0.000000,423.133,273.043,460.862,359.977,0.835729,detected
495,23.571429,near,87,369.000,431.000,1.681593,9.871146,328.353,316.738,412.333,442.928,0.836415,detected
495,23.571429,far,92,447.000,349.000,2.127349,0.000000,427.609,274.331,465.670,359.912,0.794171,detected
496,23.619048,near,87,372.000,421.000,1.630948,9.275856,330.561,314.087,413.506,442.607,0.884667,detected
496,23.619048,far,92,452.000,353.000,2.278647,0.000000,431.785,279.700,469.386,360.867,0.796547,detected
497,23.666667,near,87,371.000,421.000,1.618770,9.275472,331.156,310.839,413.807,442.643,0.884105,detected
497,23.666667,far,92,454.000,352.000,2.314327,0.000000,433.965,286.497,470.249,361.047,0.791378,detected
498,23.714286,near,87,373.000,420.000,1.634092,9.212236,331.991,307.528,414.296,442.709,0.889693,detected
498,23.714286,far,92,454.000,352.000,2.314327,0.000000,434.608,288.871,471.408,360.970,0.780190,detected
499,23.761905,near,87,374.000,419.000,1.637279,9.147769,333.009,303.293,415.574,442.394,0.888946,detected
499,23.761905,far,92,454.000,352.000,2.314327,0.000000,434.419,289.869,472.418,360.993,0.807384,detected
500,23.809524,near,87,376.000,419.000,1.661952,9.148564,335.104,300.276,417.504,441.991,0.881026,detected
500,23.809524,far,92,454.000,352.000,2.314327,0.000000,433.696,289.478,473.528,360.949,0.812600,detected
501,23.857143,near,87,380.000,423.000,1.744895,9.404331,341.399,299.551,423.185,441.593,0.874555,detected
501,23.857143,far,92,449.000,352.000,2.203366,0.000000,430.477,287.128,472.176,359.808,0.773280,detected
502,23.904762,near,87,379.000,424.000,1.741099,9.465443,343.960,300.603,425.248,442.641,0.873803,detected
502,23.904762,far,92,442.000,350.000,2.024219,0.000000,422.285,283.044,466.696,359.638,0.791443,detected
503,23.952381,near,87,380.000,426.000,1.768972,9.586391,345.460,300.786,426.571,443.716,0.869841,detected
503,23.952381,far,92,437.000,350.000,1.910159,0.000000,416.035,280.977,460.830,359.089,0.754895,detected
504,24.000000,near,87,381.000,427.000,1.788488,9.645876,345.770,300.334,426.867,444.511,0.881869,detected
504,24.000000,far,92,428.000,349.000,1.688209,0.000000,412.215,280.943,456.558,359.284,0.732458,detected
505,24.047619,near,87,381.000,427.000,1.788488,9.645876,346.274,299.564,427.499,445.368,0.866847,detected
505,24.047619,far,92,420.000,354.000,1.591426,0.000000,410.127,281.574,455.821,361.435,0.753214,detected
506,24.095238,near,87,384.000,426.000,1.816045,9.587803,347.954,297.236,429.690,445.628,0.903399,detected
506,24.095238,far,,425.000,350.000,1.635858,0.000000,,,,,0.000000,tracked
507,24.142857,near,87,387.000,428.000,1.865826,9.706304,351.051,293.956,433.594,446.047,0.897958,detected
507,24.142857,far,,422.000,349.000,1.549113,0.000000,,,,,0.000000,tracked
508,24.190476,near,87,389.000,428.000,1.889045,9.706985,355.555,292.947,437.453,445.796,0.898867,detected
508,24.190476,far,,422.000,349.000,1.549113,0.000000,,,,,0.000000,tracked
509,24.238095,near,87,393.000,433.000,1.967986,9.989167,359.531,294.804,440.202,446.236,0.893763,detected
509,24.238095,far,,424.000,348.000,1.577590,0.000000,,,,,0.000000,tracked
510,24.285714,near,87,397.000,433.000,2.012952,9.990421,363.042,297.945,442.209,446.150,0.889768,detected
510,24.285714,far,,426.000,347.000,1.606791,0.000000,,,,,0.000000,tracked
511,24.333333,near,87,410.000,429.000,2.137927,9.771615,367.551,296.326,447.357,445.042,0.864420,detected
511,24.333333,far,,426.000,347.000,1.606791,0.000000,,,,,0.000000,tracked
512,24.380952,near,87,415.000,432.000,2.210230,9.941396,370.317,297.483,450.905,445.750,0.894218,detected
512,24.380952,far,,428.000,348.000,1.671493,0.000000,,,,,0.000000,tracked
513,24.428571,near,87,422.000,436.000,2.306173,10.158175,371.944,295.847,455.735,448.805,0.904278,detected
513,24.428571,far,,430.000,351.000,1.765575,0.000000,,,,,0.000000,tracked
514,24.476190,near,87,426.000,441.000,2.368995,10.413359,374.305,297.421,459.687,452.584,0.902493,detected
514,24.476190,far,,433.000,355.000,1.887810,0.217165,,,,,0.000000,tracked
515,24.523810,near,87,430.000,445.000,2.424992,10.607141,376.202,300.966,461.668,455.048,0.909201,detected
515,24.523810,far,,436.000,360.000,2.010037,1.491481,,,,,0.000000,tracked
516,24.571429,near,87,432.000,446.000,2.448956,10.654452,378.182,307.731,461.549,456.315,0.912158,detected
516,24.571429,far,93,384.000,361.000,0.971788,1.637267,361.675,296.568,404.728,373.192,0.623592,detected
517,24.619048,near,87,430.000,445.000,2.424992,10.607141,377.529,310.361,460.403,456.339,0.906835,detected
517,24.619048,far,93,380.000,362.000,0.913562,1.864457,364.854,295.864,408.172,373.146,0.296634,detected
518,24.666667,near,87,430.000,440.000,2.408263,10.364870,374.880,305.487,460.103,454.923,0.890393,detected
518,24.666667,far,,377.000,358.000,0.755601,0.889700,,,,,0.000000,tracked
519,24.714286,near,87,428.000,435.000,2.368400,10.107327,371.134,300.592,457.000,451.030,0.897257,detected
519,24.714286,far,,377.000,357.000,0.729764,0.633315,,,,,0.000000,tracked
520,24.761905,near,87,416.000,430.000,2.211855,9.830352,372.114,300.803,456.212,446.695,0.858857,detected
520,24.761905,far,,373.000,357.000,0.644673,0.625485,,,,,0.000000,tracked
521,24.809524,near,87,412.000,425.000,2.139426,9.537947,374.859,294.954,461.412,442.384,0.886060,detected
521,24.809524,far,,369.000,357.000,0.559506,0.617648,,,,,0.000000,tracked
522,24.857143,near,87,394.000,414.000,1.845120,8.818599,366.169,289.884,449.635,435.106,0.708222,detected
522,24.857143,far,,364.000,357.000,0.452942,0.607842,,,,,0.000000,tracked
523,24.904762,near,87,391.000,414.000,1.806900,8.817300,362.800,287.448,444.362,431.135,0.868659,detected
523,24.904762,far,,362.000,357.000,0.410283,0.603917,,,,,0.000000,tracked
524,24.952381,near,87,382.000,417.000,1.718780,9.018690,351.786,286.436,430.340,429.824,0.801049,detected
524,24.952381,far,92,425.000,356.000,1.730515,0.466849,395.526,284.123,441.617,367.902,0.664593,detected
525,25.000000,near,87,377.000,412.000,1.609054,8.669461,346.348,286.981,421.569,429.830,0.811918,detected
525,25.000000,far,92,418.000,357.000,1.597633,0.713174,395.479,281.789,441.070,367.812,0.787229,detected
526,25.047619,near,87,369.000,416.000,1.546328,8.945752,344.337,286.380,416.778,429.607,0.751323,detected
526,25.047619,far,92,415.000,357.000,1.534396,0.707355,395.803,280.074,441.097,367.847,0.810194,detected
527,25.095238,near,87,372.000,412.000,1.544294,8.667212,352.297,286.626,424.048,429.979,0.878820,detected
527,25.095238,far,92,419.000,357.000,1.618702,0.715113,396.992,276.825,443.017,367.519,0.841542,detected
528,25.142857,near,87,371.000,412.000,1.531336,8.666762,354.980,287.917,425.532,429.616,0.871893,detected
528,25.142857,far,92,422.000,355.000,1.651032,0.194731,400.705,274.973,446.706,367.675,0.814501,detected
529,25.190476,near,87,369.000,413.000,1.515860,8.737307,355.080,289.200,424.867,428.623,0.863918,detected
529,25.190476,far,92,427.000,353.000,1.729003,0.000000,405.797,273.865,451.162,366.657,0.770471,detected
530,25.238095,near,87,368.000,408.000,1.448783,8.369211,355.228,290.827,424.018,427.269,0.885424,detected
530,25.238095,far,92,435.000,354.000,1.918167,0.000000,412.220,273.662,456.480,365.461,0.808295,detected
531,25.285714,near,87,368.000,412.000,1.492454,8.665412,355.709,293.956,423.285,426.101,0.814752,detected
531,25.285714,far,92,440.000,354.000,2.026834,0.000000,416.635,274.368,459.831,364.976,0.807760,detected
532,25.333333,near,87,367.000,407.000,1.424023,8.291957,348.440,294.759,412.982,424.056,0.751943,detected
532,25.333333,far,92,450.000,357.000,2.269573,0.775004,423.573,278.155,466.078,366.654,0.819771,detected
533,25.380952,near,87,365.000,405.000,1.373388,8.133970,349.658,293.613,413.633,422.707,0.627920,detected
533,25.380952,far,92,453.000,359.000,2.347139,1.280338,428.378,284.396,468.737,367.619,0.779018,detected
534,25.428571,near,87,365.000,403.000,1.348927,7.972231,352.124,292.861,416.291,421.911,0.694788,detected
534,25.428571,far,92,454.000,359.000,2.367578,1.282165,430.664,287.529,470.160,367.731,0.823903,detected
535,25.476190,near,87,366.000,402.000,1.350380,7.890059,350.232,293.272,413.054,421.023,0.871350,detected
535,25.476190,far,92,456.000,359.000,2.408443,1.285818,432.292,290.102,471.134,367.696,0.812840,detected
536,25.523810,near,87,368.000,404.000,1.402497,8.055269,347.572,292.481,409.405,421.112,0.871099,detected
536,25.523810,far,92,456.000,359.000,2.408443,1.285818,432.900,291.541,471.528,367.688,0.808928,detected
537,25.571429,near,87,369.000,403.000,1.404339,7.974355,345.944,292.400,405.774,420.160,0.861699,detected
537,25.571429,far,92,455.000,359.000,2.388013,1.283992,432.008,291.317,471.333,367.767,0.794226,detected
538,25.619048,near,87,370.000,405.000,1.441610,8.136527,344.587,290.763,404.211,419.395,0.851142,detected
538,25.619048,far,92,454.000,358.000,2.360487,1.035259,428.045,289.081,469.284,367.695,0.783387,detected
539,25.666667,near,87,371.000,407.000,1.477783,8.293928,346.116,289.917,406.566,420.074,0.850635,detected
539,25.666667,far,92,451.000,358.000,2.298460,1.029633,424.153,287.438,466.926,367.724,0.806791,detected
540,25.714286,near,87,372.000,407.000,1.491219,8.294421,346.988,291.054,407.565,421.016,0.856808,detected
540,25.714286,far,92,446.000,357.000,2.185838,0.767299,419.891,285.772,464.439,368.184,0.786233,detected
541,25.761905,near,87,373.000,408.000,1.515477,8.371630,346.898,291.332,407.747,421.761,0.842550,detected
541,25.761905,far,92,441.000,353.000,2.037193,0.000000,415.921,285.134,460.960,367.943,0.853294,detected
542,25.809524,near,87,373.000,406.000,1.493667,8.217066,346.924,292.570,407.619,422.487,0.816081,detected
542,25.809524,far,92,437.000,355.000,1.973766,0.225310,412.832,285.082,458.412,368.234,0.851556,detected
543,25.857143,near,87,374.000,407.000,1.518084,8.295406,348.677,293.835,408.769,422.997,0.853760,detected
543,25.857143,far,92,431.000,360.000,1.908547,1.482535,411.219,287.134,456.255,369.079,0.835044,detected
544,25.904762,near,87,376.000,407.000,1.544941,8.296391,351.569,291.780,412.765,423.457,0.865370,detected
544,25.904762,far,92,423.000,359.000,1.731926,1.225333,408.713,288.142,453.802,369.162,0.820600,detected
545,25.952381,near,87,378.000,406.000,1.561305,8.219573,352.618,288.873,415.183,423.653,0.856032,detected
545,25.952381,far,93,424.000,359.000,1.752497,1.227173,403.814,290.864,446.598,368.197,0.729123,detected
546,26.000000,near,87,380.000,408.000,1.608771,8.375013,354.787,287.786,417.868,423.301,0.866449,detected
546,26.000000,far,92,430.000,359.000,1.875830,1.238199,406.557,291.087,450.911,369.815,0.366625,detected
547,26.047619,near,87,384.000,405.000,1.632373,8.143677,357.338,287.321,420.520,422.294,0.800320,detected
547,26.047619,far,92,427.000,364.000,1.876871,2.394543,409.091,294.578,451.440,370.366,0.336696,detected
548,26.095238,near,87,392.000,402.000,1.712685,7.904096,363.797,288.051,427.241,420.050,0.803408,detected
548,26.095238,far,,421.000,364.000,1.760056,2.384804,,,,,0.000000,tracked
549,26.142857,near,87,398.000,404.000,1.814004,8.070864,367.174,291.682,429.987,420.032,0.848889,detected
549,26.142857,far,,421.000,368.000,1.810398,3.229930,,,,,0.000000,tracked
550,26.190476,near,87,400.000,408.000,1.874825,8.384663,369.674,294.358,432.555,421.989,0.858458,detected
550,26.190476,far,,420.000,370.000,1.815752,3.625748,,,,,0.000000,tracked
551,26.238095,near,87,402.000,408.000,1.901390,8.385626,370.593,295.454,433.384,423.107,0.869250,detected
551,26.238095,far,,420.000,372.000,1.838847,4.007471,,,,,0.000000,tracked
552,26.285714,near,87,401.000,407.000,1.880027,8.308677,372.335,298.048,433.839,423.504,0.881797,detected
552,26.285714,far,,419.000,372.000,1.820897,4.006126,,,,,0.000000,tracked
553,26.333333,near,87,400.000,408.000,1.874825,8.384663,371.652,296.104,433.309,422.519,0.748074,detected
553,26.333333,far,,410.000,371.000,1.645971,3.804727,,,,,0.000000,tracked
554,26.380952,near,87,400.000,405.000,1.849923,8.151831,368.628,296.118,429.577,420.953,0.700127,detected
554,26.380952,far,,405.000,366.000,1.480097,2.791370,,,,,0.000000,tracked
555,26.428571,near,87,398.000,400.000,1.777645,7.738755,362.735,294.615,423.790,418.278,0.772593,detected
555,26.428571,far,,403.000,362.000,1.374247,1.903938,,,,,0.000000,tracked
556,26.476190,near,87,395.000,396.000,1.695274,7.383723,369.972,286.633,434.075,416.333,0.691457,detected
556,26.476190,far,,402.000,358.000,1.279620,0.937228,,,,,0.000000,tracked
557,26.523810,near,87,389.000,397.000,1.618753,7.470594,372.974,281.597,440.534,411.664,0.749558,detected
557,26.523810,far,,400.000,355.000,1.175713,0.149694,,,,,0.000000,tracked
558,26.571429,near,87,388.000,393.000,1.558990,7.099116,369.164,277.743,438.114,408.945,0.847069,detected
558,26.571429,far,,,,,,,,,,0.000000,missing
559,26.619048,near,87,382.000,389.000,1.417888,6.701000,369.019,277.369,437.729,408.086,0.695051,detected
559,26.619048,far,,,,,,,,,,0.000000,missing
560,26.666667,near,87,379.000,389.000,1.371476,6.701000,365.123,277.347,433.602,408.120,0.716015,detected
560,26.666667,far,,,,,,,,,,0.000000,missing
561,26.714286,near,87,378.000,390.000,1.369692,6.797876,357.240,279.915,421.646,407.939,0.632895,detected
561,26.714286,far,,,,,,,,,,0.000000,missing
562,26.761905,near,87,378.000,390.000,1.369692,6.797876,352.493,281.854,413.595,406.859,0.793023,detected
562,26.761905,far,,,,,,,,,,0.000000,missing
563,26.809524,near,87,378.000,387.000,1.327913,6.701000,351.430,282.231,409.729,405.376,0.819269,detected
563,26.809524,far,,,,,,,,,,0.000000,missing
564,26.857143,near,87,376.000,386.000,1.281736,6.701000,351.739,279.809,408.746,403.165,0.808989,detected
564,26.857143,far,,,,,,,,,,0.000000,missing
565,26.904762,near,87,376.000,385.000,1.266797,6.701000,353.390,277.416,409.919,401.628,0.832765,detected
565,26.904762,far,,,,,,,,,,0.000000,missing
566,26.952381,near,87,376.000,385.000,1.266797,6.701000,352.940,274.839,408.920,400.837,0.826580,detected
566,26.952381,far,,,,,,,,,,0.000000,missing
567,27.000000,near,87,375.000,384.000,1.235425,6.701000,353.006,272.877,408.138,400.087,0.850941,detected
567,27.000000,far,,,,,,,,,,0.000000,missing
568,27.047619,near,87,375.000,382.000,1.203912,6.701000,353.500,270.578,407.610,398.880,0.863141,detected
568,27.047619,far,,,,,,,,,,0.000000,missing
569,27.095238,near,87,377.000,384.000,1.267763,6.701000,353.270,269.142,406.321,398.142,0.835253,detected
569,27.095238,far,,,,,,,,,,0.000000,missing
570,27.142857,near,87,378.000,383.000,1.268746,6.701000,353.662,268.882,405.340,397.360,0.798425,detected
570,27.142857,far,,,,,,,,,,0.000000,missing
571,27.190476,near,87,380.000,387.000,1.359397,6.701000,354.682,269.392,405.499,397.816,0.780230,detected
571,27.190476,far,,,,,,,,,,0.000000,missing
572,27.238095,near,87,379.000,387.000,1.343656,6.701000,356.594,269.348,407.312,398.607,0.796748,detected
572,27.238095,far,,,,,,,,,,0.000000,missing
573,27.285714,near,87,379.000,388.000,1.357684,6.701000,357.081,269.271,407.386,399.036,0.807105,detected
573,27.285714,far,,,,,,,,,,0.000000,missing
574,27.333333,near,87,377.000,389.000,1.340522,6.701000,357.425,269.605,407.267,399.220,0.817917,detected
574,27.333333,far,,,,,,,,,,0.000000,missing
575,27.380952,near,87,376.000,389.000,1.325042,6.701000,356.813,269.971,406.213,399.808,0.821284,detected
575,27.380952,far,,,,,,,,,,0.000000,missing
576,27.428571,near,87,376.000,389.000,1.325042,6.701000,354.628,270.062,403.395,400.329,0.817975,detected
576,27.428571,far,,,,,,,,,,0.000000,missing
577,27.476190,near,87,373.000,388.000,1.263997,6.701000,353.418,271.281,401.237,400.644,0.817015,detected
577,27.476190,far,,,,,,,,,,0.000000,missing
578,27.523810,near,87,372.000,389.000,1.263095,6.701000,352.081,272.088,399.296,400.619,0.833253,detected
578,27.523810,far,,,,,,,,,,0.000000,missing
579,27.571429,near,87,371.000,389.000,1.247602,6.701000,351.267,271.882,398.620,400.741,0.832856,detected
579,27.571429,far,,,,,,,,,,0.000000,missing
580,27.619048,near,87,369.000,388.000,1.201488,6.701000,349.006,273.535,395.834,400.555,0.847595,detected
580,27.619048,far,99,386.000,372.000,1.226647,3.961609,372.837,269.022,407.300,383.746,0.457286,detected
581,27.666667,near,87,367.000,387.000,1.154568,6.701000,348.244,275.598,394.529,400.287,0.855494,detected
581,27.666667,far,99,386.000,371.000,1.209099,3.771570,372.206,268.884,406.420,382.641,0.580213,detected
582,27.714286,near,87,368.000,388.000,1.185854,6.701000,348.129,279.906,393.297,400.211,0.859952,detected
582,27.714286,far,99,385.000,374.000,1.243014,4.329402,371.292,268.618,405.810,383.137,0.609739,detected
583,27.761905,near,87,368.000,388.000,1.185854,6.701000,347.249,284.598,391.466,400.151,0.854169,detected
583,27.761905,far,99,380.000,376.000,1.189218,4.678395,367.047,269.160,401.714,382.493,0.522817,detected
584,27.809524,near,87,369.000,387.000,1.186108,6.701000,346.365,286.639,390.673,399.988,0.867782,detected
584,27.809524,far,99,380.000,375.000,1.171973,4.502362,368.379,269.371,402.331,379.176,0.576326,detected
585,27.857143,near,87,366.000,388.000,1.154580,6.701000,344.982,295.179,387.583,399.240,0.838102,detected
585,27.857143,far,99,385.000,375.000,1.259737,4.508687,368.770,269.073,403.264,379.458,0.806434,detected
586,27.904762,near,87,367.000,387.000,1.154568,6.701000,343.929,299.192,386.627,398.900,0.850803,detected
586,27.904762,far,99,384.000,376.000,1.258764,4.683344,368.762,269.007,403.586,379.128,0.840776,detected
587,27.952381,near,87,366.000,386.000,1.122735,6.701000,342.993,300.700,386.683,398.439,0.843365,detected
587,27.952381,far,99,384.000,375.000,1.242190,4.507423,368.540,269.089,404.403,381.440,0.852829,detected
588,28.000000,near,87,367.000,386.000,1.138647,6.701000,341.246,300.771,386.500,398.046,0.835462,detected
588,28.000000,far,99,384.000,373.000,1.208074,4.145302,368.295,268.971,405.071,383.219,0.859067,detected
589,28.047619,near,87,366.000,385.000,1.106395,6.701000,338.357,300.379,385.442,397.831,0.844823,detected
589,28.047619,far,99,383.000,373.000,1.190180,4.143979,368.084,268.721,405.373,383.555,0.857301,detected
590,28.095238,near,87,367.000,383.000,1.089185,6.701000,335.813,300.889,384.166,397.446,0.841172,detected
590,28.095238,far,99,382.000,375.000,1.207088,4.504892,367.271,268.290,406.317,387.944,0.855250,detected
591,28.142857,near,87,364.000,384.000,1.057369,6.701000,334.595,301.749,383.974,397.119,0.838229,detected
591,28.142857,far,99,382.000,374.000,1.189853,4.325521,366.605,267.972,406.431,389.319,0.861442,detected
592,28.190476,near,87,366.000,383.000,1.072845,6.701000,334.084,302.615,384.314,397.104,0.831848,detected
592,28.190476,far,99,382.000,373.000,1.172282,4.142655,366.578,268.014,406.501,388.946,0.858050,detected
593,28.238095,near,87,366.000,382.000,1.055619,6.701000,334.599,303.305,385.222,396.895,0.846599,detected
593,28.238095,far,99,383.000,371.000,1.154350,3.767415,366.781,267.998,406.217,386.452,0.854389,detected
594,28.285714,near,87,363.000,384.000,1.041166,6.701000,334.752,302.324,386.232,397.202,0.835337,detected
594,28.285714,far,99,382.000,371.000,1.136094,3.766029,366.630,268.242,405.880,385.032,0.850943,detected
595,28.333333,near,87,365.000,385.000,1.090340,6.701000,336.775,303.118,387.473,397.032,0.792667,detected
595,28.333333,far,99,382.000,372.000,1.154366,3.956194,365.580,268.300,404.945,384.473,0.818884,detected
596,28.380952,near,87,364.000,386.000,1.090903,6.701000,338.280,301.309,389.653,397.331,0.795669,detected
596,28.380952,far,99,380.000,372.000,1.118205,3.953485,364.756,267.909,403.593,381.601,0.783819,detected
597,28.428571,near,87,364.000,387.000,1.107237,6.701000,340.349,300.799,391.809,397.651,0.829739,detected
597,28.428571,far,99,378.000,373.000,1.100658,4.137359,363.596,267.634,402.630,381.756,0.787319,detected
598,28.476190,near,87,365.000,388.000,1.138938,6.701000,341.972,301.401,393.485,398.767,0.834004,detected
598,28.476190,far,99,379.000,372.000,1.100119,3.952130,362.995,267.693,401.695,380.867,0.806927,detected
599,28.523810,near,87,364.000,388.000,1.123294,6.701000,342.181,300.958,394.015,399.774,0.827890,detected
599,28.523810,far,99,379.000,372.000,1.100119,3.952130,361.914,267.736,400.703,380.869,0.764439,detected
600,28.571429,near,87,364.000,390.000,1.154602,6.788317,342.322,299.719,394.939,401.110,0.808812,detected
600,28.571429,far,99,379.000,374.000,1.136663,4.321638,361.483,268.107,400.506,381.987,0.716089,detected
601,28.619048,near,,363.000,388.000,1.107648,6.701000,,,,,0.000000,tracked
601,28.619048,far,,363.000,371.000,0.788557,3.739652,,,,,0.000000,tracked
602,28.666667,near,,361.000,386.000,1.043135,6.701000,,,,,0.000000,tracked
602,28.666667,far,,361.000,369.000,0.706367,3.343587,,,,,0.000000,tracked
603,28.714286,near,,371.000,389.000,1.247602,6.701000,,,,,0.000000,tracked
603,28.714286,far,,364.000,372.000,0.828425,3.931777,,,,,0.000000,tracked
604,28.761905,near,,358.000,385.000,0.977880,6.701000,,,,,0.000000,tracked
604,28.761905,far,,358.000,368.000,0.626176,3.136416,,,,,0.000000,tracked
605,28.809524,near,,368.000,387.000,1.170339,6.701000,,,,,0.000000,tracked
605,28.809524,far,,367.000,370.000,0.840406,3.550744,,,,,0.000000,tracked
606,28.857143,near,,368.000,387.000,1.170339,6.701000,,,,,0.000000,tracked
606,28.857143,far,,373.000,363.000,0.796901,2.081889,,,,,0.000000,tracked
607,28.904762,near,,337.000,406.000,1.005261,8.198960,,,,,0.000000,tracked
607,28.904762,far,,354.000,372.000,0.646869,3.918176,,,,,0.000000,tracked
608,28.952381,near,,352.000,396.000,1.066712,7.357662,,,,,0.000000,tracked
608,28.952381,far,,370.000,362.000,0.712573,1.847232,,,,,0.000000,tracked
609,29.000000,near,,352.000,396.000,1.066712,7.357662,,,,,0.000000,tracked
609,29.000000,far,,350.000,366.000,0.421922,2.705533,,,,,0.000000,tracked
610,29.047619,near,,352.000,396.000,1.066712,7.357662,,,,,0.000000,tracked
610,29.047619,far,,350.000,366.000,0.421922,2.705533,,,,,0.000000,tracked
611,29.095238,near,,,,,,,,,,0.000000,missing
611,29.095238,far,,,,,,,,,,0.000000,missing
612,29.142857,near,,,,,,,,,,0.000000,missing
612,29.142857,far,,,,,,,,,,0.000000,missing
613,29.190476,near,,,,,,,,,,0.000000,missing
613,29.190476,far,,,,,,,,,,0.000000,missing
614,29.238095,near,,,,,,,,,,0.000000,missing
614,29.238095,far,,,,,,,,,,0.000000,missing
615,29.285714,near,,,,,,,,,,0.000000,missing
615,29.285714,far,,,,,,,,,,0.000000,missing
616,29.333333,near,,,,,,,,,,0.000000,missing
616,29.333333,far,,,,,,,,,,0.000000,missing
617,29.380952,near,,,,,,,,,,0.000000,missing
617,29.380952,far,,,,,,,,,,0.000000,missing
618,29.428571,near,,,,,,,,,,0.000000,missing
618,29.428571,far,,,,,,,,,,0.000000,missing
619,29.476190,near,,,,,,,,,,0.000000,missing
619,29.476190,far,,,,,,,,,,0.000000,missing
620,29.523810,near,,,,,,,,,,0.000000,missing
620,29.523810,far,,,,,,,,,,0.000000,missing
621,29.571429,near,,,,,,,,,,0.000000,missing
621,29.571429,far,,,,,,,,,,0.000000,missing
622,29.619048,near,,,,,,,,,,0.000000,missing
622,29.619048,far,,,,,,,,,,0.000000,missing
623,29.666667,near,,,,,,,,,,0.000000,missing
623,29.666667,far,,,,,,,,,,0.000000,missing
624,29.714286,near,,,,,,,,,,0.000000,missing
624,29.714286,far,,,,,,,,,,0.000000,missing
625,29.761905,near,,,,,,,,,,0.000000,missing
625,29.761905,far,,,,,,,,,,0.000000,missing
626,29.809524,near,,,,,,,,,,0.000000,missing
626,29.809524,far,,,,,,,,,,0.000000,missing
627,29.857143,near,,,,,,,,,,0.000000,missing
627,29.857143,far,,,,,,,,,,0.000000,missing
628,29.904762,near,,,,,,,,,,0.000000,missing
628,29.904762,far,,,,,,,,,,0.000000,missing
629,29.952381,near,,,,,,,,,,0.000000,missing
629,29.952381,far,,,,,,,,,,0.000000,missing
