frame,time_s,role,track_id,x_px,y_px,court_x_m,court_y_m,bbox_x1,bbox_y1,bbox_x2,bbox_y2,confidence,source
0,0.000000,near,1,710.000,576.000,3.885676,10.345352,678.522,389.029,750.442,590.103,0.906364,detected
0,0.000000,far,2,632.000,418.000,2.917073,1.855292,598.640,287.000,662.245,434.900,0.897370,detected
1,0.033367,near,1,709.000,576.000,3.876569,10.345589,678.397,388.925,750.389,590.172,0.907923,detected
1,0.033367,far,2,632.000,418.000,2.917073,1.855292,598.663,287.000,662.189,434.747,0.899462,detected
2,0.066733,near,1,710.000,575.000,3.885530,10.310513,677.600,388.370,749.810,590.191,0.909871,detected
2,0.066733,far,2,631.000,418.000,2.905030,1.855556,598.697,287.042,662.037,434.397,0.899203,detected
3,0.100100,near,1,710.000,575.000,3.885530,10.310513,677.142,387.770,749.565,590.119,0.912759,detected
3,0.100100,far,2,631.000,418.000,2.905030,1.855556,598.735,287.068,662.037,434.373,0.899713,detected
4,0.133467,near,1,710.000,575.000,3.885530,10.310513,676.827,387.696,749.357,590.219,0.912807,detected
4,0.133467,far,2,631.000,419.000,2.907200,1.937149,598.252,287.023,661.539,434.385,0.897792,detected
5,0.166834,near,1,711.000,575.000,3.894651,10.310276,676.502,387.869,749.066,590.308,0.913240,detected
5,0.166834,far,2,631.000,419.000,2.907200,1.937149,598.426,287.007,661.670,434.253,0.903967,detected
6,0.200200,near,1,711.000,575.000,3.894651,10.310276,676.011,387.926,748.673,590.330,0.911862,detected
6,0.200200,far,2,631.000,419.000,2.907200,1.937149,598.216,287.002,661.415,434.229,0.904477,detected
7,0.233567,near,1,711.000,575.000,3.894651,10.310276,675.453,388.053,748.260,590.363,0.913923,detected
7,0.233567,far,2,631.000,418.000,2.905030,1.855556,598.308,287.000,661.257,433.927,0.895798,detected
8,0.266934,near,1,711.000,575.000,3.894651,10.310276,675.122,388.900,747.717,589.889,0.914927,detected
8,0.266934,far,2,631.000,418.000,2.905030,1.855556,598.495,287.000,661.286,433.849,0.894710,detected
9,0.300300,near,1,711.000,575.000,3.894651,10.310276,674.526,389.448,747.215,589.566,0.913391,detected
9,0.300300,far,2,631.000,419.000,2.907200,1.937149,598.471,287.000,661.287,434.333,0.890604,detected
10,0.333667,near,1,709.000,574.000,3.876248,10.275803,673.724,390.352,746.678,589.730,0.915203,detected
10,0.333667,far,2,631.000,418.000,2.905030,1.855556,598.712,287.000,661.283,434.360,0.890623,detected
11,0.367034,near,1,709.000,574.000,3.876248,10.275803,672.773,391.270,746.084,590.011,0.916389,detected
11,0.367034,far,2,631.000,418.000,2.905030,1.855556,599.143,287.000,661.468,434.327,0.890033,detected
12,0.400400,near,1,710.000,575.000,3.885530,10.310513,671.583,392.339,745.196,589.914,0.914291,detected
12,0.400400,far,2,631.000,418.000,2.905030,1.855556,599.341,287.000,661.393,434.327,0.887688,detected
13,0.433767,near,1,710.000,575.000,3.885530,10.310513,670.636,393.153,744.697,590.014,0.912575,detected
13,0.433767,far,2,631.000,414.000,2.896259,1.525861,599.190,287.000,660.814,433.901,0.888638,detected
14,0.467134,near,1,710.000,572.000,3.885088,10.205350,669.837,394.554,743.971,589.151,0.912244,detected
14,0.467134,far,2,631.000,414.000,2.896259,1.525861,599.274,287.000,660.561,433.743,0.887543,detected
15,0.500501,near,1,711.000,573.000,3.894385,10.240275,669.171,395.686,743.906,589.190,0.913904,detected
15,0.500501,far,2,630.000,418.000,2.892986,1.855821,599.722,287.000,660.752,433.965,0.885114,detected
16,0.533867,near,1,711.000,573.000,3.894385,10.240275,668.464,396.666,744.009,589.729,0.913191,detected
16,0.533867,far,2,630.000,418.000,2.892986,1.855821,600.006,287.000,660.751,434.044,0.886783,detected
17,0.567234,near,1,712.000,574.000,3.903654,10.275093,667.789,397.475,744.418,590.569,0.915240,detected
17,0.567234,far,2,631.000,414.000,2.896259,1.525861,600.120,287.081,660.459,433.602,0.888747,detected
18,0.600601,near,1,712.000,572.000,3.903415,10.204878,667.202,398.667,744.570,590.765,0.913593,detected
18,0.600601,far,2,631.000,414.000,2.896259,1.525861,600.261,287.140,660.351,433.455,0.889857,detected
19,0.633967,near,1,712.000,572.000,3.903415,10.204878,666.487,399.293,744.681,590.723,0.915966,detected
19,0.633967,far,2,631.000,414.000,2.896259,1.525861,600.445,287.052,660.429,433.479,0.890841,detected
20,0.667334,near,1,712.000,572.000,3.903415,10.204878,666.100,400.103,745.144,590.905,0.915682,detected
20,0.667334,far,2,630.000,418.000,2.892986,1.855821,600.844,287.019,660.874,434.162,0.890034,detected
21,0.700701,near,1,712.000,571.000,3.903295,10.169607,665.522,400.565,745.552,590.981,0.914681,detected
21,0.700701,far,2,631.000,414.000,2.896259,1.525861,600.856,287.006,660.664,433.966,0.890447,detected
22,0.734067,near,1,713.000,570.000,3.912366,10.133991,664.933,400.950,745.854,591.060,0.914537,detected
22,0.734067,far,2,631.000,414.000,2.896259,1.525861,600.803,287.001,660.378,433.813,0.891880,detected
23,0.767434,near,1,713.000,570.000,3.912366,10.133991,664.484,401.426,746.191,591.125,0.914580,detected
23,0.767434,far,2,631.000,414.000,2.896259,1.525861,600.988,287.000,660.344,433.759,0.890942,detected
24,0.800801,near,1,713.000,570.000,3.912366,10.133991,664.161,401.807,746.638,591.221,0.916054,detected
24,0.800801,far,2,631.000,415.000,2.898465,1.608787,601.023,287.000,660.411,434.421,0.892073,detected
25,0.834168,near,1,713.000,570.000,3.912366,10.133991,663.958,402.159,747.173,591.312,0.915735,detected
25,0.834168,far,2,631.000,415.000,2.898465,1.608787,601.105,287.000,660.379,434.663,0.891961,detected
26,0.867534,near,1,712.000,570.000,3.903175,10.134228,663.551,402.539,747.372,591.323,0.917785,detected
26,0.867534,far,2,630.000,419.000,2.895181,1.937414,601.366,287.000,660.458,434.706,0.890956,detected
27,0.900901,near,1,712.000,570.000,3.903175,10.134228,663.354,402.713,747.867,591.401,0.917090,detected
27,0.900901,far,2,631.000,415.000,2.898465,1.608787,601.263,287.000,660.163,434.729,0.890396,detected
28,0.934268,near,1,712.000,571.000,3.903295,10.169607,663.412,403.012,748.504,591.439,0.917478,detected
28,0.934268,far,2,631.000,415.000,2.898465,1.608787,601.240,287.000,659.959,434.728,0.890657,detected
29,0.967634,near,1,712.000,571.000,3.903295,10.169607,663.380,403.240,749.049,591.523,0.917799,detected
29,0.967634,far,2,631.000,415.000,2.898465,1.608787,601.270,287.000,659.827,434.741,0.890741,detected
30,1.001001,near,1,712.000,571.000,3.903295,10.169607,663.206,403.335,749.357,591.387,0.917788,detected
30,1.001001,far,2,631.000,415.000,2.898465,1.608787,601.439,287.000,659.858,434.718,0.890756,detected
31,1.034368,near,1,712.000,571.000,3.903295,10.169607,663.265,403.459,749.833,591.340,0.917546,detected
31,1.034368,far,2,631.000,415.000,2.898465,1.608787,601.351,287.000,659.584,434.692,0.888317,detected
32,1.067734,near,1,712.000,572.000,3.903415,10.204878,663.145,403.492,750.199,591.530,0.917618,detected
32,1.067734,far,2,631.000,415.000,2.898465,1.608787,601.601,287.000,659.666,434.657,0.887680,detected
33,1.101101,near,1,712.000,572.000,3.903415,10.204878,663.211,403.320,750.646,591.441,0.917224,detected
33,1.101101,far,2,631.000,415.000,2.898465,1.608787,601.753,287.000,659.672,434.626,0.887477,detected
34,1.134468,near,1,712.000,572.000,3.903415,10.204878,663.095,403.221,750.977,591.657,0.917083,detected
34,1.134468,far,2,631.000,415.000,2.898465,1.608787,601.896,287.000,659.699,434.629,0.889204,detected
35,1.167835,near,1,712.000,572.000,3.903415,10.204878,663.097,403.328,751.241,591.644,0.917615,detected
35,1.167835,far,2,631.000,415.000,2.898465,1.608787,601.948,287.000,659.540,434.369,0.890594,detected
36,1.201201,near,1,712.000,572.000,3.903415,10.204878,663.530,403.519,751.994,591.602,0.917298,detected
36,1.201201,far,2,631.000,415.000,2.898465,1.608787,601.952,287.000,659.412,434.312,0.889569,detected
37,1.234568,near,1,712.000,572.000,3.903415,10.204878,663.695,403.236,752.579,591.574,0.915638,detected
37,1.234568,far,2,631.000,415.000,2.898465,1.608787,602.007,287.000,659.372,434.313,0.888605,detected
38,1.267935,near,1,712.000,572.000,3.903415,10.204878,663.668,403.126,752.863,591.555,0.915859,detected
38,1.267935,far,2,631.000,415.000,2.898465,1.608787,602.050,287.000,659.330,434.320,0.888588,detected
39,1.301301,near,1,712.000,572.000,3.903415,10.204878,663.849,403.042,753.348,591.518,0.915640,detected
39,1.301301,far,2,631.000,415.000,2.898465,1.608787,602.357,287.000,659.564,434.532,0.885960,detected
40,1.334668,near,1,712.000,572.000,3.903415,10.204878,663.797,402.997,753.561,591.509,0.914795,detected
40,1.334668,far,2,631.000,415.000,2.898465,1.608787,602.546,287.000,659.649,434.596,0.886102,detected
41,1.368035,near,1,712.000,571.000,3.903295,10.169607,663.717,402.699,753.795,591.497,0.913643,detected
41,1.368035,far,2,631.000,415.000,2.898465,1.608787,602.733,287.000,659.707,434.448,0.886699,detected
42,1.401401,near,1,712.000,571.000,3.903295,10.169607,663.820,402.577,754.156,591.484,0.913641,detected
42,1.401401,far,2,631.000,415.000,2.898465,1.608787,602.790,287.000,659.655,434.363,0.886225,detected
43,1.434768,near,1,712.000,571.000,3.903295,10.169607,663.887,402.528,754.424,591.499,0.913129,detected
43,1.434768,far,2,631.000,414.000,2.896259,1.525861,602.818,287.000,659.645,434.422,0.885414,detected
44,1.468135,near,1,712.000,572.000,3.903415,10.204878,663.865,402.488,754.564,591.479,0.913285,detected
44,1.468135,far,2,631.000,414.000,2.896259,1.525861,602.887,287.000,659.656,434.427,0.886398,detected
45,1.501502,near,1,712.000,572.000,3.903415,10.204878,663.868,402.410,754.778,591.490,0.913254,detected
45,1.501502,far,2,631.000,414.000,2.896259,1.525861,603.057,287.000,659.718,434.358,0.886535,detected
46,1.534868,near,1,712.000,572.000,3.903415,10.204878,663.854,402.381,754.946,591.490,0.913100,detected
46,1.534868,far,2,631.000,414.000,2.896259,1.525861,603.133,287.000,659.723,434.357,0.886016,detected
47,1.568235,near,1,712.000,572.000,3.903415,10.204878,663.826,402.349,755.100,591.501,0.913486,detected
47,1.568235,far,2,631.000,415.000,2.898465,1.608787,603.219,287.000,659.730,434.356,0.886807,detected
48,1.601602,near,1,712.000,572.000,3.903415,10.204878,663.862,402.277,755.307,591.480,0.913135,detected
48,1.601602,far,2,631.000,414.000,2.896259,1.525861,603.505,287.000,659.934,434.209,0.886944,detected
49,1.634968,near,1,712.000,572.000,3.903415,10.204878,663.890,402.246,755.455,591.445,0.912843,detected
49,1.634968,far,2,631.000,414.000,2.896259,1.525861,603.383,287.000,659.718,434.209,0.883417,detected
50,1.668335,near,1,712.000,572.000,3.903415,10.204878,663.669,402.009,755.448,591.318,0.914858,detected
50,1.668335,far,2,631.000,414.000,2.896259,1.525861,603.364,287.000,659.475,433.946,0.884825,detected
51,1.701702,near,1,712.000,571.000,3.903295,10.169607,663.507,401.924,755.465,591.310,0.914678,detected
51,1.701702,far,2,631.000,414.000,2.896259,1.525861,603.398,287.000,659.367,433.857,0.884123,detected
52,1.735068,near,1,712.000,571.000,3.903295,10.169607,663.445,401.891,755.554,591.320,0.914767,detected
52,1.735068,far,2,631.000,414.000,2.896259,1.525861,603.215,287.000,659.024,433.890,0.882571,detected
53,1.768435,near,1,712.000,571.000,3.903295,10.169607,663.379,401.880,755.618,591.332,0.914751,detected
53,1.768435,far,2,632.000,415.000,2.910582,1.608525,603.168,287.000,658.838,433.936,0.881630,detected
54,1.801802,near,1,712.000,571.000,3.903295,10.169607,663.273,401.881,755.626,591.353,0.914555,detected
54,1.801802,far,2,632.000,414.000,2.908400,1.525599,603.200,287.000,658.798,434.091,0.883364,detected
55,1.835169,near,1,712.000,571.000,3.903295,10.169607,663.247,401.874,755.668,591.301,0.913376,detected
55,1.835169,far,2,632.000,414.000,2.908400,1.525599,603.259,287.000,658.743,434.129,0.885936,detected
56,1.868535,near,1,712.000,571.000,3.903295,10.169607,663.048,401.882,755.572,591.238,0.915142,detected
56,1.868535,far,2,631.000,414.000,2.896259,1.525861,603.280,287.000,658.635,434.210,0.882453,detected
57,1.901902,near,1,712.000,571.000,3.903295,10.169607,662.687,401.891,755.163,591.014,0.914158,detected
57,1.901902,far,2,631.000,414.000,2.896259,1.525861,603.310,287.000,658.525,434.233,0.877769,detected
58,1.935269,near,1,712.000,571.000,3.903295,10.169607,662.478,401.922,755.072,591.210,0.914201,detected
58,1.935269,far,2,631.000,415.000,2.898465,1.608787,603.368,287.000,658.402,434.217,0.874745,detected
59,1.968635,near,1,712.000,571.000,3.903295,10.169607,662.449,401.931,755.047,591.166,0.915546,detected
59,1.968635,far,2,631.000,414.000,2.896259,1.525861,603.213,287.000,657.878,433.958,0.866741,detected
60,2.002002,near,1,712.000,571.000,3.903295,10.169607,662.242,401.894,754.756,591.070,0.915513,detected
60,2.002002,far,2,631.000,415.000,2.898465,1.608787,603.006,287.000,657.740,434.640,0.885848,detected
61,2.035369,near,1,712.000,571.000,3.903295,10.169607,662.194,401.903,754.621,590.968,0.914490,detected
61,2.035369,far,2,631.000,420.000,2.909362,2.018413,603.933,287.000,658.993,435.092,0.886159,detected
62,2.068735,near,1,712.000,570.000,3.903175,10.134228,661.857,401.674,754.265,590.746,0.912366,detected
62,2.068735,far,2,632.000,421.000,2.923486,2.099084,605.026,287.000,660.549,434.999,0.900233,detected
63,2.102102,near,1,712.000,570.000,3.903175,10.134228,661.773,401.855,754.189,590.985,0.910687,detected
63,2.102102,far,2,632.000,422.000,2.925606,2.179696,605.681,287.000,661.788,435.018,0.900062,detected
64,2.135469,near,1,712.000,570.000,3.903175,10.134228,661.736,401.813,754.152,590.960,0.912128,detected
64,2.135469,far,2,632.000,421.000,2.923486,2.099084,605.230,287.000,661.983,435.148,0.895931,detected
65,2.168836,near,1,712.000,570.000,3.903175,10.134228,661.619,401.790,753.933,590.984,0.911829,detected
65,2.168836,far,2,631.000,419.000,2.907200,1.937149,604.539,287.000,661.777,435.146,0.897700,detected
66,2.202202,near,1,712.000,570.000,3.903175,10.134228,661.490,401.775,753.679,591.150,0.911553,detected
66,2.202202,far,2,631.000,419.000,2.907200,1.937149,605.836,287.000,663.071,434.990,0.894280,detected
67,2.235569,near,1,711.000,573.000,3.894385,10.240275,661.693,402.349,753.570,591.568,0.911649,detected
67,2.235569,far,2,630.000,419.000,2.895181,1.937414,607.109,287.000,664.731,435.070,0.892267,detected
68,2.268936,near,1,710.000,572.000,3.885088,10.205350,661.832,402.874,753.487,592.018,0.913657,detected
68,2.268936,far,2,630.000,418.000,2.892986,1.855821,608.136,287.000,666.101,435.038,0.890407,detected
69,2.302302,near,1,710.000,572.000,3.885088,10.205350,661.194,402.534,752.720,591.970,0.915402,detected
69,2.302302,far,2,630.000,418.000,2.892986,1.855821,608.366,287.000,666.701,434.932,0.893665,detected
70,2.335669,near,1,711.000,570.000,3.893984,10.134463,659.886,401.302,751.460,591.547,0.913176,detected
70,2.335669,far,2,631.000,418.000,2.905030,1.855556,608.261,287.000,666.858,434.823,0.893170,detected
71,2.369036,near,1,711.000,566.000,3.893442,9.991846,658.467,399.057,749.851,589.945,0.911981,detected
71,2.369036,far,2,631.000,418.000,2.905030,1.855556,606.933,287.000,665.897,434.782,0.896346,detected
72,2.402402,near,1,710.000,557.000,3.882818,9.664616,657.968,396.207,748.044,585.080,0.906999,detected
72,2.402402,far,2,631.000,418.000,2.905030,1.855556,605.948,287.000,665.266,434.584,0.896879,detected
73,2.435769,near,1,710.000,557.000,3.882818,9.664616,657.282,393.003,745.933,579.630,0.906065,detected
73,2.435769,far,2,632.000,418.000,2.917073,1.855292,605.019,287.000,664.513,434.555,0.892103,detected
74,2.469136,near,1,711.000,557.000,3.892199,9.664380,656.190,390.241,744.622,577.244,0.909686,detected
74,2.469136,far,2,634.000,414.000,2.932682,1.525077,603.204,287.000,661.930,434.058,0.837826,detected
75,2.502503,near,1,711.000,556.000,3.892058,9.627420,655.252,386.969,743.767,575.340,0.906449,detected
75,2.502503,far,2,634.000,415.000,2.934814,1.608001,603.611,287.000,661.851,433.121,0.881821,detected
76,2.535869,near,1,712.000,556.000,3.901453,9.627186,653.969,384.424,742.750,574.501,0.908618,detected
76,2.535869,far,2,636.000,413.000,2.954871,1.441294,604.056,287.689,661.396,431.601,0.874186,detected
77,2.569236,near,1,712.000,555.000,3.901327,9.590110,652.784,381.835,741.890,574.098,0.910635,detected
77,2.569236,far,2,638.000,414.000,2.981241,1.524033,602.461,289.049,659.608,431.337,0.888186,detected
78,2.602603,near,1,712.000,554.000,3.901201,9.552916,651.555,379.911,740.736,573.743,0.912416,detected
78,2.602603,far,2,640.000,413.000,3.003526,1.440253,602.424,290.336,659.174,430.153,0.881809,detected
79,2.635969,near,1,712.000,553.000,3.901074,9.515604,650.440,378.451,739.608,573.317,0.912265,detected
79,2.635969,far,2,642.000,414.000,3.029793,1.522989,605.683,292.626,662.805,429.539,0.880969,detected
80,2.669336,near,1,712.000,553.000,3.901074,9.515604,649.160,377.523,738.067,572.520,0.915061,detected
80,2.669336,far,2,642.000,414.000,3.029793,1.522989,608.570,294.290,666.725,429.444,0.887642,detected
81,2.702703,near,1,712.000,552.000,3.900947,9.478174,648.254,376.941,737.136,571.788,0.913146,detected
81,2.702703,far,2,643.000,414.000,3.041930,1.522728,611.583,296.310,670.715,429.585,0.882755,detected
82,2.736069,near,1,711.000,551.000,3.891350,9.440859,646.680,376.901,735.654,571.452,0.905555,detected
82,2.736069,far,2,645.000,416.000,3.069916,1.687700,614.137,298.446,673.935,429.823,0.867679,detected
83,2.769436,near,1,711.000,550.000,3.891207,9.403190,645.364,380.583,732.916,570.803,0.908217,detected
83,2.769436,far,2,646.000,416.000,3.082002,1.687438,616.281,299.482,677.293,429.949,0.884648,detected
84,2.802803,near,1,712.000,550.000,3.900691,9.402955,645.133,383.034,732.409,570.265,0.905559,detected
84,2.802803,far,2,648.000,415.000,3.104395,1.604336,618.427,300.648,680.165,429.784,0.891420,detected
85,2.836170,near,1,713.000,547.000,3.909835,9.288990,645.266,387.000,731.364,568.424,0.909959,detected
85,2.836170,far,2,652.000,411.000,3.146043,1.269611,620.555,300.950,683.022,428.863,0.898817,detected
86,2.869536,near,1,713.000,553.000,3.910513,9.515369,644.417,391.209,729.471,567.074,0.910048,detected
86,2.869536,far,2,654.000,411.000,3.170458,1.269094,622.332,301.534,685.986,428.975,0.896995,detected
87,2.902903,near,1,712.000,552.000,3.900947,9.478174,643.428,393.206,728.629,565.946,0.898060,detected
87,2.902903,far,2,658.000,414.000,3.223939,1.518814,625.003,302.728,689.316,429.523,0.890177,detected
88,2.936270,near,1,711.000,550.000,3.891207,9.403190,642.823,393.773,728.547,564.802,0.897779,detected
88,2.936270,far,2,661.000,413.000,3.258859,1.434791,626.585,303.566,691.388,429.211,0.894025,detected
89,2.969636,near,1,707.000,540.000,3.851195,9.020718,642.279,392.716,728.324,563.278,0.891307,detected
89,2.969636,far,2,662.000,413.000,3.271013,1.434531,627.857,304.420,693.680,429.348,0.886523,detected
90,3.003003,near,1,706.000,541.000,3.841782,9.059850,641.848,391.533,728.598,562.848,0.905815,detected
90,3.003003,far,2,661.000,413.000,3.258859,1.434791,628.326,305.705,695.151,429.028,0.895882,detected
91,3.036370,near,1,707.000,540.000,3.851195,9.020718,640.438,389.608,728.148,562.630,0.897878,detected
91,3.036370,far,2,661.000,413.000,3.258859,1.434791,628.981,308.617,696.116,428.829,0.896153,detected
92,3.069736,near,1,707.000,541.000,3.851405,9.059617,639.483,386.475,729.152,563.063,0.913763,detected
92,3.069736,far,2,662.000,413.000,3.271013,1.434531,628.508,309.857,696.829,427.698,0.884014,detected
93,3.103103,near,1,707.000,540.000,3.851195,9.020718,638.407,382.690,730.073,563.369,0.914592,detected
93,3.103103,far,2,662.000,412.000,3.269561,1.350950,629.689,310.316,698.970,425.763,0.879900,detected
94,3.136470,near,1,704.000,538.000,3.821760,8.943239,637.369,378.539,730.948,563.873,0.903825,detected
94,3.136470,far,2,660.000,409.000,3.240659,1.098659,632.322,310.094,701.137,420.416,0.888486,detected
95,3.169837,near,1,699.000,538.000,3.773400,8.944405,636.027,376.114,730.098,563.943,0.899446,detected
95,3.169837,far,2,660.000,407.000,3.237600,0.928378,632.813,309.262,704.187,419.753,0.898351,detected
96,3.203203,near,1,697.000,536.000,3.753314,8.866180,635.455,375.466,729.000,563.940,0.891308,detected
96,3.203203,far,2,659.000,406.000,3.223729,0.842962,633.178,307.049,708.374,419.810,0.891881,detected
97,3.236570,near,1,692.000,537.000,3.705237,8.906754,633.551,376.102,725.776,562.590,0.899461,detected
97,3.236570,far,2,657.000,407.000,3.200680,0.929142,632.979,304.923,711.668,419.481,0.882619,detected
98,3.269937,near,1,688.000,538.000,3.666986,8.946967,632.330,378.404,721.509,557.875,0.893430,detected
98,3.269937,far,2,661.000,405.000,3.246871,0.756430,623.866,303.448,702.814,419.032,0.827793,detected
99,3.303303,near,1,682.000,544.000,3.612524,9.181406,629.153,381.230,718.641,559.578,0.901322,detected
99,3.303303,far,2,663.000,402.000,3.267140,0.495702,626.799,298.382,710.424,418.558,0.873459,detected
100,3.336670,near,1,680.000,545.000,3.593980,9.220277,626.339,383.391,716.778,561.401,0.913831,detected
100,3.336670,far,2,666.000,403.000,3.305847,0.582050,625.492,292.851,712.932,418.290,0.857086,detected
101,3.370037,near,1,679.000,550.000,3.587574,9.410690,622.776,384.724,716.508,567.431,0.899998,detected
101,3.370037,far,2,672.000,399.000,3.375227,0.229973,628.804,288.641,717.181,416.197,0.880297,detected
102,3.403403,near,1,678.000,552.000,3.579363,9.486151,620.742,385.153,716.244,569.479,0.892406,detected
102,3.403403,far,2,679.000,397.000,3.460586,0.050751,635.704,287.048,722.180,414.112,0.847622,detected
103,3.436770,near,1,679.000,556.000,3.591303,9.634941,618.261,385.340,715.700,572.267,0.904210,detected
103,3.436770,far,2,686.000,402.000,3.552993,0.489946,643.520,287.000,727.555,412.045,0.842639,detected
104,3.470137,near,1,681.000,566.000,3.615876,9.998921,616.353,385.921,715.087,574.128,0.895867,detected
104,3.470137,far,2,687.000,399.000,3.562798,0.226262,649.281,287.000,731.715,410.406,0.840990,detected
105,3.503504,near,1,681.000,558.000,3.611276,9.708279,615.402,386.165,714.875,574.541,0.897913,detected
105,3.503504,far,2,692.000,397.000,3.623800,0.047561,653.789,287.000,735.305,408.617,0.855276,detected
106,3.536870,near,1,682.000,558.000,3.620648,9.708044,616.396,386.582,716.489,574.440,0.898173,detected
106,3.536870,far,2,696.000,387.000,3.667391,0.000000,659.796,287.000,738.941,403.619,0.789202,detected
107,3.570237,near,1,682.000,555.000,3.618937,9.597157,617.828,385.958,719.183,574.515,0.912028,detected
107,3.570237,far,2,702.000,387.000,3.744308,0.000000,664.900,287.000,744.093,401.458,0.850869,detected
108,3.603604,near,1,682.000,554.000,3.618363,9.559959,619.547,385.452,722.126,574.339,0.908044,detected
108,3.603604,far,2,705.000,382.000,3.780602,0.000000,668.065,287.000,746.085,397.241,0.871294,detected
109,3.636970,near,1,680.000,554.000,3.599500,9.560430,622.205,385.459,726.087,574.821,0.911076,detected
109,3.636970,far,2,706.000,382.000,3.793559,0.000000,670.660,287.000,747.790,393.182,0.902357,detected
110,3.670337,near,1,680.000,554.000,3.599500,9.560430,625.562,386.368,729.419,571.870,0.915089,detected
110,3.670337,far,2,709.000,381.000,3.832100,0.000000,671.257,287.000,749.109,392.319,0.910977,detected
111,3.703704,near,1,680.000,557.000,3.601305,9.671668,624.265,388.381,731.770,575.593,0.921260,detected
111,3.703704,far,2,713.000,379.000,3.883604,0.000000,672.756,287.000,751.169,391.974,0.897344,detected
112,3.737070,near,1,680.000,561.000,3.603686,9.818359,624.320,393.058,734.622,579.605,0.920754,detected
112,3.737070,far,2,721.000,383.000,3.987835,0.000000,676.236,287.000,755.952,393.534,0.862752,detected
113,3.770437,near,1,679.000,564.000,3.596167,9.927413,623.640,398.441,736.416,583.398,0.920623,detected
113,3.770437,far,2,725.000,386.000,4.039138,0.000000,682.580,287.000,765.423,397.726,0.858057,detected
114,3.803804,near,1,680.000,569.000,3.608359,10.106294,623.479,404.696,737.474,585.978,0.922519,detected
114,3.803804,far,2,727.000,391.000,4.063915,0.000000,684.245,287.000,770.027,403.940,0.836026,detected
115,3.837171,near,1,681.000,570.000,3.618133,10.141548,623.761,411.974,737.652,587.344,0.922351,detected
115,3.837171,far,2,729.000,392.000,4.089080,0.000000,688.189,287.000,773.689,405.856,0.835461,detected
116,3.870537,near,1,683.000,567.000,3.634925,10.034272,624.374,416.976,738.069,586.441,0.921397,detected
116,3.870537,far,2,729.000,387.000,4.090242,0.000000,688.838,287.000,772.442,405.981,0.835836,detected
117,3.903904,near,1,685.000,565.000,3.652385,9.962044,628.153,421.526,740.721,585.042,0.923166,detected
117,3.903904,far,2,731.000,387.000,4.115854,0.000000,689.396,287.000,770.998,405.914,0.786621,detected
118,3.937271,near,1,688.000,567.000,3.681126,10.033092,631.234,423.425,744.411,584.945,0.914463,detected
118,3.937271,far,2,728.000,394.000,4.076005,0.000000,689.614,287.000,769.925,406.705,0.785987,detected
119,3.970637,near,1,691.000,565.000,3.707996,9.960629,629.403,423.544,744.496,584.715,0.921875,detected
119,3.970637,far,2,726.000,388.000,4.051669,0.000000,691.646,292.264,767.132,406.382,0.673653,detected
120,4.004004,near,1,689.000,566.000,3.689914,9.997034,625.958,421.698,742.459,582.134,0.931064,detected
120,4.004004,far,2,728.000,390.000,4.076818,0.000000,691.091,288.858,766.857,405.266,0.847843,detected
121,4.037371,near,1,685.000,566.000,3.652897,9.997978,620.645,420.787,738.475,581.475,0.929004,detected
121,4.037371,far,2,728.000,387.000,4.077435,0.000000,690.537,287.621,766.177,405.614,0.841786,detected
122,4.070737,near,1,680.000,569.000,3.608359,10.106294,614.099,419.769,734.524,584.239,0.929712,detected
122,4.070737,far,2,723.000,390.000,4.013188,0.000000,688.083,287.153,763.926,406.153,0.856019,detected
123,4.104104,near,1,672.000,573.000,3.537395,10.249495,605.881,417.844,727.990,586.522,0.914676,detected
123,4.104104,far,2,719.000,388.000,3.962197,0.000000,687.052,287.000,760.688,403.012,0.848813,detected
124,4.137471,near,1,661.000,571.000,3.434964,10.181658,596.861,416.076,718.281,587.773,0.908893,detected
124,4.137471,far,2,713.000,383.000,3.884451,0.000000,684.270,287.000,756.801,402.172,0.821837,detected
125,4.170838,near,1,648.000,574.000,3.318559,10.290231,585.166,415.220,704.146,588.880,0.890162,detected
125,4.170838,far,2,706.000,382.000,3.793559,0.000000,678.820,287.000,749.325,400.269,0.864606,detected
126,4.204204,near,1,633.000,573.000,3.180064,10.258723,575.891,415.939,694.174,594.213,0.917378,detected
126,4.204204,far,2,700.000,382.000,3.715814,0.000000,673.194,287.000,742.055,398.627,0.870318,detected
127,4.237571,near,1,625.000,570.000,3.102667,10.154787,570.382,416.253,682.905,589.076,0.903473,detected
127,4.237571,far,2,696.000,386.000,3.666713,0.000000,666.962,287.000,737.075,400.530,0.879085,detected
128,4.270938,near,1,616.000,576.000,3.028596,10.367607,559.955,416.956,673.013,593.568,0.900268,detected
128,4.270938,far,2,690.000,386.000,3.589614,0.000000,660.733,287.000,732.182,401.749,0.900455,detected
129,4.304304,near,1,610.000,577.000,2.975363,10.403769,549.821,417.615,663.491,597.384,0.900392,detected
129,4.304304,far,2,685.000,384.000,3.523375,0.000000,653.667,287.000,726.219,401.391,0.898987,detected
130,4.337671,near,1,600.000,582.000,2.892524,10.578258,540.338,417.292,655.873,602.519,0.892765,detected
130,4.337671,far,2,682.000,385.000,3.485720,0.000000,646.553,287.000,721.438,401.644,0.889627,detected
131,4.371038,near,1,593.000,588.000,2.839580,10.783043,529.882,416.362,649.061,610.093,0.908270,detected
131,4.371038,far,2,677.000,386.000,3.422509,0.000000,640.256,287.000,717.026,399.944,0.882929,detected
132,4.404404,near,1,585.000,593.000,2.776890,10.951436,521.477,416.175,641.597,613.390,0.900022,detected
132,4.404404,far,2,673.000,389.000,3.375004,0.000000,633.599,287.000,715.316,403.053,0.891648,detected
133,4.437771,near,1,577.000,596.000,2.711351,11.052047,512.657,417.734,632.385,615.690,0.910600,detected
133,4.437771,far,2,671.000,391.000,3.352150,0.000000,627.163,287.000,712.713,403.461,0.879670,detected
134,4.471138,near,1,567.000,597.000,2.624710,11.087135,502.273,418.435,620.907,616.927,0.881347,detected
134,4.471138,far,2,666.000,388.000,3.284066,0.000000,622.403,287.000,710.513,402.698,0.860411,detected
135,4.504505,near,1,563.000,594.000,2.583064,10.989675,491.288,418.297,609.438,617.145,0.908634,detected
135,4.504505,far,2,662.000,390.000,3.236041,0.000000,617.128,287.000,707.803,402.728,0.903526,detected
136,4.537871,near,1,556.000,595.000,2.522975,11.024245,483.759,419.128,600.207,616.501,0.905596,detected
136,4.537871,far,2,658.000,390.000,3.185024,0.000000,613.129,287.000,705.357,402.522,0.907566,detected
137,4.571238,near,1,545.000,592.000,2.418269,10.927861,478.319,420.310,592.310,615.979,0.909601,detected
137,4.571238,far,2,655.000,392.000,3.150315,0.000000,609.498,287.000,702.726,402.790,0.903784,detected
138,4.604605,near,1,540.000,589.000,2.366391,10.829154,472.742,407.634,591.406,614.812,0.912398,detected
138,4.604605,far,2,652.000,392.000,3.112207,0.000000,606.108,287.000,699.830,403.172,0.886877,detected
139,4.637971,near,1,533.000,580.000,2.280607,10.525640,467.349,396.500,587.931,607.742,0.915642,detected
139,4.637971,far,2,650.000,392.000,3.086800,0.000000,603.464,287.000,696.410,402.666,0.902233,detected
140,4.671338,near,1,527.000,579.000,2.223378,10.492640,458.685,374.142,588.931,601.497,0.914524,detected
140,4.671338,far,2,647.000,391.000,3.046693,0.000000,600.626,287.000,692.801,402.982,0.902177,detected
141,4.704705,near,1,523.000,573.000,2.170361,10.284799,455.041,374.860,585.021,594.522,0.911019,detected
141,4.704705,far,2,645.000,390.000,3.019171,0.000000,599.230,287.000,690.327,403.050,0.896598,detected
142,4.738071,near,1,519.000,568.000,2.119246,10.108781,454.019,381.259,582.770,587.925,0.903203,detected
142,4.738071,far,2,642.000,387.000,2.974417,0.000000,595.860,287.000,686.928,403.428,0.904961,detected
143,4.771438,near,1,514.000,566.000,2.066977,10.038406,449.412,394.512,579.404,591.318,0.920650,detected
143,4.771438,far,2,639.000,388.000,2.938129,0.000000,594.092,287.000,685.685,404.451,0.899810,detected
144,4.804805,near,1,511.000,583.000,2.089207,10.633529,444.924,411.911,577.588,601.372,0.909773,detected
144,4.804805,far,2,636.000,391.000,2.906608,0.000000,589.029,287.710,681.804,405.789,0.909409,detected
145,4.838172,near,1,515.000,573.000,2.096822,10.286697,436.610,426.169,574.988,615.429,0.841807,detected
145,4.838172,far,2,634.000,392.000,2.883478,0.000000,584.464,288.610,678.777,406.858,0.902117,detected
146,4.871538,near,1,504.000,603.000,2.083437,11.296389,428.041,433.659,575.546,630.431,0.919657,detected
146,4.871538,far,2,631.000,397.000,2.857330,0.062541,581.698,291.936,676.661,408.152,0.898089,detected
147,4.904905,near,1,499.000,619.000,2.084211,11.799130,420.544,441.947,571.219,638.921,0.910855,detected
147,4.904905,far,2,629.000,398.000,2.834594,0.152014,579.888,295.064,675.636,409.334,0.892162,detected
148,4.938272,near,1,491.000,625.000,2.032346,11.983218,414.995,449.303,565.310,642.717,0.920844,detected
148,4.938272,far,2,628.000,399.000,2.824478,0.240868,578.844,297.507,675.177,409.617,0.906025,detected
149,4.971638,near,1,482.000,626.000,1.958597,12.015430,409.855,455.292,557.762,643.912,0.928406,detected
149,4.971638,far,2,627.000,399.000,2.811951,0.241116,577.956,299.258,675.059,409.590,0.913486,detected
150,5.005005,near,1,475.000,628.000,1.904984,12.076968,403.314,459.961,548.000,644.312,0.923506,detected
150,5.005005,far,2,626.000,398.000,2.796935,0.152754,577.210,300.930,674.949,409.260,0.910720,detected
151,5.038372,near,1,468.000,629.000,1.848645,12.108447,394.003,461.621,536.606,644.464,0.930500,detected
151,5.038372,far,2,625.000,396.000,2.779318,0.000000,574.799,300.846,674.550,408.795,0.916932,detected
152,5.071738,near,1,466.000,628.000,1.828648,12.079122,391.753,461.249,532.955,644.295,0.932616,detected
152,5.071738,far,2,625.000,396.000,2.779318,0.000000,572.396,300.174,674.847,408.689,0.913282,detected
153,5.105105,near,1,466.000,627.000,1.825584,12.049232,392.264,459.057,533.356,644.037,0.924066,detected
153,5.105105,far,2,623.000,396.000,2.754103,0.000000,569.083,298.548,675.026,409.088,0.909971,detected
154,5.138472,near,1,470.000,626.000,1.856537,12.018301,392.336,455.049,534.666,644.096,0.923058,detected
154,5.138472,far,2,622.000,397.000,2.744112,0.064754,564.143,296.729,673.782,409.442,0.912597,detected
155,5.171839,near,1,476.000,623.000,1.898665,11.926429,394.493,450.759,537.261,642.294,0.926984,detected
155,5.171839,far,2,621.000,397.000,2.731529,0.065000,559.754,294.004,673.109,409.344,0.917658,detected
156,5.205205,near,1,485.000,617.000,1.958157,11.741052,402.138,446.629,544.198,639.651,0.913125,detected
156,5.205205,far,2,620.000,397.000,2.718947,0.065246,559.103,292.619,673.767,408.880,0.913834,detected
157,5.238572,near,1,496.000,616.000,2.050112,11.707575,413.384,444.346,553.530,637.713,0.919346,detected
157,5.238572,far,2,619.000,398.000,2.709050,0.154482,558.945,291.880,674.630,409.442,0.909694,detected
158,5.271939,near,1,506.000,613.000,2.128310,11.612108,427.078,442.080,564.872,634.829,0.920525,detected
158,5.271939,far,2,617.000,396.000,2.678447,0.000000,558.186,290.425,674.539,409.216,0.912937,detected
159,5.305305,near,1,514.000,620.000,2.215526,11.826125,431.028,440.182,570.367,634.875,0.927667,detected
159,5.305305,far,2,618.000,397.000,2.693781,0.065738,557.418,288.696,674.747,409.254,0.910970,detected
160,5.338672,near,1,516.000,616.000,2.222559,11.702794,432.558,438.172,573.532,634.673,0.925113,detected
160,5.338672,far,2,617.000,397.000,2.681197,0.065984,556.657,287.894,674.184,409.576,0.913895,detected
161,5.372039,near,1,515.000,615.000,2.211380,11.672097,432.943,436.616,575.675,635.045,0.928421,detected
161,5.372039,far,2,616.000,398.000,2.671379,0.155223,554.928,287.115,672.232,410.001,0.911461,detected
162,5.405405,near,1,518.000,608.000,2.219429,11.452299,433.745,433.057,577.605,632.560,0.927197,detected
162,5.405405,far,2,614.000,397.000,2.643444,0.066722,553.602,287.000,669.206,409.554,0.904118,detected
163,5.438772,near,1,524.000,603.000,2.259162,11.291614,434.406,428.982,576.502,624.665,0.936739,detected
163,5.438772,far,2,613.000,395.000,2.625132,0.000000,552.472,287.000,667.075,410.362,0.896528,detected
164,5.472139,near,1,528.000,602.000,2.291809,11.258527,433.168,424.054,578.477,624.567,0.936002,detected
164,5.472139,far,2,613.000,394.000,2.622251,0.000000,552.387,287.000,666.204,411.827,0.895891,detected
165,5.505506,near,1,538.000,595.000,2.363057,11.028535,434.806,419.017,580.167,620.593,0.931619,detected
165,5.505506,far,2,612.000,396.000,2.615389,0.000000,552.127,287.000,664.368,412.736,0.890841,detected
166,5.538872,near,1,547.000,589.000,2.429149,10.827487,437.863,415.418,581.587,615.817,0.917430,detected
166,5.538872,far,2,609.000,399.000,2.586403,0.245578,552.834,289.036,662.207,414.110,0.886622,detected
167,5.572239,near,1,553.000,584.000,2.471585,10.657546,441.779,412.031,583.673,611.254,0.921533,detected
167,5.572239,far,2,610.000,400.000,2.601837,0.333583,553.651,290.842,660.592,415.331,0.890553,detected
168,5.605606,near,1,558.000,583.000,2.514518,10.622348,447.813,410.298,586.926,607.027,0.919644,detected
168,5.605606,far,2,610.000,399.000,2.598937,0.245330,555.849,293.646,659.390,415.625,0.865382,detected
169,5.638972,near,1,565.000,586.000,2.584178,10.722402,454.437,410.358,591.548,605.478,0.915244,detected
169,5.638972,far,2,610.000,400.000,2.601837,0.333583,558.043,296.804,658.282,415.960,0.888404,detected
170,5.672339,near,1,569.000,588.000,2.624279,10.788752,460.556,411.179,595.852,604.304,0.928988,detected
170,5.672339,far,2,611.000,400.000,2.614344,0.333334,560.035,298.766,658.033,415.901,0.893995,detected
171,5.705706,near,1,571.000,589.000,2.644238,10.821774,467.213,413.165,600.536,603.573,0.928246,detected
171,5.705706,far,2,611.000,400.000,2.614344,0.333334,561.375,300.624,657.669,416.054,0.896144,detected
172,5.739072,near,1,576.000,592.000,2.694833,10.920479,473.655,414.525,606.723,604.559,0.928860,detected
172,5.739072,far,2,611.000,401.000,2.617206,0.421216,562.450,300.940,658.269,416.122,0.896532,detected
173,5.772439,near,1,577.000,590.000,2.699917,10.853745,479.954,415.472,612.464,604.836,0.925563,detected
173,5.772439,far,2,612.000,401.000,2.629687,0.420966,564.011,300.875,659.780,416.005,0.892784,detected
174,5.805806,near,1,582.000,589.000,2.742780,10.819158,486.870,415.726,619.419,605.108,0.923508,detected
174,5.805806,far,2,613.000,402.000,2.644964,0.508230,565.116,300.457,661.446,416.232,0.898904,detected
175,5.839173,near,1,586.000,587.000,2.774981,10.751109,493.519,416.073,625.423,604.996,0.924589,detected
175,5.839173,far,2,615.000,402.000,2.669871,0.507728,567.467,300.289,663.542,416.119,0.887285,detected
176,5.872539,near,1,589.000,582.000,2.792976,10.580870,500.106,417.070,629.072,601.474,0.916651,detected
176,5.872539,far,2,619.000,403.000,2.722310,0.593868,571.208,298.535,667.667,416.290,0.889664,detected
177,5.905906,near,1,593.000,583.000,2.830925,10.614030,506.644,418.489,634.055,601.654,0.919802,detected
177,5.905906,far,2,624.000,401.000,2.779422,0.417969,577.053,298.211,671.946,415.686,0.871737,detected
178,5.939273,near,1,597.000,584.000,2.868755,10.647087,511.427,420.744,636.518,601.091,0.898029,detected
178,5.939273,far,2,628.000,399.000,2.824478,0.240868,582.051,297.568,675.749,415.804,0.879859,detected
179,5.972639,near,1,598.000,584.000,2.877777,10.646850,515.036,423.328,637.503,600.713,0.896918,detected
179,5.972639,far,2,633.000,400.000,2.889398,0.327860,585.484,297.367,677.597,415.629,0.892468,detected
180,6.006006,near,1,602.000,582.000,2.910620,10.577783,521.209,427.090,639.075,598.945,0.895079,detected
180,6.006006,far,2,638.000,400.000,2.951882,0.326616,588.233,297.167,679.095,415.577,0.899006,detected
181,6.039373,near,1,605.000,578.000,2.931388,10.439588,527.753,430.524,641.042,596.816,0.908479,detected
181,6.039373,far,2,643.000,401.000,3.016379,0.413225,591.196,298.778,680.387,416.461,0.893835,detected
182,6.072739,near,1,607.000,576.000,2.946432,10.369740,534.244,433.423,642.850,593.809,0.915609,detected
182,6.072739,far,2,650.000,400.000,3.101802,0.323633,594.767,300.583,682.595,417.229,0.898311,detected
183,6.106106,near,1,610.000,573.000,2.969170,10.264170,540.353,435.235,644.751,590.177,0.906849,detected
183,6.106106,far,2,653.000,404.000,3.146274,0.672066,598.032,302.059,685.552,418.663,0.878854,detected
184,6.139473,near,1,612.000,570.000,2.982903,10.157863,547.247,435.438,647.457,584.120,0.896452,detected
184,6.139473,far,2,654.000,406.000,3.162065,0.844232,600.010,303.808,686.292,419.308,0.894700,detected
185,6.172840,near,1,615.000,569.000,3.009041,10.121657,553.375,434.364,651.534,579.218,0.891260,detected
185,6.172840,far,2,653.000,407.000,3.151449,0.930162,599.844,305.605,685.592,419.996,0.901100,detected
186,6.206206,near,1,615.000,572.000,3.013537,10.227817,554.273,431.869,657.854,585.431,0.894809,detected
186,6.206206,far,2,652.000,406.000,3.137397,0.844740,599.824,306.453,685.505,420.344,0.896596,detected
187,6.239573,near,1,614.000,565.000,2.993695,9.978804,555.560,428.610,661.630,586.232,0.904891,detected
187,6.239573,far,2,648.000,404.000,3.084341,0.673327,601.361,308.462,685.535,419.776,0.889222,detected
188,6.272940,near,1,615.000,561.000,2.996845,9.833682,558.439,425.154,666.825,584.644,0.909264,detected
188,6.272940,far,2,644.000,402.000,3.030835,0.500460,602.198,309.407,684.881,418.116,0.886175,detected
189,6.306306,near,1,615.000,560.000,2.995299,9.797176,560.435,421.283,671.083,583.935,0.907952,detected
189,6.306306,far,2,641.000,401.000,2.991443,0.413724,601.663,310.311,683.656,416.971,0.898781,detected
190,6.339673,near,1,614.000,562.000,2.989057,9.870310,558.241,417.862,670.471,581.728,0.869415,detected
190,6.339673,far,2,642.000,401.000,3.003911,0.413475,601.361,310.291,683.691,415.754,0.903866,detected
191,6.373040,near,1,612.000,563.000,2.971978,9.907060,551.672,414.578,666.761,580.526,0.913315,detected
191,6.373040,far,2,645.000,400.000,3.039343,0.324876,602.497,310.068,685.106,413.497,0.907806,detected
192,6.406406,near,1,610.000,564.000,2.954952,9.943697,545.716,411.281,664.415,581.430,0.914869,detected
192,6.406406,far,2,645.000,401.000,3.041313,0.412726,602.702,307.504,687.201,411.107,0.902666,detected
193,6.439773,near,1,610.000,565.000,2.956552,9.979749,540.109,407.779,662.809,582.795,0.926219,detected
193,6.439773,far,2,643.000,401.000,3.016379,0.413225,602.084,305.766,688.784,410.202,0.895963,detected
194,6.473140,near,1,612.000,568.000,2.979806,10.086761,536.513,403.219,663.349,584.147,0.911750,detected
194,6.473140,far,2,643.000,399.000,3.012325,0.237152,601.266,303.980,690.234,409.713,0.880867,detected
195,6.506507,near,1,615.000,569.000,3.009041,10.121657,536.172,400.315,665.084,584.982,0.913981,detected
195,6.506507,far,2,642.000,401.000,3.003911,0.413475,598.518,299.998,691.113,409.702,0.879804,detected
196,6.539873,near,1,617.000,569.000,3.027496,10.121184,536.925,398.246,666.727,585.281,0.897461,detected
196,6.539873,far,2,638.000,400.000,2.951882,0.326616,594.748,293.548,691.707,409.210,0.850232,detected
197,6.573240,near,1,618.000,567.000,3.033788,10.049625,538.026,396.442,667.849,584.936,0.898917,detected
197,6.573240,far,2,639.000,400.000,2.964378,0.326368,592.416,288.934,693.108,410.081,0.874144,detected
198,6.606607,near,1,619.000,565.000,3.040120,9.977622,540.399,395.085,670.089,585.164,0.906936,detected
198,6.606607,far,2,636.000,398.000,2.922449,0.150286,594.026,287.126,694.641,408.440,0.879102,detected
199,6.639973,near,1,622.000,568.000,3.072222,10.084396,542.959,394.694,672.527,586.892,0.901751,detected
199,6.639973,far,2,639.000,394.000,2.951421,0.000000,602.928,287.000,702.913,405.552,0.837655,detected
200,6.673340,near,1,625.000,571.000,3.104023,10.190173,545.958,395.167,675.257,589.073,0.903015,detected
200,6.673340,far,2,642.000,391.000,2.983024,0.000000,609.071,287.000,706.843,401.590,0.908186,detected
201,6.706707,near,1,627.000,572.000,3.123740,10.224976,549.139,395.375,678.328,590.751,0.890701,detected
201,6.706707,far,2,641.000,387.000,2.961572,0.000000,613.199,287.000,709.601,399.285,0.860621,detected
202,6.740073,near,1,629.000,572.000,3.142104,10.224503,556.346,398.695,683.908,591.472,0.913629,detected
202,6.740073,far,2,644.000,388.000,3.002216,0.000000,616.369,287.000,712.666,399.211,0.911968,detected
203,6.773440,near,1,632.000,575.000,3.173383,10.328971,563.849,402.358,690.506,592.974,0.925349,detected
203,6.773440,far,2,650.000,384.000,3.071277,0.000000,621.297,287.000,716.594,398.274,0.853948,detected
204,6.806807,near,1,635.000,575.000,3.200799,10.328260,567.530,405.796,693.805,593.577,0.926302,detected
204,6.806807,far,2,654.000,384.000,3.122973,0.000000,622.337,287.000,714.439,397.234,0.842349,detected
205,6.840174,near,1,638.000,575.000,3.228212,10.327550,571.023,409.373,696.779,594.335,0.922487,detected
205,6.840174,far,2,658.000,372.000,3.153107,0.000000,626.956,287.000,716.459,396.592,0.713991,detected
206,6.873540,near,1,639.000,577.000,3.239625,10.396894,575.232,413.266,700.150,595.611,0.915918,detected
206,6.873540,far,,658.000,372.000,3.153107,0.000000,,,,,0.000000,tracked
207,6.906907,near,1,641.000,580.000,3.261146,10.499998,578.809,417.135,702.569,597.183,0.915086,detected
207,6.906907,far,,658.000,372.000,3.153107,0.000000,,,,,0.000000,tracked
208,6.940274,near,1,643.000,579.000,3.278210,10.465104,580.984,420.093,703.352,597.346,0.923228,detected
208,6.940274,far,,658.000,372.000,3.153107,0.000000,,,,,0.000000,tracked
209,6.973640,near,1,647.000,578.000,3.313512,10.429630,585.049,421.640,706.085,597.536,0.905746,detected
209,6.973640,far,,658.000,372.000,3.153107,0.000000,,,,,0.000000,tracked
210,7.007007,near,1,649.000,580.000,3.333676,10.498102,586.147,420.661,707.205,597.360,0.900045,detected
210,7.007007,far,,658.000,372.000,3.153107,0.000000,,,,,0.000000,tracked
211,7.040374,near,1,649.000,581.000,3.334660,10.532417,583.398,418.401,705.816,597.218,0.914193,detected
211,7.040374,far,,658.000,372.000,3.153107,0.000000,,,,,0.000000,tracked
212,7.073740,near,1,648.000,580.000,3.324611,10.498339,582.870,416.172,706.505,597.357,0.917749,detected
212,7.073740,far,,658.000,372.000,3.153107,0.000000,,,,,0.000000,tracked
213,7.107107,near,1,648.000,578.000,3.322606,10.429393,582.789,413.210,707.776,597.309,0.922499,detected
213,7.107107,far,,658.000,372.000,3.153107,0.000000,,,,,0.000000,tracked
214,7.140474,near,1,647.000,576.000,3.311467,10.360262,582.552,411.090,708.000,596.980,0.925207,detected
214,7.140474,far,,658.000,372.000,3.153107,0.000000,,,,,0.000000,tracked
215,7.173841,near,1,646.000,576.000,3.302346,10.360498,583.901,409.990,708.860,595.967,0.931245,detected
215,7.173841,far,,658.000,372.000,3.153107,0.000000,,,,,0.000000,tracked
216,7.207207,near,1,645.000,575.000,3.292169,10.325891,584.989,410.059,709.466,594.973,0.928310,detected
216,7.207207,far,,,,,,,,,,0.000000,missing
217,7.240574,near,1,644.000,575.000,3.283033,10.326129,584.991,412.027,709.047,593.964,0.923221,detected
217,7.240574,far,2,731.000,377.000,4.118819,0.000000,694.471,287.000,774.993,391.629,0.890711,detected
218,7.273941,near,1,643.000,576.000,3.274980,10.361210,584.348,414.772,708.818,594.452,0.924277,detected
218,7.273941,far,2,739.000,377.000,4.223502,0.000000,700.661,287.000,782.670,393.830,0.897426,detected
219,7.307307,near,1,642.000,578.000,3.268042,10.430815,583.126,418.236,708.155,595.644,0.925623,detected
219,7.307307,far,2,742.000,379.000,4.261517,0.000000,703.352,287.000,785.581,394.913,0.872559,detected
220,7.340674,near,1,641.000,580.000,3.261146,10.499998,581.979,422.799,706.812,596.507,0.923993,detected
220,7.340674,far,2,744.000,380.000,4.286896,0.000000,705.872,287.000,787.292,394.989,0.838224,detected
221,7.374041,near,1,641.000,578.000,3.258947,10.431052,581.423,427.479,705.806,597.177,0.920814,detected
221,7.374041,far,2,747.000,381.000,4.325129,0.000000,707.473,287.000,788.461,395.874,0.842365,detected
222,7.407407,near,1,640.000,575.000,3.246486,10.327076,580.398,429.168,705.190,596.207,0.918450,detected
222,7.407407,far,2,747.000,380.000,4.325881,0.000000,709.308,287.000,788.611,395.098,0.818081,detected
223,7.440774,near,1,638.000,575.000,3.228212,10.327550,579.453,430.739,703.943,593.947,0.918297,detected
223,7.440774,far,2,746.000,378.000,4.314342,0.000000,710.073,287.000,787.697,393.893,0.840670,detected
224,7.474141,near,1,637.000,572.000,3.215551,10.222609,580.238,432.133,705.177,592.128,0.915969,detected
224,7.474141,far,2,745.000,379.000,4.300590,0.000000,709.584,287.000,786.847,394.357,0.854221,detected
225,7.507508,near,1,636.000,573.000,3.207563,10.258013,583.598,433.229,710.786,591.515,0.924424,detected
225,7.507508,far,2,745.000,377.000,4.301995,0.000000,709.890,287.548,785.565,393.504,0.873206,detected
226,7.540874,near,1,636.000,574.000,3.208752,10.293072,587.096,434.566,717.151,591.703,0.926250,detected
226,7.540874,far,2,745.000,377.000,4.301995,0.000000,710.815,287.188,784.813,391.447,0.826132,detected
227,7.574241,near,1,641.000,576.000,3.256735,10.361683,591.691,435.424,725.670,592.528,0.927218,detected
227,7.574241,far,2,744.000,376.000,4.289593,0.000000,711.317,287.052,784.766,391.541,0.829776,detected
228,7.607608,near,1,645.000,580.000,3.297413,10.499050,596.691,435.952,734.732,593.931,0.883702,detected
228,7.607608,far,2,743.000,376.000,4.276482,0.000000,710.885,287.003,784.635,393.160,0.825328,detected
229,7.640974,near,1,648.000,576.000,3.320589,10.360025,604.446,434.783,747.479,594.612,0.917500,detected
229,7.640974,far,2,740.000,376.000,4.237149,0.000000,708.119,287.000,780.576,393.529,0.770198,detected
230,7.674341,near,1,656.000,572.000,3.389930,10.218114,614.973,433.280,757.750,589.874,0.918143,detected
230,7.674341,far,2,737.000,377.000,4.197334,0.000000,704.730,287.000,775.128,393.745,0.781490,detected
231,7.707708,near,1,666.000,574.000,3.483210,10.285971,625.600,431.510,767.554,586.701,0.912778,detected
231,7.707708,far,2,734.000,378.000,4.157690,0.000000,702.122,287.000,770.710,394.446,0.788190,detected
232,7.741074,near,1,673.000,573.000,3.546553,10.249258,632.853,428.607,779.921,591.342,0.904645,detected
232,7.741074,far,2,731.000,379.000,4.118216,0.000000,701.018,287.000,768.315,394.991,0.793910,detected
233,7.774441,near,1,681.000,571.000,3.618693,10.176929,641.050,424.935,785.265,588.218,0.898125,detected
233,7.774441,far,2,728.000,378.000,4.079339,0.000000,700.670,287.000,767.009,395.122,0.785868,detected
234,7.807808,near,1,687.000,573.000,3.674740,10.245948,644.199,420.774,791.340,593.936,0.879003,detected
234,7.807808,far,2,726.000,380.000,4.052903,0.000000,700.280,287.000,766.594,396.683,0.836596,detected
235,7.841175,near,1,693.000,582.000,3.733096,10.556198,646.001,417.193,794.825,600.896,0.828589,detected
235,7.841175,far,2,724.000,382.000,4.026695,0.000000,698.876,287.000,765.388,398.917,0.819705,detected
236,7.874541,near,1,698.000,581.000,3.777926,10.520805,649.461,416.758,793.870,603.844,0.865177,detected
236,7.874541,far,2,721.000,384.000,3.987820,0.000000,696.646,287.000,763.561,401.820,0.816328,detected
237,7.907908,near,1,704.000,584.000,3.832843,10.621699,651.243,416.927,791.313,606.904,0.877451,detected
237,7.907908,far,2,721.000,387.000,3.987777,0.000000,695.719,287.000,763.473,405.505,0.816604,detected
238,7.941275,near,1,707.000,587.000,3.860385,10.722379,655.102,419.053,788.667,607.600,0.893940,detected
238,7.941275,far,2,718.000,392.000,3.949683,0.000000,693.700,287.000,761.990,408.407,0.858530,detected
239,7.974641,near,1,718.000,585.000,3.958835,10.652281,658.938,419.341,788.206,607.861,0.900731,detected
239,7.974641,far,2,715.000,393.000,3.911804,0.000000,691.310,287.000,759.510,409.916,0.854641,detected
240,8.008008,near,1,719.000,592.000,3.967956,10.886496,662.011,416.294,790.921,608.844,0.906004,detected
240,8.008008,far,2,713.000,390.000,3.885898,0.000000,689.041,287.000,757.008,410.483,0.831419,detected
241,8.041375,near,1,725.000,594.000,4.021159,10.951160,666.346,422.610,792.087,612.315,0.922109,detected
241,8.041375,far,2,709.000,390.000,3.834970,0.000000,686.395,287.000,754.096,410.504,0.836495,detected
242,8.074741,near,1,729.000,603.000,4.055599,11.242798,671.340,427.368,797.883,617.644,0.932955,detected
242,8.074741,far,2,707.000,392.000,3.810234,0.000000,683.362,287.000,751.395,410.662,0.860362,detected
243,8.108108,near,1,732.000,606.000,4.081382,11.337902,676.000,430.233,804.780,621.928,0.919715,detected
243,8.108108,far,2,704.000,395.000,3.773520,0.000000,680.326,287.000,748.816,410.559,0.879522,detected
244,8.141475,near,1,739.000,613.000,4.140665,11.556573,676.477,433.310,810.225,631.357,0.927792,detected
244,8.141475,far,2,700.000,396.000,3.723661,0.000000,675.902,287.000,745.018,410.410,0.890828,detected
245,8.174842,near,1,740.000,621.000,4.147353,11.802738,678.467,439.389,812.864,638.019,0.927788,detected
245,8.174842,far,2,697.000,395.000,3.685308,0.000000,672.280,287.000,741.888,409.965,0.910588,detected
246,8.208208,near,1,747.000,627.000,4.205028,11.982204,690.268,446.854,825.971,643.829,0.929257,detected
246,8.208208,far,2,695.000,396.000,3.660779,0.000000,667.765,287.000,738.616,410.216,0.912541,detected
247,8.241575,near,1,754.000,625.000,4.264915,11.920506,702.532,454.314,837.965,646.612,0.933411,detected
247,8.241575,far,2,691.000,395.000,3.609681,0.000000,662.148,287.000,734.443,409.966,0.904244,detected
248,8.274942,near,1,757.000,626.000,4.289865,11.949853,707.786,458.600,842.551,647.568,0.930858,detected
248,8.274942,far,2,689.000,394.000,3.583627,0.000000,657.315,287.000,731.163,409.781,0.900028,detected
249,8.308308,near,1,758.000,626.000,4.298316,11.949615,706.689,459.351,842.063,647.883,0.933810,detected
249,8.308308,far,2,688.000,395.000,3.571862,0.000000,653.018,287.000,729.017,410.252,0.906861,detected
250,8.341675,near,1,758.000,627.000,4.297865,11.979589,699.717,455.506,836.549,647.635,0.901601,detected
250,8.341675,far,2,688.000,397.000,3.573588,0.048542,650.332,287.060,728.940,411.895,0.905196,detected
251,8.375042,near,1,760.000,626.000,4.315217,11.949140,692.704,450.585,830.586,646.832,0.924307,detected
251,8.375042,far,2,688.000,398.000,3.574445,0.137465,649.128,290.243,728.747,414.203,0.910943,detected
252,8.408408,near,1,758.000,625.000,4.298767,11.919556,691.843,445.359,830.427,646.368,0.913383,detected
252,8.408408,far,2,687.000,403.000,3.566282,0.576776,648.305,294.561,727.529,415.313,0.907871,detected
253,8.441775,near,1,755.000,623.000,4.274212,11.859894,692.571,440.997,830.574,645.271,0.917852,detected
253,8.441775,far,2,686.000,404.000,3.554772,0.663746,647.284,300.043,726.018,416.939,0.907938,detected
254,8.475142,near,1,751.000,621.000,4.241003,11.800123,692.037,438.521,827.202,642.382,0.920613,detected
254,8.475142,far,2,686.000,405.000,3.555657,0.750105,647.303,303.631,725.788,417.255,0.899317,detected
255,8.508509,near,1,746.000,622.000,4.198127,11.831716,689.703,438.204,820.416,639.609,0.925428,detected
255,8.508509,far,2,686.000,406.000,3.556537,0.836107,646.859,304.885,726.372,417.351,0.898603,detected
256,8.541875,near,1,741.000,622.000,4.155617,11.832905,686.718,439.689,813.068,638.368,0.925713,detected
256,8.541875,far,2,686.000,406.000,3.556537,0.836107,645.347,304.259,726.641,417.314,0.902130,detected
257,8.575242,near,1,738.000,623.000,4.129897,11.863935,685.978,443.153,808.437,638.341,0.926397,detected
257,8.575242,far,2,684.000,407.000,3.532823,0.922262,644.497,301.386,729.033,417.033,0.895665,detected
258,8.608609,near,1,737.000,622.000,4.121606,11.833856,686.011,445.488,805.646,638.396,0.926171,detected
258,8.608609,far,2,685.000,405.000,3.543310,0.750358,646.773,296.554,736.876,416.938,0.909883,detected
259,8.641975,near,1,737.000,621.000,4.121808,11.803452,684.587,445.738,803.444,638.557,0.938577,detected
259,8.641975,far,2,686.000,404.000,3.554772,0.663746,645.949,292.652,740.897,417.347,0.909608,detected
260,8.675342,near,1,738.000,623.000,4.129897,11.863935,682.850,442.409,803.223,639.060,0.931185,detected
260,8.675342,far,2,684.000,402.000,3.528145,0.490446,647.039,288.878,746.245,416.525,0.920549,detected
261,8.708709,near,1,737.000,619.000,4.122212,11.742381,680.893,437.568,803.179,638.980,0.925572,detected
261,8.708709,far,2,685.000,402.000,3.540569,0.490196,646.968,287.427,748.695,416.197,0.925659,detected
262,8.742075,near,1,735.000,614.000,4.106029,11.588635,679.317,432.555,801.969,636.163,0.921644,detected
262,8.742075,far,2,684.000,400.000,3.526247,0.315186,646.251,287.000,749.457,415.778,0.921821,detected
263,8.775442,near,1,729.000,608.000,4.055056,11.402027,676.322,427.883,798.365,633.252,0.912217,detected
263,8.775442,far,2,685.000,400.000,3.538723,0.314938,646.110,287.000,750.378,415.334,0.912381,detected
264,8.808809,near,1,723.000,603.000,4.003143,11.244224,671.377,424.782,790.238,627.605,0.908286,detected
264,8.808809,far,2,684.000,398.000,3.524332,0.138451,645.202,287.000,749.473,414.157,0.918010,detected
265,8.842176,near,1,714.000,603.000,3.924445,11.246363,664.717,422.554,781.342,625.185,0.919578,detected
265,8.842176,far,2,686.000,398.000,3.549389,0.137958,640.767,287.000,744.132,413.541,0.894081,detected
266,8.875542,near,1,704.000,598.000,3.835917,11.087150,656.851,421.319,769.449,620.547,0.909389,detected
266,8.875542,far,2,686.000,399.000,3.550296,0.226509,638.610,287.000,740.934,412.938,0.916259,detected
267,8.908909,near,1,696.000,596.000,3.764773,11.023742,648.914,421.267,757.418,615.764,0.918303,detected
267,8.908909,far,2,686.000,398.000,3.549389,0.137958,637.913,287.000,739.480,412.663,0.914553,detected
268,8.942276,near,1,688.000,595.000,3.693621,10.992842,637.869,422.418,744.680,613.204,0.917059,detected
268,8.942276,far,2,687.000,399.000,3.562798,0.226262,637.343,287.000,738.586,412.885,0.913505,detected
269,8.975642,near,1,680.000,602.000,3.626470,11.222317,629.112,424.302,736.643,613.969,0.933136,detected
269,8.975642,far,2,688.000,401.000,3.576996,0.402003,637.464,287.000,738.734,413.519,0.917530,detected
270,9.009009,near,1,676.000,605.000,3.593123,11.319370,621.123,426.612,730.832,615.440,0.932159,detected
270,9.009009,far,2,688.000,400.000,3.576149,0.314193,637.202,287.000,737.976,413.422,0.915547,detected
271,9.042376,near,1,674.000,602.000,3.573877,11.223743,615.319,427.399,727.888,616.067,0.931088,detected
271,9.042376,far,2,687.000,400.000,3.563674,0.314441,637.354,287.000,737.360,413.186,0.919222,detected
272,9.075742,near,1,675.000,598.000,3.580282,11.094040,611.402,425.483,727.654,615.787,0.921464,detected
272,9.075742,far,2,686.000,397.000,3.548479,0.049033,637.109,287.000,735.917,413.037,0.915719,detected
273,9.109109,near,1,670.000,583.000,3.526079,10.595756,609.599,423.034,724.250,605.882,0.899263,detected
273,9.109109,far,2,683.000,396.000,3.509819,0.000000,636.364,287.000,733.475,412.821,0.907754,detected
274,9.142476,near,1,667.000,584.000,3.499748,10.630470,605.146,420.248,724.037,606.349,0.923328,detected
274,9.142476,far,2,682.000,399.000,3.500285,0.227499,634.069,287.000,729.875,412.644,0.896401,detected
275,9.175843,near,1,658.000,581.000,3.416116,10.530283,598.679,417.755,716.039,600.493,0.926093,detected
275,9.175843,far,2,680.000,399.000,3.475277,0.227993,631.546,287.000,726.319,411.792,0.911322,detected
276,9.209209,near,1,649.000,580.000,3.333676,10.498102,589.408,416.508,704.493,597.702,0.925522,detected
276,9.209209,far,2,677.000,398.000,3.436618,0.140175,628.998,287.449,723.274,411.446,0.899482,detected
277,9.242576,near,1,638.000,582.000,3.236212,10.569238,579.546,415.132,691.208,595.466,0.912544,detected
277,9.242576,far,2,674.000,402.000,3.403880,0.492948,626.541,289.428,720.193,411.448,0.892419,detected
278,9.275943,near,1,628.000,578.000,3.140695,10.434134,566.180,413.539,675.086,594.361,0.887175,detected
278,9.275943,far,2,673.000,401.000,3.390217,0.405742,623.675,291.058,717.336,411.344,0.900890,detected
279,9.309309,near,1,615.000,577.000,3.020938,10.402583,552.393,412.019,658.251,593.420,0.855586,detected
279,9.309309,far,2,672.000,400.000,3.376498,0.318166,621.168,291.285,716.021,411.246,0.899682,detected
280,9.342676,near,1,611.000,576.000,2.982951,10.368793,546.664,410.581,649.560,594.278,0.817219,detected
280,9.342676,far,2,672.000,399.000,3.375227,0.229973,619.638,290.978,716.172,411.495,0.893029,detected
281,9.376043,near,1,600.000,572.000,2.875737,10.231369,534.098,409.429,634.989,592.581,0.900852,detected
281,9.376043,far,2,670.000,399.000,3.350211,0.230468,618.250,290.258,716.695,411.857,0.908198,detected
282,9.409409,near,1,589.000,572.000,2.774652,10.233974,527.520,408.903,627.385,591.505,0.884825,detected
282,9.409409,far,2,668.000,399.000,3.325193,0.230962,616.652,289.529,716.350,411.863,0.907919,detected
283,9.442776,near,1,577.000,557.000,2.633159,9.695924,521.399,409.162,621.243,590.744,0.906408,detected
283,9.442776,far,2,667.000,396.000,3.308444,0.000000,613.319,288.445,713.977,411.937,0.913417,detected
284,9.476143,near,1,575.000,560.000,2.620780,9.806615,516.516,409.875,617.155,590.623,0.913468,detected
284,9.476143,far,2,661.000,399.000,3.237616,0.232695,610.313,288.991,709.345,411.502,0.901409,detected
285,9.509510,near,1,566.000,570.000,2.558816,10.168755,510.358,411.728,612.222,590.423,0.927515,detected
285,9.509510,far,2,656.000,401.000,3.178422,0.409981,605.686,288.834,703.456,412.042,0.901147,detected
286,9.542876,near,1,562.000,567.000,2.515110,10.062873,505.243,414.416,607.646,589.140,0.935336,detected
286,9.542876,far,2,651.000,399.000,3.112471,0.235171,602.635,289.008,698.482,412.412,0.892854,detected
287,9.576243,near,1,555.000,571.000,2.459687,10.206752,499.020,418.847,600.712,587.572,0.919256,detected
287,9.576243,far,2,645.000,397.000,3.033381,0.059101,600.377,289.270,694.683,412.688,0.886738,detected
288,9.609610,near,1,552.000,565.000,2.417551,9.993464,494.590,423.028,594.551,584.594,0.916769,detected
288,9.609610,far,2,639.000,400.000,2.964378,0.326368,597.769,289.434,691.899,414.910,0.893914,detected
289,9.642976,near,1,552.000,566.000,2.419986,10.029408,492.649,428.571,591.054,582.801,0.921619,detected
289,9.642976,far,2,634.000,402.000,2.906404,0.502966,592.761,290.457,687.155,417.410,0.902259,detected
290,9.676343,near,1,552.000,565.000,2.417551,9.993464,492.708,432.591,589.754,581.269,0.922211,detected
290,9.676343,far,2,627.000,406.000,2.828905,0.851095,588.868,292.025,682.591,419.142,0.913695,detected
291,9.709710,near,1,558.000,561.000,2.463880,9.847139,493.209,435.278,589.593,580.283,0.915891,detected
291,9.709710,far,2,624.000,407.000,2.794328,0.937559,586.178,295.044,677.991,420.437,0.902395,detected
292,9.743076,near,1,554.000,555.000,2.411671,9.627283,492.217,434.949,589.352,579.497,0.924487,detected
292,9.743076,far,2,622.000,407.000,2.769686,0.938070,583.544,297.602,673.241,420.441,0.899631,detected
293,9.776443,near,1,546.000,561.000,2.351580,9.849976,490.884,433.047,589.100,578.177,0.922325,detected
293,9.776443,far,2,622.000,407.000,2.769686,0.938070,581.206,301.529,667.830,420.281,0.899940,detected
294,9.809810,near,1,542.000,558.000,2.306252,9.741039,489.097,428.839,589.717,577.082,0.916392,detected
294,9.809810,far,2,621.000,407.000,2.757365,0.938325,578.431,302.508,663.972,420.571,0.894564,detected
295,9.843177,near,1,542.000,553.000,2.292939,9.555573,488.003,424.947,591.082,576.981,0.915046,detected
295,9.843177,far,2,619.000,405.000,2.727537,0.767068,573.828,302.541,658.067,420.904,0.876624,detected
296,9.876543,near,1,540.000,549.000,2.263053,9.405536,486.495,419.051,592.683,576.542,0.914915,detected
296,9.876543,far,2,618.000,405.000,2.715163,0.767321,571.168,299.398,655.753,420.233,0.865709,detected
297,9.909910,near,1,537.000,553.000,2.245536,9.556751,485.427,414.369,592.984,575.456,0.911582,detected
297,9.909910,far,2,618.000,406.000,2.717786,0.853384,570.346,295.966,655.631,420.373,0.880997,detected
298,9.943277,near,1,540.000,551.000,2.268533,9.481030,485.091,409.877,592.649,572.830,0.908899,detected
298,9.943277,far,2,616.000,406.000,2.693088,0.853892,568.708,290.737,655.859,420.775,0.897724,detected
299,9.976643,near,1,545.000,550.000,2.313425,9.442166,484.886,406.410,592.552,572.381,0.912354,detected
299,9.976643,far,2,617.000,400.000,2.689379,0.331841,567.877,288.142,653.993,419.168,0.882484,detected
300,10.010010,near,1,545.000,550.000,2.313425,9.442166,484.648,404.223,589.237,568.809,0.906374,detected
300,10.010010,far,2,618.000,400.000,2.701883,0.331592,559.222,287.147,645.357,417.214,0.854696,detected
301,10.043377,near,1,544.000,553.000,2.311898,9.555102,479.096,402.862,584.744,572.158,0.899025,detected
301,10.043377,far,2,616.000,398.000,2.671379,0.155223,553.856,287.000,640.549,416.051,0.887763,detected
302,10.076743,near,1,542.000,555.000,2.298289,9.630113,474.156,401.779,580.242,574.225,0.898210,detected
302,10.076743,far,2,614.000,393.000,2.632050,0.000000,550.444,287.000,636.041,412.444,0.908260,detected
303,10.110110,near,1,541.000,556.000,2.291517,9.667440,470.346,400.397,577.689,575.655,0.896979,detected
303,10.110110,far,2,609.000,391.000,2.562540,0.000000,548.251,287.000,631.739,408.517,0.796484,detected
304,10.143477,near,1,540.000,560.000,2.292767,9.814881,467.826,399.186,576.715,577.019,0.908492,detected
304,10.143477,far,2,604.000,387.000,2.485998,0.000000,548.264,287.000,628.570,405.439,0.711292,detected
305,10.176844,near,1,549.000,562.000,2.382168,9.885663,466.697,397.515,578.382,580.027,0.910942,detected
305,10.176844,far,2,598.000,382.000,2.391674,0.000000,547.535,287.000,623.648,401.505,0.690733,detected
306,10.210210,near,1,550.000,562.000,2.391512,9.885427,466.503,396.111,579.699,581.353,0.908249,detected
306,10.210210,far,2,595.000,379.000,2.341931,0.000000,546.441,287.000,618.869,399.187,0.662656,detected
307,10.243577,near,1,552.000,562.000,2.410200,9.884954,468.355,395.426,582.098,580.834,0.911916,detected
307,10.243577,far,2,589.000,381.000,2.270882,0.000000,544.703,287.000,613.255,397.183,0.577749,detected
308,10.276944,near,1,557.000,562.000,2.456915,9.883772,469.855,395.205,584.247,580.176,0.912576,detected
308,10.276944,far,2,583.000,379.000,2.184794,0.000000,539.774,287.000,605.740,396.309,0.572647,detected
309,10.310310,near,1,563.000,565.000,2.519835,9.990861,469.400,395.008,585.910,582.110,0.917007,detected
309,10.310310,far,2,580.000,376.000,2.133326,0.000000,538.163,287.000,601.206,393.911,0.676089,detected
310,10.343677,near,1,567.000,566.000,2.559239,10.025858,470.624,395.487,588.914,583.679,0.923342,detected
310,10.343677,far,2,576.000,377.000,2.084771,0.000000,537.441,287.000,597.843,391.005,0.681639,detected
311,10.377044,near,1,568.000,575.000,2.588042,10.344142,473.159,396.087,595.806,588.538,0.939983,detected
311,10.377044,far,2,570.000,380.000,2.018799,0.000000,534.462,287.000,595.180,392.309,0.697010,detected
312,10.410410,near,1,571.000,578.000,2.621762,10.447656,474.193,397.475,600.208,592.267,0.940148,detected
312,10.410410,far,2,565.000,379.000,1.948965,0.000000,533.747,287.000,593.927,391.909,0.630791,detected
313,10.443777,near,1,573.000,577.000,2.637930,10.412546,474.308,399.239,602.204,592.979,0.933418,detected
313,10.443777,far,2,559.000,383.000,1.888710,0.000000,526.012,287.000,588.581,394.261,0.830430,detected
314,10.477144,near,1,576.000,576.000,2.663283,10.377092,475.354,401.829,604.002,592.845,0.937191,detected
314,10.477144,far,2,556.000,386.000,1.863562,0.000000,511.784,287.000,579.005,396.230,0.896737,detected
315,10.510511,near,1,579.000,575.000,2.688713,10.341533,480.421,406.089,609.730,594.677,0.937779,detected
315,10.510511,far,2,551.000,389.000,1.813077,0.000000,509.259,287.000,580.159,399.404,0.884933,detected
316,10.543877,near,1,580.000,576.000,2.699831,10.376143,488.186,411.001,616.922,596.814,0.929319,detected
316,10.543877,far,2,547.000,390.000,1.766518,0.000000,506.395,287.000,580.284,401.935,0.892412,detected
317,10.577244,near,1,582.000,578.000,2.721963,10.445045,493.502,415.036,621.127,598.100,0.933554,detected
317,10.577244,far,2,544.000,391.000,1.732929,0.000000,502.518,287.000,578.331,403.712,0.889904,detected
318,10.610611,near,1,585.000,578.000,2.749286,10.444333,498.492,417.485,624.977,598.671,0.921233,detected
318,10.610611,far,2,540.000,392.000,1.686728,0.000000,498.119,287.000,575.278,405.083,0.894555,detected
319,10.643977,near,1,588.000,576.000,2.772915,10.374246,502.725,416.844,628.785,598.409,0.931263,detected
319,10.643977,far,2,537.000,392.000,1.648471,0.000000,497.533,287.000,574.371,404.603,0.879548,detected
320,10.677344,near,1,588.000,574.000,2.769199,10.304444,507.864,414.521,632.507,596.610,0.929302,detected
320,10.677344,far,2,537.000,390.000,1.638460,0.000000,495.633,287.000,571.762,404.464,0.896111,detected
321,10.710711,near,1,588.000,569.000,2.759811,10.128046,510.207,412.707,631.844,594.066,0.920988,detected
321,10.710711,far,2,526.000,393.000,1.513435,0.000000,494.625,287.000,570.132,404.602,0.905968,detected
322,10.744077,near,1,588.000,567.000,2.756014,10.056720,510.159,413.447,626.422,589.135,0.919644,detected
322,10.744077,far,2,536.000,391.000,1.630695,0.000000,495.012,287.000,569.890,404.558,0.880577,detected
323,10.777444,near,1,586.000,567.000,2.737489,10.057193,505.096,415.429,617.761,588.935,0.917010,detected
323,10.777444,far,2,535.000,392.000,1.622964,0.000000,496.764,287.000,570.808,403.930,0.824810,detected
324,10.810811,near,1,583.000,564.000,2.703742,9.950076,499.135,418.789,608.695,589.211,0.914474,detected
324,10.810811,far,2,542.000,393.000,1.717068,0.000000,498.397,287.000,572.631,404.477,0.855483,detected
325,10.844178,near,1,583.000,569.000,2.713639,10.129230,493.875,423.177,601.091,589.334,0.915794,detected
325,10.844178,far,2,544.000,393.000,1.742515,0.000000,501.716,287.000,576.046,405.262,0.858701,detected
326,10.877544,near,1,568.000,568.000,2.572906,10.097173,489.502,426.778,595.243,589.437,0.918415,detected
326,10.877544,far,2,548.000,395.000,1.802690,0.000000,507.998,287.000,582.895,406.522,0.886235,detected
327,10.910911,near,1,564.000,566.000,2.531393,10.026567,486.651,428.736,591.959,589.347,0.902979,detected
327,10.910911,far,2,552.000,394.000,1.848828,0.000000,515.526,287.000,590.099,406.812,0.877707,detected
328,10.944278,near,1,546.000,569.000,2.371789,10.137994,484.139,429.185,589.769,589.173,0.922848,detected
328,10.944278,far,2,555.000,395.000,1.891348,0.000000,522.998,287.000,597.333,407.379,0.910787,detected
329,10.977644,near,1,567.000,562.000,2.550328,9.881409,477.988,429.104,584.257,588.727,0.905512,detected
329,10.977644,far,2,561.000,396.000,1.971588,0.000000,529.094,287.000,603.139,408.229,0.900292,detected
330,11.011011,near,1,558.000,552.000,2.442142,9.514359,468.596,430.122,575.734,588.415,0.912784,detected
330,11.011011,far,2,566.000,396.000,2.034755,0.000000,533.417,287.000,607.346,408.472,0.905724,detected
331,11.044378,near,1,540.000,548.000,2.260300,9.367606,460.798,432.187,567.691,586.381,0.916574,detected
331,11.044378,far,2,572.000,396.000,2.110541,0.000000,536.994,287.000,610.596,408.387,0.913275,detected
332,11.077744,near,1,515.000,556.000,2.046123,9.673576,450.929,436.644,556.417,582.985,0.911924,detected
332,11.077744,far,2,580.000,398.000,2.219026,0.164118,538.466,287.129,614.225,413.095,0.909113,detected
333,11.111111,near,1,512.000,554.000,2.011563,9.599977,449.261,442.813,549.156,575.588,0.900469,detected
333,11.111111,far,2,584.000,401.000,2.280072,0.427965,541.828,289.230,616.940,414.603,0.902468,detected
334,11.144478,near,1,508.000,558.000,1.986343,9.749069,446.374,450.469,545.697,577.903,0.914561,detected
334,11.144478,far,2,587.000,404.000,2.327935,0.688734,544.013,290.755,618.823,415.823,0.893458,detected
335,11.177845,near,1,503.000,556.000,1.932810,9.676410,445.399,457.168,542.148,577.243,0.886357,detected
335,11.177845,far,2,587.000,406.000,2.334789,0.861273,546.834,293.978,621.186,417.000,0.902592,detected
336,11.211211,near,1,506.000,555.000,1.957939,9.638605,444.523,460.232,540.024,575.071,0.893128,detected
336,11.211211,far,2,587.000,405.000,2.331369,0.775183,547.603,295.960,621.826,417.535,0.891794,detected
337,11.244578,near,1,502.000,551.000,1.906949,9.489981,442.846,466.072,533.526,571.767,0.906533,detected
337,11.244578,far,2,588.000,402.000,2.333488,0.514501,550.178,299.193,623.563,417.399,0.892063,detected
338,11.277945,near,1,503.000,546.000,1.899865,9.300078,442.438,467.280,531.267,567.834,0.907126,detected
338,11.277945,far,2,589.000,404.000,2.352759,0.688229,550.797,299.062,625.734,417.417,0.905177,detected
339,11.311311,near,1,513.000,538.000,1.969943,8.987842,440.729,465.376,528.942,562.742,0.897105,detected
339,11.311311,far,2,592.000,405.000,2.393298,0.773914,550.948,297.146,628.636,417.461,0.911313,detected
340,11.344678,near,1,496.000,534.000,1.790397,8.833821,437.371,462.030,525.758,557.884,0.884099,detected
340,11.344678,far,2,594.000,404.000,2.414813,0.686965,552.304,293.223,633.259,417.115,0.914267,detected
341,11.378045,near,1,491.000,531.000,1.730379,8.715119,437.408,456.657,522.318,547.578,0.892281,detected
341,11.378045,far,2,597.000,400.000,2.439204,0.336819,554.480,290.622,635.731,414.426,0.903631,detected
342,11.411411,near,1,486.000,533.000,1.688746,8.796331,434.377,449.844,520.678,542.387,0.880326,detected
342,11.411411,far,2,599.000,398.000,2.457836,0.159422,557.723,288.503,638.914,412.289,0.903167,detected
343,11.444778,near,1,482.000,530.000,1.637968,8.676997,429.358,442.414,521.147,542.507,0.765454,detected
343,11.444778,far,2,598.000,395.000,2.435498,0.000000,561.096,287.375,641.896,411.250,0.909296,detected
344,11.478145,near,1,480.000,532.000,1.626033,8.757775,434.288,435.136,535.533,545.196,0.905209,detected
344,11.478145,far,2,599.000,394.000,2.444885,0.000000,563.860,287.000,644.339,411.074,0.908381,detected
345,11.511512,near,1,479.000,534.000,1.623969,8.837794,433.902,427.859,544.515,548.285,0.909367,detected
345,11.511512,far,2,599.000,393.000,2.441613,0.000000,567.630,287.000,646.578,409.513,0.896167,detected
346,11.544878,near,1,481.000,537.000,1.655001,8.956027,432.391,420.793,550.533,550.344,0.910902,detected
346,11.544878,far,2,600.000,392.000,2.451053,0.000000,569.648,287.000,647.308,407.496,0.900350,detected
347,11.578245,near,1,482.000,538.000,1.668519,8.995101,430.736,413.806,554.527,550.639,0.917008,detected
347,11.578245,far,2,603.000,393.000,2.492406,0.000000,571.227,287.000,648.219,406.190,0.893813,detected
348,11.611612,near,1,484.000,540.000,1.695424,9.072866,431.072,407.106,559.698,551.298,0.922454,detected
348,11.611612,far,2,608.000,393.000,2.555887,0.000000,573.531,287.000,650.723,405.120,0.891314,detected
349,11.644978,near,1,488.000,539.000,1.730546,9.032875,432.418,401.112,564.992,552.279,0.914993,detected
349,11.644978,far,2,609.000,390.000,2.559500,0.000000,574.507,287.000,652.086,404.140,0.890483,detected
350,11.678345,near,1,492.000,541.000,1.776557,9.109916,432.308,396.557,566.068,552.938,0.914887,detected
350,11.678345,far,2,612.000,389.000,2.594856,0.000000,575.651,287.000,654.300,403.877,0.892881,detected
351,11.711712,near,1,495.000,538.000,1.794952,8.992056,432.336,391.343,566.911,553.182,0.906940,detected
351,11.711712,far,2,618.000,389.000,2.671664,0.000000,581.557,287.000,662.590,403.824,0.810082,detected
352,11.745078,near,1,497.000,542.000,1.828431,9.147542,435.181,386.663,571.153,554.146,0.911786,detected
352,11.745078,far,2,622.000,391.000,2.728242,0.000000,583.032,287.000,664.609,403.535,0.890262,detected
353,11.778445,near,1,503.000,539.000,1.876166,9.029361,437.632,382.571,573.236,553.989,0.907303,detected
353,11.778445,far,2,629.000,385.000,2.802314,0.000000,589.611,287.000,670.345,401.984,0.894344,detected
354,11.811812,near,1,508.000,544.000,1.941283,9.222179,439.026,380.389,574.410,556.642,0.918101,detected
354,11.811812,far,2,637.000,385.000,2.905550,0.000000,599.766,287.000,679.006,400.157,0.861218,detected
355,11.845179,near,1,515.000,545.000,2.011838,9.258958,440.958,377.326,576.199,558.868,0.914152,detected
355,11.845179,far,2,643.000,386.000,2.985114,0.000000,607.092,287.148,686.150,399.960,0.840837,detected
356,11.878545,near,1,520.000,550.000,2.075229,9.448050,442.743,375.785,578.261,563.562,0.923967,detected
356,11.878545,far,2,645.000,382.000,3.002400,0.000000,611.219,288.410,690.168,400.646,0.816280,detected
357,11.911912,near,1,526.000,551.000,2.135359,9.484326,445.375,375.385,579.684,567.331,0.929852,detected
357,11.911912,far,2,650.000,386.000,3.075208,0.000000,613.207,287.492,693.042,400.208,0.829046,detected
358,11.945279,near,1,531.000,554.000,2.191490,9.595495,450.599,377.963,582.663,570.911,0.928443,detected
358,11.945279,far,2,651.000,385.000,3.086143,0.000000,614.125,287.148,695.066,400.121,0.873440,detected
359,11.978645,near,1,534.000,557.000,2.228239,9.706068,457.355,380.425,588.007,573.579,0.923366,detected
359,11.978645,far,2,654.000,385.000,3.124831,0.000000,615.543,287.021,697.301,399.750,0.881171,detected
360,12.012012,near,1,540.000,557.000,2.284766,9.704652,466.106,383.813,595.100,574.745,0.916303,detected
360,12.012012,far,2,654.000,387.000,3.128522,0.000000,616.865,287.000,699.304,399.313,0.897078,detected
361,12.045379,near,1,546.000,557.000,2.341284,9.703237,473.495,387.535,600.998,575.062,0.915340,detected
361,12.045379,far,2,655.000,381.000,3.130359,0.000000,618.896,287.000,700.866,398.297,0.860740,detected
362,12.078745,near,1,549.000,558.000,2.372082,9.739387,480.339,390.800,606.901,574.870,0.919614,detected
362,12.078745,far,2,659.000,384.000,3.187583,0.000000,622.450,287.000,703.887,397.044,0.885247,detected
363,12.112112,near,1,555.000,557.000,2.426045,9.701113,489.067,392.937,616.039,574.580,0.928937,detected
363,12.112112,far,2,662.000,381.000,3.221400,0.000000,627.872,287.000,708.772,395.648,0.861444,detected
364,12.145479,near,1,562.000,558.000,2.494306,9.736319,498.447,394.812,627.361,576.801,0.923851,detected
364,12.145479,far,2,670.000,377.000,3.319643,0.000000,635.725,287.000,715.951,393.784,0.887338,detected
365,12.178846,near,1,566.000,566.000,2.549957,10.026094,502.894,395.641,636.047,581.739,0.929128,detected
365,12.178846,far,2,672.000,375.000,3.343063,0.000000,643.749,287.000,722.630,391.812,0.886357,detected
366,12.212212,near,1,570.000,568.000,2.591411,10.096699,505.391,398.170,640.498,585.339,0.932884,detected
366,12.212212,far,,678.000,376.000,3.423322,0.000000,,,,,0.000000,tracked
367,12.245579,near,1,574.000,571.000,2.634688,10.202249,508.755,401.385,643.663,587.072,0.932190,detected
367,12.245579,far,,684.000,374.000,3.500034,0.000000,,,,,0.000000,tracked
368,12.278946,near,1,578.000,571.000,2.671520,10.201302,512.293,404.406,646.611,588.831,0.925713,detected
368,12.278946,far,,690.000,374.000,3.579202,0.000000,,,,,0.000000,tracked
369,12.312312,near,1,582.000,571.000,2.708348,10.200354,516.709,406.858,648.752,588.503,0.918802,detected
369,12.312312,far,,696.000,372.000,3.656917,0.000000,,,,,0.000000,tracked
370,12.345679,near,1,586.000,571.000,2.745173,10.199406,519.982,407.668,650.888,588.992,0.919301,detected
370,12.345679,far,,698.000,372.000,3.683414,0.000000,,,,,0.000000,tracked
371,12.379046,near,1,590.000,571.000,2.781994,10.198459,524.501,405.573,654.571,588.095,0.924384,detected
371,12.379046,far,,698.000,372.000,3.683414,0.000000,,,,,0.000000,tracked
372,12.412412,near,1,594.000,572.000,2.820603,10.232790,528.021,402.861,658.038,588.447,0.923548,detected
372,12.412412,far,,698.000,372.000,3.683414,0.000000,,,,,0.000000,tracked
373,12.445779,near,1,597.000,571.000,2.846422,10.196801,533.076,399.356,662.560,588.139,0.920822,detected
373,12.445779,far,,698.000,372.000,3.683414,0.000000,,,,,0.000000,tracked
374,12.479146,near,1,600.000,569.000,2.870600,10.125206,538.102,395.671,666.596,587.928,0.921102,detected
374,12.479146,far,,699.000,372.000,3.696662,0.000000,,,,,0.000000,tracked
375,12.512513,near,1,603.000,571.000,2.901637,10.195380,543.377,392.150,670.716,587.611,0.926227,detected
375,12.512513,far,,701.000,372.000,3.723157,0.000000,,,,,0.000000,tracked
376,12.545879,near,1,606.000,566.000,2.921057,10.016634,547.228,390.146,672.372,587.105,0.924501,detected
376,12.545879,far,2,728.000,372.000,4.080650,0.000000,692.486,287.000,767.412,385.031,0.889955,detected
377,12.579246,near,1,609.000,564.000,2.945651,9.943933,550.666,388.910,672.951,585.988,0.928046,detected
377,12.579246,far,2,732.000,372.000,4.133583,0.000000,693.711,287.000,770.465,386.309,0.881590,detected
378,12.612613,near,1,612.000,564.000,2.973554,9.943224,553.506,388.814,672.692,584.653,0.924271,detected
378,12.612613,far,2,732.000,372.000,4.133583,0.000000,696.152,287.000,773.486,386.558,0.873820,detected
379,12.645979,near,1,615.000,563.000,2.999923,9.906351,557.298,389.707,674.746,584.666,0.926160,detected
379,12.645979,far,2,735.000,373.000,4.172852,0.000000,698.465,287.000,776.035,386.850,0.866422,detected
380,12.679346,near,1,618.000,566.000,3.032314,10.013798,562.312,391.766,678.797,584.827,0.925871,detected
380,12.679346,far,2,737.000,375.000,4.198289,0.000000,704.608,287.000,783.770,386.513,0.877217,detected
381,12.712713,near,1,620.000,566.000,3.050854,10.013326,566.372,394.900,681.571,584.371,0.927001,detected
381,12.712713,far,2,736.000,373.000,4.186053,0.000000,703.942,287.000,784.012,386.156,0.839619,detected
382,12.746079,near,1,621.000,568.000,3.062981,10.084633,569.318,399.489,684.284,585.927,0.929593,detected
382,12.746079,far,,728.000,372.000,4.080650,0.000000,,,,,0.000000,tracked
383,12.779446,near,1,621.000,571.000,3.067234,10.191119,569.731,403.612,685.251,588.108,0.932422,detected
383,12.779446,far,,728.000,372.000,4.080650,0.000000,,,,,0.000000,tracked
384,12.812813,near,1,619.000,576.000,3.055980,10.366896,567.512,406.607,684.447,590.915,0.937322,detected
384,12.812813,far,,723.000,372.000,4.014473,0.000000,,,,,0.000000,tracked
385,12.846180,near,1,622.000,579.000,3.087469,10.470083,567.395,405.981,687.263,593.022,0.938882,detected
385,12.846180,far,,723.000,372.000,4.014473,0.000000,,,,,0.000000,tracked
386,12.879546,near,1,624.000,578.000,3.104302,10.435081,568.526,404.745,690.783,593.957,0.930714,detected
386,12.879546,far,2,723.000,375.000,4.014252,0.000000,688.537,287.000,768.957,389.640,0.861525,detected
387,12.912913,near,1,630.000,577.000,3.157632,10.399027,571.719,401.248,696.526,593.391,0.918053,detected
387,12.912913,far,,717.000,374.000,3.935250,0.000000,,,,,0.000000,tracked
388,12.946280,near,1,640.000,573.000,3.244226,10.257066,579.395,398.643,705.065,593.342,0.929073,detected
388,12.946280,far,,715.000,374.000,3.908888,0.000000,,,,,0.000000,tracked
389,12.979646,near,1,651.000,565.000,3.337101,9.970066,586.392,396.084,712.491,591.583,0.922389,detected
389,12.979646,far,,714.000,374.000,3.895706,0.000000,,,,,0.000000,tracked
390,13.013013,near,1,663.000,559.000,3.443383,9.749247,590.666,393.368,715.377,586.963,0.922462,detected
390,13.013013,far,2,712.000,375.000,3.869588,0.000000,678.736,287.326,755.541,391.200,0.824959,detected
391,13.046380,near,1,674.000,563.000,3.549065,9.892432,598.285,392.422,723.443,584.408,0.915163,detected
391,13.046380,far,2,713.000,377.000,3.883174,0.000000,676.744,287.126,755.154,394.536,0.799023,detected
392,13.079746,near,1,681.000,571.000,3.618693,10.176929,601.222,392.417,730.437,588.786,0.914322,detected
392,13.079746,far,2,711.000,379.000,3.857527,0.000000,675.232,287.048,754.043,395.781,0.847185,detected
393,13.113113,near,1,687.000,573.000,3.674740,10.245948,606.215,393.627,737.701,591.346,0.920764,detected
393,13.113113,far,2,709.000,375.000,3.830124,0.000000,674.725,287.017,752.616,395.267,0.833359,detected
394,13.146480,near,1,694.000,575.000,3.739559,10.314296,610.005,393.222,743.536,591.736,0.924202,detected
394,13.146480,far,2,710.000,378.000,3.844187,0.000000,674.961,287.005,751.850,394.471,0.820322,detected
395,13.179847,near,1,700.000,576.000,3.794591,10.347717,614.173,395.444,748.136,592.016,0.930851,detected
395,13.179847,far,2,708.000,382.000,3.819470,0.000000,671.494,287.001,748.970,396.991,0.849161,detected
396,13.213213,near,1,704.000,575.000,3.830798,10.311932,620.318,397.205,755.643,592.140,0.926916,detected
396,13.213213,far,2,704.000,381.000,3.767180,0.000000,667.799,287.000,743.875,397.722,0.824409,detected
397,13.246580,near,1,706.000,573.000,3.848637,10.241457,625.900,398.180,762.603,591.585,0.924795,detected
397,13.246580,far,2,700.000,379.000,3.714070,0.000000,664.797,287.000,739.211,397.603,0.865902,detected
398,13.279947,near,1,710.000,572.000,3.885088,10.205350,631.029,400.834,767.733,590.770,0.928954,detected
398,13.279947,far,2,698.000,380.000,3.688622,0.000000,663.561,287.000,736.657,397.689,0.855677,detected
399,13.313313,near,1,712.000,572.000,3.903415,10.204878,634.729,404.366,771.060,590.384,0.923622,detected
399,13.313313,far,2,694.000,381.000,3.637305,0.000000,662.512,287.000,735.222,398.255,0.864779,detected
400,13.346680,near,1,713.000,571.000,3.912472,10.169371,634.702,407.365,768.761,589.089,0.934456,detected
400,13.346680,far,2,692.000,386.000,3.615315,0.000000,660.572,287.000,733.846,400.337,0.859741,detected
401,13.380047,near,1,714.000,570.000,3.921557,10.133756,635.805,409.611,767.088,587.214,0.930019,detected
401,13.380047,far,2,688.000,389.000,3.566595,0.000000,657.022,287.000,731.829,402.800,0.881721,detected
402,13.413413,near,1,715.000,570.000,3.930748,10.133519,637.452,410.208,767.660,586.616,0.928065,detected
402,13.413413,far,2,685.000,392.000,3.531180,0.000000,652.289,287.000,729.280,405.979,0.869554,detected
403,13.446780,near,1,717.000,568.000,3.949030,10.061960,638.573,408.646,768.875,585.938,0.931441,detected
403,13.446780,far,2,682.000,396.000,3.497236,0.000000,647.908,287.168,727.472,409.721,0.879969,detected
404,13.480147,near,1,716.000,566.000,3.939683,9.990667,637.656,405.832,769.155,585.446,0.923909,detected
404,13.480147,far,2,681.000,398.000,3.486743,0.139190,646.284,289.688,726.044,412.196,0.873291,detected
405,13.513514,near,1,716.000,560.000,3.939293,9.773387,637.362,401.439,768.844,581.589,0.912902,detected
405,13.513514,far,2,680.000,399.000,3.475277,0.227993,645.030,291.961,724.817,413.586,0.881591,detected
406,13.546880,near,1,715.000,558.000,3.929797,9.700283,636.800,397.346,769.589,580.231,0.913471,detected
406,13.546880,far,2,678.000,400.000,3.451380,0.316676,642.239,294.675,721.792,414.146,0.869504,detected
407,13.580247,near,1,717.000,565.000,3.948880,9.954500,635.841,393.955,770.837,581.433,0.912647,detected
407,13.580247,far,2,676.000,400.000,3.426420,0.317173,641.304,299.265,718.779,413.391,0.865712,detected
408,13.613614,near,1,714.000,564.000,3.921000,9.919163,634.322,391.210,769.411,581.038,0.908294,detected
408,13.613614,far,2,674.000,401.000,3.402672,0.405492,638.178,301.206,715.022,412.470,0.863870,detected
409,13.646980,near,1,706.000,556.000,3.845081,9.628595,632.011,389.927,763.577,577.240,0.906670,detected
409,13.646980,far,2,671.000,403.000,3.367872,0.580794,633.338,301.366,711.017,412.477,0.867072,detected
410,13.680347,near,1,701.000,555.000,3.797809,9.592692,629.593,390.189,757.967,575.407,0.917832,detected
410,13.680347,far,2,671.000,401.000,3.365306,0.406240,627.530,299.875,708.450,415.261,0.877018,detected
411,13.713714,near,1,698.000,553.000,3.768900,9.518889,628.955,391.593,753.475,573.035,0.909401,detected
411,13.713714,far,2,670.000,402.000,3.354162,0.493949,625.145,298.145,708.157,417.286,0.867648,detected
412,13.747080,near,1,692.000,557.000,3.713936,9.668846,626.176,394.720,749.692,575.149,0.920458,detected
412,13.747080,far,2,668.000,404.000,3.332011,0.668283,622.095,293.944,708.080,418.645,0.878833,detected
413,13.780447,near,1,690.000,558.000,3.695617,9.706161,624.653,396.771,746.778,574.672,0.920473,detected
413,13.780447,far,2,663.000,406.000,3.273052,0.841946,619.126,291.991,705.922,419.811,0.856670,detected
414,13.813814,near,1,689.000,560.000,3.687172,9.779740,623.388,401.233,744.684,576.753,0.926484,detected
414,13.813814,far,2,656.000,406.000,3.186732,0.843724,615.574,292.166,700.815,420.119,0.879608,detected
415,13.847181,near,1,688.000,559.000,3.677354,9.743361,622.693,403.307,743.446,576.579,0.935454,detected
415,13.847181,far,2,649.000,406.000,3.100391,0.845503,609.137,290.042,694.000,420.250,0.881742,detected
416,13.880547,near,1,687.000,561.000,3.668979,9.816710,619.703,403.359,742.477,577.883,0.936474,detected
416,13.880547,far,2,641.000,405.000,2.999659,0.761494,603.168,287.939,687.107,419.387,0.892159,detected
417,13.913914,near,1,684.000,562.000,3.641530,9.853803,616.732,402.199,741.615,578.248,0.924700,detected
417,13.913914,far,2,635.000,404.000,2.923268,0.676608,599.279,287.141,682.036,418.936,0.897053,detected
418,13.947281,near,1,681.000,566.000,3.615876,9.998921,612.649,400.574,740.194,579.142,0.925932,detected
418,13.947281,far,2,628.000,403.000,2.834122,0.591603,596.614,287.000,677.862,417.389,0.903167,detected
419,13.980647,near,1,675.000,564.000,3.559025,9.928356,607.739,399.516,736.762,579.683,0.920840,detected
419,13.980647,far,2,628.000,403.000,2.834122,0.591603,591.135,287.000,671.553,416.508,0.898921,detected
420,14.014014,near,1,671.000,564.000,3.521880,9.929299,599.862,398.035,729.964,580.003,0.934384,detected
420,14.014014,far,2,617.000,399.000,2.686663,0.243594,585.959,287.000,665.591,416.109,0.894745,detected
421,14.047381,near,1,663.000,564.000,3.447577,9.931186,591.115,397.053,720.976,580.139,0.936046,detected
421,14.047381,far,2,612.000,396.000,2.615389,0.000000,576.060,287.000,653.194,415.828,0.807293,detected
422,14.080747,near,1,657.000,565.000,3.392759,9.968650,581.714,396.013,710.701,581.190,0.916456,detected
422,14.080747,far,2,606.000,401.000,2.554797,0.422465,568.216,287.000,643.416,415.389,0.861569,detected
423,14.114114,near,1,649.000,566.000,3.319577,10.006474,576.004,393.874,703.909,581.335,0.917062,detected
423,14.114114,far,2,601.000,398.000,2.482965,0.158928,561.601,287.000,634.583,414.126,0.804769,detected
424,14.147481,near,1,644.000,570.000,3.277637,10.150293,570.850,392.043,697.592,582.007,0.915601,detected
424,14.147481,far,2,595.000,397.000,2.404249,0.071397,554.225,287.000,625.441,412.838,0.802491,detected
425,14.180848,near,1,638.000,569.000,3.221217,10.116218,566.776,390.094,692.466,583.098,0.921723,detected
425,14.180848,far,2,590.000,388.000,2.309500,0.000000,546.199,287.000,615.888,410.459,0.861933,detected
426,14.214214,near,1,630.000,569.000,3.147430,10.118110,562.906,387.729,687.373,583.506,0.913462,detected
426,14.214214,far,2,586.000,388.000,2.258136,0.000000,542.842,287.000,610.673,407.497,0.812792,detected
427,14.247581,near,1,627.000,570.000,3.121089,10.154314,559.499,385.269,682.592,584.049,0.914398,detected
427,14.247581,far,2,581.000,386.000,2.186191,0.000000,541.807,287.000,607.446,403.745,0.757863,detected
428,14.280948,near,1,623.000,568.000,3.081462,10.084160,557.382,384.251,678.061,584.299,0.909613,detected
428,14.280948,far,2,576.000,385.000,2.117657,0.000000,541.567,287.000,605.406,400.757,0.700696,detected
429,14.314314,near,1,618.000,565.000,3.030836,9.977859,553.702,383.689,671.721,583.747,0.905148,detected
429,14.314314,far,2,568.000,378.000,1.983893,0.000000,539.595,287.000,602.124,398.227,0.800886,detected
430,14.347681,near,1,613.000,565.000,2.984410,9.979040,551.311,383.835,667.378,584.750,0.914959,detected
430,14.347681,far,2,567.000,378.000,1.970760,0.000000,536.009,287.000,597.635,394.419,0.789733,detected
431,14.381048,near,1,608.000,566.000,2.939602,10.016161,547.730,384.865,661.728,584.003,0.919879,detected
431,14.381048,far,2,561.000,377.000,1.887339,0.000000,532.159,287.000,593.562,390.586,0.867654,detected
432,14.414414,near,1,603.000,567.000,2.894927,10.053172,541.966,387.895,655.246,584.919,0.933349,detected
432,14.414414,far,,561.000,376.000,1.882709,0.000000,,,,,0.000000,tracked
433,14.447781,near,1,597.000,567.000,2.839368,10.054591,536.616,392.591,648.860,585.218,0.922431,detected
433,14.447781,far,,560.000,375.000,1.864834,0.000000,,,,,0.000000,tracked
434,14.481148,near,1,591.000,569.000,2.787511,10.127337,531.396,398.027,643.981,588.338,0.915957,detected
434,14.481148,far,,560.000,375.000,1.864834,0.000000,,,,,0.000000,tracked
435,14.514515,near,1,588.000,572.000,2.765461,10.234211,528.685,404.504,641.370,591.632,0.922716,detected
435,14.514515,far,2,552.000,374.000,1.754085,0.000000,516.692,287.000,587.690,384.256,0.887790,detected
436,14.547881,near,1,587.000,580.000,2.771198,10.512811,527.104,412.404,639.761,595.468,0.928294,detected
436,14.547881,far,2,551.000,372.000,1.730829,0.000000,513.437,287.000,588.763,385.933,0.887392,detected
437,14.581248,near,1,587.000,578.000,2.767500,10.443858,527.388,417.968,639.826,596.788,0.927670,detected
437,14.581248,far,2,549.000,377.000,1.729319,0.000000,510.375,287.000,588.848,386.775,0.893032,detected
438,14.614615,near,1,586.000,578.000,2.758393,10.444096,527.369,422.896,639.088,596.686,0.929840,detected
438,14.614615,far,2,547.000,376.000,1.697936,0.000000,506.870,287.000,587.174,386.746,0.886311,detected
439,14.647981,near,1,583.000,578.000,2.731071,10.444808,526.595,427.515,637.562,596.085,0.923759,detected
439,14.647981,far,2,545.000,375.000,1.666412,0.000000,504.272,287.000,585.521,386.359,0.866609,detected
440,14.681348,near,1,579.000,582.000,2.702455,10.583245,525.446,430.882,636.975,596.606,0.923776,detected
440,14.681348,far,2,542.000,376.000,1.631924,0.000000,500.600,287.000,583.798,388.501,0.839525,detected
441,14.714715,near,1,575.000,581.000,2.664240,10.549980,523.955,433.884,635.802,597.162,0.918648,detected
441,14.714715,far,2,539.000,379.000,1.608061,0.000000,498.075,287.000,581.606,389.228,0.846400,detected
442,14.748081,near,1,571.000,582.000,2.630022,10.585146,520.093,435.291,633.488,599.394,0.922177,detected
442,14.748081,far,2,539.000,380.000,1.613264,0.000000,497.009,287.000,581.247,390.493,0.876453,detected
443,14.781448,near,1,571.000,581.000,2.627967,10.550930,517.574,433.412,633.172,599.907,0.927676,detected
443,14.781448,far,2,539.000,378.000,1.602834,0.000000,496.757,287.000,580.346,389.997,0.847966,detected
444,14.814815,near,1,572.000,579.000,2.632933,10.481948,516.169,429.088,633.843,598.547,0.926197,detected
444,14.814815,far,2,540.000,377.000,1.610759,0.000000,497.428,287.000,580.017,388.930,0.843548,detected
445,14.848182,near,1,576.000,578.000,2.667311,10.446469,517.018,425.548,636.107,597.393,0.919571,detected
445,14.848182,far,2,540.000,375.000,1.600248,0.000000,497.893,287.000,579.819,388.209,0.849826,detected
446,14.881548,near,1,580.000,580.000,2.707639,10.514473,521.603,424.322,641.031,596.953,0.918519,detected
446,14.881548,far,2,540.000,378.000,1.615980,0.000000,499.039,287.000,582.662,390.087,0.889908,detected
447,14.914915,near,1,585.000,583.000,2.758627,10.615931,527.202,422.520,648.434,598.693,0.919768,detected
447,14.914915,far,2,541.000,378.000,1.629126,0.000000,500.559,287.000,585.122,390.810,0.894307,detected
448,14.948282,near,1,590.000,583.000,2.803815,10.614743,534.195,422.129,654.307,597.535,0.907523,detected
448,14.948282,far,2,543.000,378.000,1.655417,0.000000,504.637,287.000,589.593,390.321,0.882891,detected
449,14.981648,near,1,592.000,586.000,2.827138,10.715981,537.107,422.468,658.052,599.624,0.918738,detected
449,14.981648,far,2,547.000,376.000,1.697936,0.000000,511.266,287.000,595.893,389.317,0.891963,detected
450,15.015015,near,1,593.000,590.000,2.843006,10.849938,538.113,423.438,660.378,602.270,0.926028,detected
450,15.015015,far,2,554.000,376.000,1.790334,0.000000,518.266,287.000,602.056,388.941,0.867569,detected
451,15.048382,near,1,593.000,590.000,2.843006,10.849938,539.246,424.184,662.621,603.936,0.928266,detected
451,15.048382,far,,557.000,375.000,1.825158,0.000000,,,,,0.000000,tracked
452,15.081748,near,1,593.000,592.000,2.846411,10.916433,539.810,425.149,664.436,605.861,0.935783,detected
452,15.081748,far,,562.000,375.000,1.891282,0.000000,,,,,0.000000,tracked
453,15.115115,near,1,595.000,592.000,2.864239,10.915957,541.459,425.093,667.891,607.075,0.921921,detected
453,15.115115,far,,567.000,375.000,1.957394,0.000000,,,,,0.000000,tracked
454,15.148482,near,1,597.000,599.000,2.893456,11.145111,547.567,425.024,677.461,609.636,0.935916,detected
454,15.148482,far,2,587.000,372.000,2.209956,0.000000,549.128,287.000,624.848,389.822,0.792238,detected
455,15.181849,near,1,601.000,598.000,2.927179,11.111646,552.586,424.336,685.505,610.872,0.936635,detected
455,15.181849,far,2,596.000,373.000,2.333317,0.000000,553.668,287.000,628.038,390.869,0.820961,detected
456,15.215215,near,1,604.000,597.000,2.952153,11.078323,556.971,421.271,693.316,610.526,0.939259,detected
456,15.215215,far,2,604.000,376.000,2.449655,0.000000,558.458,287.000,630.833,391.272,0.769414,detected
457,15.248582,near,1,609.000,597.000,2.996380,11.077132,559.956,417.036,700.014,610.838,0.936830,detected
457,15.248582,far,2,608.000,380.000,2.515306,0.000000,565.306,287.000,637.461,393.248,0.830168,detected
458,15.281949,near,1,614.000,596.000,3.039204,11.043237,563.106,409.256,707.812,611.115,0.917849,detected
458,15.281949,far,2,615.000,380.000,2.606696,0.000000,573.503,287.000,645.204,394.617,0.741620,detected
459,15.315315,near,1,623.000,592.000,3.113751,10.909297,565.157,389.762,719.606,610.546,0.901168,detected
459,15.315315,far,2,620.000,381.000,2.674822,0.000000,581.797,287.000,653.623,395.581,0.786571,detected
460,15.348682,near,1,637.000,587.000,3.232850,10.738989,573.788,380.711,729.107,610.534,0.899572,detected
460,15.348682,far,2,623.000,380.000,2.711115,0.000000,586.207,287.000,660.021,398.765,0.826145,detected
461,15.382049,near,1,649.000,582.000,3.335641,10.566628,585.672,373.526,736.066,605.678,0.907708,detected
461,15.382049,far,2,626.000,384.000,2.760951,0.000000,590.151,287.000,665.224,399.854,0.861383,detected
462,15.415415,near,1,658.000,574.000,3.410041,10.287864,597.699,373.580,739.062,601.096,0.879007,detected
462,15.415415,far,2,630.000,388.000,2.822746,0.000000,592.951,287.000,669.562,400.596,0.874523,detected
463,15.448782,near,1,662.000,573.000,3.445805,10.251861,607.596,377.363,741.160,597.524,0.880758,detected
463,15.448782,far,2,632.000,389.000,2.850822,0.000000,595.425,287.300,673.660,401.520,0.881989,detected
464,15.482149,near,1,669.000,576.000,3.512085,10.355053,613.981,378.039,744.390,596.514,0.917577,detected
464,15.482149,far,2,636.000,390.000,2.904306,0.000000,597.374,287.114,677.111,402.479,0.895622,detected
465,15.515516,near,1,678.000,577.000,3.594717,10.387658,620.271,376.272,750.297,598.090,0.902664,detected
465,15.515516,far,2,638.000,389.000,2.927577,0.000000,599.656,287.042,679.653,402.623,0.885993,detected
466,15.548882,near,1,689.000,579.000,3.695682,10.454206,634.224,375.844,765.573,600.048,0.927040,detected
466,15.548882,far,2,641.000,386.000,2.959369,0.000000,603.304,287.014,682.379,401.924,0.862632,detected
467,15.582249,near,1,698.000,582.000,3.778234,10.555014,645.440,376.596,778.516,602.345,0.924777,detected
467,15.582249,far,2,645.000,388.000,3.015032,0.000000,607.293,287.003,685.842,402.117,0.870478,detected
468,15.615616,near,1,711.000,587.000,3.896213,10.721431,662.270,376.301,801.750,606.912,0.925095,detected
468,15.615616,far,2,648.000,386.000,3.049469,0.000000,612.123,287.000,690.186,401.809,0.883554,detected
469,15.648982,near,1,722.000,591.000,3.994638,10.852592,673.206,378.440,816.530,610.380,0.923134,detected
469,15.648982,far,2,654.000,387.000,3.128522,0.000000,615.051,287.000,693.980,402.692,0.898177,detected
470,15.682349,near,1,737.000,596.000,4.127030,11.014008,681.981,388.676,824.104,614.523,0.924849,detected
470,15.682349,far,2,660.000,388.000,3.207219,0.000000,619.688,287.000,700.698,403.535,0.915990,detected
471,15.715716,near,1,749.000,598.000,4.232244,11.076466,688.064,396.709,828.669,617.681,0.926237,detected
471,15.715716,far,2,667.000,389.000,3.298341,0.000000,626.730,288.695,709.328,404.427,0.911443,detected
472,15.749082,near,1,762.000,604.000,4.343444,11.266994,697.545,405.071,836.774,621.321,0.917129,detected
472,15.749082,far,2,671.000,394.000,3.356156,0.000000,631.419,292.237,716.115,406.804,0.909248,detected
473,15.782449,near,1,773.000,609.000,4.436043,11.423141,707.620,414.994,844.316,625.523,0.918984,detected
473,15.782449,far,2,672.000,394.000,3.368797,0.000000,634.519,295.600,721.050,408.199,0.897601,detected
474,15.815816,near,1,782.000,623.000,4.503304,11.853477,716.968,426.517,854.157,636.964,0.943968,detected
474,15.815816,far,2,676.000,397.000,3.422911,0.051487,636.715,299.882,724.126,408.865,0.911299,detected
475,15.849183,near,1,789.000,628.000,4.558556,12.002111,726.877,439.559,859.501,642.777,0.938896,detected
475,15.849183,far,2,677.000,397.000,3.435469,0.051242,637.856,303.912,725.475,408.821,0.913294,detected
476,15.882549,near,1,794.000,626.000,4.602418,11.941061,736.107,449.790,862.767,644.367,0.929659,detected
476,15.882549,far,2,679.000,397.000,3.460586,0.050751,638.929,307.184,726.798,408.571,0.911891,detected
477,15.915916,near,1,798.000,626.000,4.636192,11.940111,742.483,457.623,863.953,644.969,0.925396,detected
477,15.915916,far,2,681.000,397.000,3.485700,0.050260,639.790,308.914,728.576,408.240,0.904491,detected
478,15.949283,near,1,801.000,627.000,4.660556,11.969372,747.051,463.743,863.968,644.859,0.923478,detected
478,15.949283,far,2,681.000,399.000,3.487781,0.227746,638.819,310.172,729.162,408.312,0.905622,detected
479,15.982649,near,1,801.000,626.000,4.661521,11.939398,750.118,467.609,863.665,644.173,0.919683,detected
479,15.982649,far,2,680.000,398.000,3.474212,0.139436,637.100,309.919,730.044,408.369,0.905428,detected
480,16.016016,near,1,802.000,628.000,4.668012,11.999023,751.766,470.308,863.105,644.082,0.919253,detected
480,16.016016,far,2,679.000,397.000,3.460586,0.050751,635.019,309.421,730.859,408.657,0.915167,detected
481,16.049383,near,1,801.000,629.000,4.658634,12.029065,751.614,470.203,862.316,643.459,0.921505,detected
481,16.049383,far,2,679.000,397.000,3.460586,0.050751,632.399,307.287,732.031,408.614,0.914442,detected
482,16.082749,near,1,801.000,627.000,4.660556,11.969372,749.617,468.786,861.242,643.586,0.922907,detected
482,16.082749,far,2,677.000,398.000,3.436618,0.140175,630.456,305.786,733.298,408.822,0.916548,detected
483,16.116116,near,1,800.000,629.000,4.650227,12.029303,747.699,466.297,860.789,643.576,0.925215,detected
483,16.116116,far,2,676.000,399.000,3.425256,0.228983,628.628,304.058,734.439,408.867,0.915639,detected
484,16.149483,near,1,798.000,625.000,4.637124,11.910051,745.157,461.824,860.714,643.448,0.928527,detected
484,16.149483,far,2,676.000,398.000,3.424086,0.140422,626.521,301.910,735.572,409.090,0.918306,detected
485,16.182850,near,1,797.000,624.000,4.629591,11.880144,742.139,456.023,860.665,642.828,0.927617,detected
485,16.182850,far,2,676.000,398.000,3.424086,0.140422,624.341,299.308,736.530,409.168,0.922875,detected
486,16.216216,near,1,796.000,619.000,4.625715,11.728361,738.122,450.028,859.887,642.222,0.921936,detected
486,16.216216,far,2,674.000,397.000,3.397792,0.051978,621.638,296.419,736.662,409.275,0.920776,detected
487,16.249583,near,1,791.000,613.000,4.588298,11.544219,732.596,442.961,855.254,637.163,0.895486,detected
487,16.249583,far,2,673.000,397.000,3.385232,0.052224,618.051,293.591,735.004,409.336,0.912458,detected
488,16.282950,near,1,786.000,607.000,4.550222,11.356831,724.306,435.864,847.714,632.764,0.908333,detected
488,16.282950,far,2,671.000,396.000,3.358798,0.000000,614.517,290.933,732.354,409.336,0.906833,detected
489,16.316316,near,1,781.000,606.000,4.507591,11.326266,714.930,429.228,839.534,630.947,0.916135,detected
489,16.316316,far,2,668.000,396.000,3.321033,0.000000,611.620,289.383,728.745,409.537,0.900131,detected
490,16.349683,near,1,775.000,606.000,4.455428,11.327690,705.709,422.736,829.800,628.178,0.903880,detected
490,16.349683,far,2,665.000,397.000,3.284737,0.054188,608.678,287.604,724.867,409.999,0.902660,detected
491,16.383050,near,1,768.000,607.000,4.393959,11.361103,696.097,415.557,819.308,626.129,0.913080,detected
491,16.383050,far,2,664.000,396.000,3.270674,0.000000,606.550,287.000,720.296,410.339,0.901215,detected
492,16.416416,near,1,759.000,600.000,4.319259,11.139011,687.728,408.647,809.666,624.137,0.920377,detected
492,16.416416,far,2,662.000,397.000,3.247044,0.054924,605.300,287.000,716.482,411.253,0.895944,detected
493,16.449783,near,1,751.000,598.000,4.249849,11.075991,681.547,402.940,801.885,622.493,0.910532,detected
493,16.449783,far,2,661.000,396.000,3.232900,0.000000,605.148,287.000,713.101,411.574,0.891763,detected
494,16.483150,near,1,744.000,597.000,4.188536,11.045048,677.052,398.012,795.732,621.614,0.912574,detected
494,16.483150,far,2,661.000,396.000,3.232900,0.000000,606.365,287.000,711.087,411.543,0.892083,detected
495,16.516517,near,1,736.000,589.000,4.119638,10.782589,673.566,394.544,788.601,617.840,0.903649,detected
495,16.516517,far,2,662.000,398.000,3.248590,0.143873,607.884,287.000,709.744,411.658,0.883704,detected
496,16.549883,near,1,729.000,584.000,4.057739,10.615777,670.791,392.350,782.086,614.902,0.903716,detected
496,16.549883,far,2,662.000,399.000,3.250128,0.232447,609.066,287.000,708.457,411.949,0.878278,detected
497,16.583250,near,1,722.000,589.000,3.994679,10.785908,667.635,391.718,776.282,615.143,0.910757,detected
497,16.583250,far,2,663.000,400.000,3.264146,0.320402,610.408,287.000,707.340,412.031,0.858402,detected
498,16.616617,near,1,714.000,587.000,3.923081,10.720719,665.104,392.504,769.979,613.681,0.911456,detected
498,16.616617,far,2,664.000,398.000,3.273665,0.143380,611.574,287.000,706.313,412.224,0.861516,detected
499,16.649983,near,1,709.000,587.000,3.878299,10.721905,661.571,395.135,763.755,615.649,0.907516,detected
499,16.649983,far,2,664.000,399.000,3.275151,0.231952,613.295,287.000,705.777,412.144,0.850441,detected
500,16.683350,near,1,703.000,583.000,3.823606,10.587934,660.103,398.516,755.104,606.084,0.902337,detected
500,16.683350,far,2,665.000,399.000,3.287663,0.231705,615.022,287.000,705.075,411.589,0.860696,detected
501,16.716717,near,1,699.000,582.000,3.787261,10.554777,657.261,398.765,748.206,600.735,0.895588,detected
501,16.716717,far,2,667.000,397.000,3.309863,0.053697,617.684,287.000,704.698,410.271,0.859084,detected
502,16.750083,near,1,696.000,585.000,3.761180,10.657495,651.506,397.675,741.962,602.404,0.904743,detected
502,16.750083,far,2,669.000,397.000,3.334988,0.053206,620.875,287.000,705.215,409.852,0.862331,detected
503,16.783450,near,1,693.000,587.000,3.734963,10.725698,648.337,396.722,738.041,602.867,0.899620,detected
503,16.783450,far,2,670.000,397.000,3.347549,0.052960,623.328,287.000,705.807,410.842,0.855309,detected
504,16.816817,near,1,689.000,585.000,3.698268,10.659154,642.101,393.317,729.879,600.529,0.901926,detected
504,16.816817,far,2,671.000,399.000,3.362720,0.230220,625.351,287.000,705.244,410.528,0.874754,detected
505,16.850184,near,1,684.000,582.000,3.651833,10.558331,637.439,390.981,722.828,598.611,0.906273,detected
505,16.850184,far,2,670.000,400.000,3.351533,0.318663,627.061,287.000,705.091,410.816,0.878239,detected
506,16.883550,near,1,679.000,580.000,3.605539,10.490993,631.344,388.916,715.139,597.135,0.902028,detected
506,16.883550,far,2,670.000,399.000,3.350211,0.230468,628.229,287.000,704.710,411.451,0.879842,detected
507,16.916917,near,1,675.000,578.000,3.568045,10.422997,626.265,387.497,709.042,596.078,0.903219,detected
507,16.916917,far,2,670.000,399.000,3.350211,0.230468,629.009,287.000,703.984,411.922,0.874077,detected
508,16.950284,near,1,670.000,575.000,3.520496,10.319974,622.477,386.857,704.698,595.182,0.906128,detected
508,16.950284,far,2,670.000,399.000,3.350211,0.230468,629.250,287.000,703.126,412.719,0.863586,detected
509,16.983650,near,1,669.000,572.000,3.509195,10.215039,621.243,387.246,702.368,593.680,0.903663,detected
509,16.983650,far,2,669.000,398.000,3.336348,0.142147,629.643,287.000,702.270,412.866,0.856026,detected
510,17.017017,near,1,666.000,569.000,3.479356,10.109600,620.043,388.154,700.280,593.571,0.906379,detected
510,17.017017,far,2,670.000,397.000,3.347549,0.052960,631.426,287.000,702.093,411.924,0.845214,detected
511,17.050384,near,1,663.000,570.000,3.452525,10.145802,618.915,388.881,697.833,592.416,0.883983,detected
511,17.050384,far,2,669.000,396.000,3.333622,0.000000,632.065,287.000,701.459,411.843,0.856163,detected
512,17.083750,near,1,661.000,570.000,3.434120,10.146275,617.561,389.732,694.602,590.103,0.900542,detected
512,17.083750,far,2,669.000,396.000,3.333622,0.000000,631.712,287.000,700.165,411.942,0.868593,detected
513,17.117117,near,1,658.000,569.000,3.405620,10.111490,615.010,390.157,689.964,587.262,0.907255,detected
513,17.117117,far,2,668.000,396.000,3.321033,0.000000,630.294,287.000,698.086,411.964,0.857953,detected
514,17.150484,near,1,655.000,569.000,3.377966,10.112200,612.071,389.362,685.333,584.354,0.898726,detected
514,17.150484,far,2,668.000,396.000,3.321033,0.000000,628.182,287.000,695.695,412.541,0.858528,detected
515,17.183851,near,1,651.000,568.000,3.340097,10.077541,607.893,388.611,679.671,583.350,0.893484,detected
515,17.183851,far,2,666.000,395.000,3.294403,0.000000,624.909,287.000,691.909,412.371,0.867499,detected
516,17.217217,near,1,649.000,568.000,3.321629,10.078014,604.593,386.802,675.409,583.315,0.886494,detected
516,17.217217,far,2,666.000,396.000,3.295855,0.000000,622.181,287.000,688.735,412.401,0.859563,detected
517,17.250584,near,1,643.000,567.000,3.265109,10.043717,602.728,385.506,672.329,582.688,0.850808,detected
517,17.250584,far,2,664.000,396.000,3.270674,0.000000,619.880,287.000,685.993,412.765,0.842515,detected
518,17.283951,near,1,637.000,568.000,3.210802,10.080850,595.351,383.702,665.591,582.534,0.905461,detected
518,17.283951,far,2,661.000,397.000,3.234479,0.055170,617.651,287.000,683.035,413.066,0.809259,detected
519,17.317317,near,1,634.000,569.000,3.184326,10.117164,590.707,383.047,661.525,582.796,0.907812,detected
519,17.317317,far,2,659.000,398.000,3.210972,0.144613,614.125,287.000,678.466,412.877,0.836397,detected
520,17.350684,near,1,630.000,564.000,3.140925,9.938973,586.807,382.871,658.301,582.870,0.899684,detected
520,17.350684,far,2,657.000,398.000,3.185892,0.145106,610.835,287.000,673.923,412.669,0.826548,detected
521,17.384051,near,1,627.000,564.000,3.113035,9.939682,585.389,383.119,657.516,582.791,0.905497,detected
521,17.384051,far,2,653.000,397.000,3.133943,0.057135,611.693,287.000,672.702,412.893,0.651590,detected
522,17.417417,near,1,624.000,566.000,3.087931,10.012380,583.252,383.512,656.246,582.305,0.905697,detected
522,17.417417,far,2,651.000,398.000,3.110642,0.146585,614.753,287.000,673.179,412.740,0.730589,detected
523,17.450784,near,1,621.000,565.000,3.058688,9.977150,581.062,384.656,654.968,582.282,0.905018,detected
523,17.450784,far,2,649.000,398.000,3.085555,0.147079,615.888,287.000,672.150,412.556,0.767179,detected
524,17.484151,near,1,617.000,564.000,3.020053,9.942043,578.316,384.772,653.361,582.140,0.907081,detected
524,17.484151,far,2,646.000,398.000,3.047921,0.147819,616.222,287.000,670.742,412.273,0.808294,detected
525,17.517518,near,1,615.000,562.000,2.998386,9.870073,575.456,384.738,651.474,581.825,0.908954,detected
525,17.517518,far,2,643.000,399.000,3.012325,0.237152,614.904,287.000,668.480,412.277,0.805136,detected
526,17.550884,near,1,615.000,558.000,2.992192,9.723820,572.028,384.804,648.647,581.176,0.903489,detected
526,17.550884,far,2,642.000,399.000,2.999804,0.237400,614.216,287.000,666.978,412.192,0.802030,detected
