frame,time_s,role,track_id,x_px,y_px,court_x_m,court_y_m,bbox_x1,bbox_y1,bbox_x2,bbox_y2,confidence,source
0,0.000000,near,1,603.000,554.000,2.837531,9.722546,584.156,380.902,660.211,569.320,0.901367,detected
0,0.000000,far,2,732.000,398.000,4.071505,0.521519,701.461,281.752,751.305,417.641,0.836426,detected
1,0.033367,near,1,603.000,551.000,2.832139,9.612139,584.449,381.275,660.291,569.134,0.903809,detected
1,0.033367,far,2,731.000,399.000,4.058907,0.608476,701.038,281.659,750.982,417.827,0.835449,detected
2,0.066733,near,1,603.000,550.000,2.830331,9.575106,584.414,381.507,660.054,568.767,0.904785,detected
2,0.066733,far,2,732.000,399.000,4.071332,0.607924,700.967,281.643,750.925,417.859,0.836426,detected
3,0.100100,near,1,602.000,549.000,2.819052,9.538171,584.175,381.572,659.873,568.820,0.904785,detected
3,0.100100,far,2,731.000,399.000,4.058907,0.608476,700.954,281.639,750.912,417.866,0.834473,detected
4,0.133467,near,1,601.000,552.000,2.815103,9.649478,584.339,381.426,660.214,568.847,0.904785,detected
4,0.133467,far,2,731.000,400.000,4.058760,0.694524,700.984,281.877,750.882,417.945,0.835449,detected
5,0.166834,near,1,602.000,549.000,2.819052,9.538171,584.025,381.564,660.089,569.168,0.904785,detected
5,0.166834,far,2,731.000,399.000,4.058907,0.608476,700.998,281.957,750.874,417.970,0.835449,detected
6,0.200200,near,1,602.000,549.000,2.819052,9.538171,583.510,381.421,659.850,569.433,0.903809,detected
6,0.200200,far,2,731.000,399.000,4.058907,0.608476,700.992,281.832,750.886,417.901,0.832031,detected
7,0.233567,near,1,601.000,550.000,2.811432,9.575532,583.229,381.331,659.867,569.822,0.903320,detected
7,0.233567,far,2,731.000,399.000,4.058907,0.608476,700.980,281.710,750.902,417.875,0.836426,detected
8,0.266934,near,1,602.000,551.000,2.822705,9.612350,582.681,381.041,659.744,570.399,0.903809,detected
8,0.266934,far,2,732.000,400.000,4.071159,0.693975,700.967,281.592,750.919,417.865,0.834473,detected
9,0.300300,near,1,602.000,552.000,2.824522,9.649267,582.261,380.826,659.638,570.895,0.902832,detected
9,0.300300,far,2,731.000,400.000,4.058760,0.694524,700.930,281.331,750.959,417.861,0.834473,detected
10,0.333667,near,1,601.000,553.000,2.816930,9.686279,582.031,380.711,659.397,570.927,0.900391,detected
10,0.333667,far,2,731.000,399.000,4.058907,0.608476,700.956,281.235,750.936,417.859,0.830078,detected
11,0.367034,near,1,601.000,554.000,2.818751,9.722965,581.628,380.671,659.063,571.072,0.898926,detected
11,0.367034,far,2,731.000,399.000,4.058907,0.608476,700.991,281.130,750.903,417.786,0.838867,detected
12,0.400400,near,1,601.000,556.000,2.822376,9.795996,580.656,380.552,658.056,571.261,0.897461,detected
12,0.400400,far,2,731.000,400.000,4.058760,0.694524,700.993,281.093,750.903,417.759,0.843750,detected
13,0.433767,near,1,601.000,558.000,2.825979,9.868574,579.961,380.510,657.455,571.895,0.897949,detected
13,0.433767,far,2,731.000,400.000,4.058760,0.694524,700.973,281.010,750.924,417.820,0.848145,detected
14,0.467134,near,1,601.000,558.000,2.825979,9.868574,579.567,380.782,656.816,572.125,0.898438,detected
14,0.467134,far,2,731.000,400.000,4.058760,0.694524,700.992,281.000,750.906,417.701,0.851074,detected
15,0.500501,near,1,601.000,559.000,2.827772,9.904696,579.250,381.528,656.201,572.629,0.900391,detected
15,0.500501,far,2,731.000,400.000,4.058760,0.694524,701.077,281.000,750.822,417.656,0.854004,detected
16,0.533867,near,1,601.000,560.000,2.829559,9.940705,578.249,381.667,655.171,573.236,0.900391,detected
16,0.533867,far,2,731.000,399.000,4.058907,0.608476,701.152,281.000,750.748,417.640,0.853027,detected
17,0.567234,near,1,602.000,560.000,2.838862,9.940500,577.733,381.895,654.384,573.453,0.902832,detected
17,0.567234,far,2,731.000,400.000,4.058760,0.694524,701.181,281.000,750.720,417.634,0.851074,detected
18,0.600601,near,1,602.000,560.000,2.838862,9.940500,577.241,382.085,653.565,573.523,0.905762,detected
18,0.600601,far,2,731.000,399.000,4.058907,0.608476,701.207,281.000,750.695,417.633,0.852051,detected
19,0.633967,near,1,602.000,560.000,2.838862,9.940500,576.334,382.615,652.025,573.538,0.906738,detected
19,0.633967,far,2,731.000,400.000,4.058760,0.694524,701.191,281.051,750.711,417.704,0.852051,detected
20,0.667334,near,1,602.000,560.000,2.838862,9.940500,576.121,383.380,651.355,573.675,0.906738,detected
20,0.667334,far,2,731.000,400.000,4.058760,0.694524,701.176,281.009,750.726,417.661,0.854980,detected
21,0.700701,near,1,602.000,559.000,2.837089,9.904490,575.767,384.088,650.282,573.575,0.904785,detected
21,0.700701,far,2,731.000,399.000,4.058907,0.608476,701.152,281.000,750.751,417.715,0.852051,detected
22,0.734067,near,1,601.000,559.000,2.827772,9.904696,575.485,384.631,649.502,573.528,0.905762,detected
22,0.734067,far,2,731.000,399.000,4.058907,0.608476,700.863,281.000,750.472,417.665,0.852051,detected
23,0.767434,near,1,602.000,560.000,2.838862,9.940500,575.565,385.287,649.066,573.645,0.904297,detected
23,0.767434,far,2,731.000,399.000,4.058907,0.608476,700.464,281.000,750.089,417.646,0.855957,detected
24,0.800801,near,1,602.000,560.000,2.838862,9.940500,575.383,385.486,648.589,573.825,0.904785,detected
24,0.800801,far,2,731.000,399.000,4.058907,0.608476,700.877,281.000,750.521,417.640,0.854980,detected
25,0.834168,near,1,602.000,561.000,2.840630,9.976400,575.202,385.869,647.993,573.744,0.902344,detected
25,0.834168,far,2,731.000,399.000,4.058907,0.608476,700.797,281.000,750.356,417.566,0.853027,detected
26,0.867534,near,1,602.000,561.000,2.840630,9.976400,575.395,386.106,647.831,573.707,0.902344,detected
26,0.867534,far,2,731.000,399.000,4.058907,0.608476,700.459,281.000,750.036,417.539,0.853027,detected
27,0.900901,near,1,603.000,560.000,2.848166,9.940296,574.953,386.610,646.898,573.546,0.900391,detected
27,0.900901,far,2,731.000,399.000,4.058907,0.608476,700.336,281.000,749.913,417.458,0.857910,detected
28,0.934268,near,1,603.000,560.000,2.848166,9.940296,574.865,386.787,646.504,573.480,0.898926,detected
28,0.934268,far,2,730.000,398.000,4.046604,0.522627,700.307,281.000,749.854,417.287,0.859863,detected
29,0.967634,near,1,603.000,560.000,2.848166,9.940296,574.642,386.983,646.011,573.453,0.895996,detected
29,0.967634,far,2,730.000,398.000,4.046604,0.522627,700.289,281.000,749.844,417.223,0.850098,detected
30,1.001001,near,1,603.000,557.000,2.842874,9.831927,574.709,387.044,645.708,573.155,0.897949,detected
30,1.001001,far,2,730.000,398.000,4.046604,0.522627,699.907,281.000,749.652,417.485,0.860840,detected
31,1.034368,near,1,603.000,557.000,2.842874,9.831927,574.712,387.056,645.364,572.899,0.896973,detected
31,1.034368,far,2,730.000,398.000,4.046604,0.522627,699.741,281.000,749.607,417.585,0.858887,detected
32,1.067734,near,1,603.000,557.000,2.842874,9.831927,574.466,387.049,644.659,572.802,0.896484,detected
32,1.067734,far,2,730.000,399.000,4.046482,0.609027,699.585,281.000,749.690,417.835,0.864258,detected
33,1.101101,near,1,603.000,557.000,2.842874,9.831927,574.231,387.144,643.995,572.766,0.895996,detected
33,1.101101,far,2,730.000,399.000,4.046482,0.609027,699.446,281.000,749.808,418.214,0.858887,detected
34,1.134468,near,1,603.000,557.000,2.842874,9.831927,574.406,387.349,643.795,572.753,0.895508,detected
34,1.134468,far,2,730.000,401.000,4.046239,0.780767,699.615,281.000,750.204,418.568,0.866211,detected
35,1.167835,near,1,603.000,557.000,2.842874,9.831927,574.440,387.418,643.497,572.749,0.895020,detected
35,1.167835,far,2,730.000,401.000,4.046239,0.780767,699.657,281.000,750.381,418.699,0.864258,detected
36,1.201201,near,1,603.000,557.000,2.842874,9.831927,574.523,387.294,643.341,572.748,0.895508,detected
36,1.201201,far,2,730.000,401.000,4.046239,0.780767,699.570,281.000,750.554,418.744,0.868164,detected
37,1.234568,near,1,603.000,557.000,2.842874,9.831927,574.853,387.560,643.291,572.749,0.896973,detected
37,1.234568,far,2,730.000,402.000,4.046118,0.866110,699.407,281.000,750.750,419.183,0.864258,detected
38,1.267935,near,1,603.000,557.000,2.842874,9.831927,574.843,387.299,643.145,572.750,0.895020,detected
38,1.267935,far,2,730.000,402.000,4.046118,0.866110,699.865,281.000,751.438,419.062,0.875000,detected
39,1.301301,near,1,603.000,557.000,2.842874,9.831927,575.127,387.550,643.104,572.750,0.895996,detected
39,1.301301,far,2,730.000,403.000,4.045998,0.951105,700.188,281.000,752.118,419.153,0.883301,detected
40,1.334668,near,1,602.000,561.000,2.840630,9.976400,575.051,387.213,643.004,572.893,0.893066,detected
40,1.334668,far,2,731.000,401.000,4.058613,0.780220,700.640,281.000,753.174,419.608,0.875977,detected
41,1.368035,near,1,603.000,558.000,2.844643,9.868161,575.277,387.153,643.010,572.806,0.892090,detected
41,1.368035,far,2,731.000,402.000,4.058467,0.865567,700.931,281.000,754.011,420.060,0.880859,detected
42,1.401401,near,1,603.000,557.000,2.842874,9.831927,575.658,387.589,643.013,572.772,0.893066,detected
42,1.401401,far,2,731.000,402.000,4.058467,0.865567,701.443,281.000,755.044,420.083,0.888184,detected
43,1.434768,near,1,603.000,557.000,2.842874,9.831927,575.861,387.750,642.966,572.760,0.892578,detected
43,1.434768,far,2,731.000,402.000,4.058467,0.865567,700.916,281.000,755.005,420.156,0.872559,detected
44,1.468135,near,1,602.000,561.000,2.840630,9.976400,576.131,387.807,643.047,572.898,0.892090,detected
44,1.468135,far,2,731.000,403.000,4.058321,0.950564,701.757,282.204,756.199,420.178,0.884766,detected
45,1.501502,near,1,602.000,560.000,2.838862,9.940500,576.576,387.824,643.308,572.950,0.895020,detected
45,1.501502,far,2,731.000,402.000,4.058467,0.865567,702.485,283.300,757.361,419.966,0.897461,detected
46,1.534868,near,1,602.000,560.000,2.838862,9.940500,576.803,387.862,643.351,572.969,0.895508,detected
46,1.534868,far,2,730.000,402.000,4.046118,0.866110,702.281,284.277,757.680,419.810,0.888184,detected
47,1.568235,near,1,603.000,560.000,2.848166,9.940296,577.257,387.979,643.568,572.834,0.895996,detected
47,1.568235,far,2,731.000,402.000,4.058467,0.865567,702.478,286.917,758.069,419.820,0.891113,detected
48,1.601602,near,1,602.000,560.000,2.838862,9.940500,577.461,387.984,643.616,572.783,0.893555,detected
48,1.601602,far,2,730.000,404.000,4.045878,1.035755,702.941,289.256,758.944,419.820,0.880371,detected
49,1.634968,near,1,602.000,560.000,2.838862,9.940500,577.717,387.876,643.736,572.763,0.894531,detected
49,1.634968,far,2,730.000,404.000,4.045878,1.035755,702.454,290.604,759.326,419.818,0.884277,detected
50,1.668335,near,1,602.000,560.000,2.838862,9.940500,577.855,387.832,643.735,572.756,0.894043,detected
50,1.668335,far,2,730.000,404.000,4.045878,1.035755,701.704,291.575,759.434,419.671,0.879883,detected
51,1.701702,near,1,602.000,560.000,2.838862,9.940500,577.966,387.813,643.671,572.612,0.895508,detected
51,1.701702,far,2,730.000,401.000,4.046239,0.780767,701.776,293.121,760.248,419.615,0.889648,detected
52,1.735068,near,1,602.000,560.000,2.838862,9.940500,578.161,387.804,643.773,572.558,0.895996,detected
52,1.735068,far,2,729.000,404.000,4.033581,1.036294,701.458,294.524,760.874,419.737,0.888672,detected
53,1.768435,near,1,602.000,560.000,2.838862,9.940500,578.231,387.799,643.810,572.681,0.895996,detected
53,1.768435,far,2,730.000,405.000,4.045759,1.120061,701.104,295.868,761.322,419.709,0.890137,detected
54,1.801802,near,1,602.000,560.000,2.838862,9.940500,578.274,387.796,643.802,572.728,0.896484,detected
54,1.801802,far,2,730.000,405.000,4.045759,1.120061,700.586,296.327,761.855,419.626,0.888184,detected
55,1.835169,near,1,602.000,560.000,2.838862,9.940500,578.485,387.900,643.883,572.746,0.895020,detected
55,1.835169,far,2,730.000,405.000,4.045759,1.120061,700.132,296.959,762.297,419.595,0.896484,detected
56,1.868535,near,1,602.000,560.000,2.838862,9.940500,578.588,387.938,643.886,572.753,0.895020,detected
56,1.868535,far,2,730.000,406.000,4.045640,1.204025,699.309,297.228,762.526,419.583,0.895996,detected
57,1.901902,near,1,602.000,560.000,2.838862,9.940500,578.774,387.986,644.018,572.756,0.894531,detected
57,1.901902,far,2,730.000,405.000,4.045759,1.120061,698.327,297.293,762.701,419.649,0.895020,detected
58,1.935269,near,1,602.000,560.000,2.838862,9.940500,578.813,387.897,644.093,572.899,0.893066,detected
58,1.935269,far,2,730.000,405.000,4.045759,1.120061,697.656,297.286,763.062,419.603,0.895996,detected
59,1.968635,near,1,602.000,560.000,2.838862,9.940500,579.038,387.968,644.190,572.811,0.893066,detected
59,1.968635,far,2,730.000,406.000,4.045640,1.204025,697.182,297.326,763.417,419.728,0.892578,detected
60,2.002002,near,1,602.000,560.000,2.838862,9.940500,579.340,388.136,644.570,572.919,0.899414,detected
60,2.002002,far,2,731.000,405.000,4.058033,1.119525,696.185,297.529,763.225,419.774,0.899902,detected
61,2.035369,near,1,602.000,560.000,2.838862,9.940500,579.424,388.198,644.737,572.960,0.899414,detected
61,2.035369,far,2,731.000,405.000,4.058033,1.119525,695.569,297.511,763.394,419.720,0.899902,detected
62,2.068735,near,1,602.000,559.000,2.837089,9.904490,579.465,388.326,644.782,572.832,0.899902,detected
62,2.068735,far,2,731.000,405.000,4.058033,1.119525,695.104,297.484,763.695,419.770,0.898438,detected
63,2.102102,near,1,602.000,559.000,2.837089,9.904490,579.349,387.840,644.921,572.926,0.898926,detected
63,2.102102,far,2,731.000,405.000,4.058033,1.119525,694.451,297.456,763.722,419.788,0.898438,detected
64,2.135469,near,1,602.000,560.000,2.838862,9.940500,579.552,388.187,645.003,572.819,0.898438,detected
64,2.135469,far,2,731.000,405.000,4.058033,1.119525,693.729,297.358,763.645,419.794,0.897949,detected
65,2.168836,near,1,602.000,560.000,2.838862,9.940500,579.615,388.319,645.040,572.778,0.897949,detected
65,2.168836,far,2,731.000,405.000,4.058033,1.119525,693.320,297.378,763.761,419.796,0.895020,detected
66,2.202202,near,1,602.000,560.000,2.838862,9.940500,579.501,387.692,645.184,572.905,0.899902,detected
66,2.202202,far,2,731.000,406.000,4.057889,1.203492,693.008,297.373,763.973,419.867,0.893066,detected
67,2.235569,near,1,602.000,560.000,2.838862,9.940500,579.457,387.455,645.233,572.953,0.900391,detected
67,2.235569,far,2,731.000,406.000,4.057889,1.203492,692.731,297.289,764.222,419.965,0.892578,detected
68,2.268936,near,1,602.000,560.000,2.838862,9.940500,579.318,387.366,645.083,572.970,0.898926,detected
68,2.268936,far,2,731.000,405.000,4.058033,1.119525,692.534,297.177,764.417,419.858,0.897461,detected
69,2.302302,near,1,602.000,560.000,2.838862,9.940500,579.397,387.335,645.173,572.977,0.899902,detected
69,2.302302,far,2,731.000,405.000,4.058033,1.119525,692.359,297.127,764.599,419.817,0.898438,detected
70,2.335669,near,1,602.000,560.000,2.838862,9.940500,579.589,387.325,645.325,572.978,0.898926,detected
70,2.335669,far,2,730.000,406.000,4.045640,1.204025,692.149,296.959,764.820,419.872,0.891602,detected
71,2.369036,near,1,602.000,560.000,2.838862,9.940500,579.630,387.182,645.409,572.837,0.898926,detected
71,2.369036,far,2,731.000,405.000,4.058033,1.119525,692.010,296.890,764.969,419.822,0.894043,detected
72,2.402402,near,1,602.000,560.000,2.838862,9.940500,579.751,386.988,645.613,572.925,0.897461,detected
72,2.402402,far,2,730.000,405.000,4.045759,1.120061,691.868,296.788,765.120,419.802,0.893066,detected
73,2.435769,near,1,602.000,560.000,2.838862,9.940500,579.962,386.917,645.804,572.958,0.895020,detected
73,2.435769,far,2,730.000,405.000,4.045759,1.120061,691.751,296.746,765.246,419.795,0.892578,detected
74,2.469136,near,1,602.000,560.000,2.838862,9.940500,579.770,386.893,645.574,572.971,0.895020,detected
74,2.469136,far,2,730.000,405.000,4.045759,1.120061,691.289,296.656,765.148,419.863,0.892578,detected
75,2.502503,near,1,602.000,560.000,2.838862,9.940500,579.970,386.886,645.775,573.117,0.895508,detected
75,2.502503,far,2,730.000,406.000,4.045640,1.204025,690.784,296.620,764.879,419.959,0.892090,detected
76,2.535869,near,1,602.000,560.000,2.838862,9.940500,580.035,386.461,645.857,573.172,0.893066,detected
76,2.535869,far,2,730.000,405.000,4.045759,1.120061,690.554,296.605,764.822,419.995,0.892578,detected
77,2.569236,near,1,602.000,560.000,2.838862,9.940500,580.061,386.338,645.880,573.191,0.892090,detected
77,2.569236,far,2,731.000,405.000,4.058033,1.119525,690.489,296.668,764.788,419.866,0.890625,detected
78,2.602603,near,1,602.000,560.000,2.838862,9.940500,580.262,386.402,645.977,573.198,0.893066,detected
78,2.602603,far,2,731.000,405.000,4.058033,1.119525,690.412,296.620,764.836,419.817,0.890137,detected
79,2.635969,near,1,602.000,560.000,2.838862,9.940500,580.132,386.004,645.930,573.199,0.895508,detected
79,2.635969,far,2,730.000,405.000,4.045759,1.120061,690.353,296.600,764.892,419.798,0.891602,detected
80,2.669336,near,1,602.000,560.000,2.838862,9.940500,580.374,385.822,646.183,573.199,0.894531,detected
80,2.669336,far,2,730.000,405.000,4.045759,1.120061,690.322,296.663,764.929,419.791,0.890625,detected
81,2.702703,near,1,602.000,560.000,2.838862,9.940500,580.746,385.510,646.560,573.056,0.895020,detected
81,2.702703,far,2,730.000,405.000,4.045759,1.120061,690.285,296.686,764.976,419.788,0.891602,detected
82,2.736069,near,1,602.000,560.000,2.838862,9.940500,581.119,385.397,647.031,573.143,0.895020,detected
82,2.736069,far,2,730.000,406.000,4.045640,1.204025,690.247,296.693,765.023,419.788,0.893066,detected
83,2.769436,near,1,602.000,560.000,2.838862,9.940500,581.350,385.218,647.393,573.176,0.896484,detected
83,2.769436,far,2,730.000,405.000,4.045759,1.120061,689.908,296.624,764.801,419.787,0.890137,detected
84,2.802803,near,1,603.000,559.000,2.846407,9.904284,581.764,384.766,648.043,573.188,0.897949,detected
84,2.802803,far,2,730.000,405.000,4.045759,1.120061,689.745,296.597,764.759,419.858,0.890137,detected
85,2.836170,near,1,603.000,559.000,2.846407,9.904284,582.216,384.849,648.547,573.192,0.898438,detected
85,2.836170,far,2,730.000,406.000,4.045640,1.204025,689.707,296.587,764.726,419.743,0.891602,detected
86,2.869536,near,1,602.000,560.000,2.838862,9.940500,582.339,384.745,648.770,573.193,0.898438,detected
86,2.869536,far,2,730.000,405.000,4.045759,1.120061,689.640,296.440,764.772,419.700,0.892578,detected
87,2.902903,near,1,602.000,559.000,2.837089,9.904490,582.946,384.960,649.411,573.051,0.897461,detected
87,2.902903,far,2,730.000,406.000,4.045640,1.204025,689.889,296.456,765.089,419.755,0.891113,detected
88,2.936270,near,1,603.000,558.000,2.844643,9.868161,584.101,384.656,650.981,572.855,0.893066,detected
88,2.936270,far,2,730.000,405.000,4.045759,1.120061,689.406,296.320,764.655,419.634,0.891602,detected
89,2.969636,near,1,603.000,557.000,2.842874,9.831927,584.841,384.581,652.098,572.214,0.892090,detected
89,2.969636,far,2,730.000,406.000,4.045640,1.204025,689.801,296.482,765.053,419.730,0.891602,detected
90,3.003003,near,1,603.000,556.000,2.841098,9.795580,585.638,384.238,653.391,571.689,0.892090,detected
90,3.003003,far,2,730.000,405.000,4.045759,1.120061,689.830,295.976,765.329,419.626,0.896484,detected
91,3.036370,near,1,603.000,555.000,2.839318,9.759120,585.773,384.113,654.009,571.495,0.892578,detected
91,3.036370,far,2,731.000,405.000,4.058033,1.119525,689.860,295.857,765.415,419.586,0.895020,detected
92,3.069736,near,1,604.000,554.000,2.846922,9.722337,585.754,384.072,654.842,571.144,0.899414,detected
92,3.069736,far,2,730.000,405.000,4.045759,1.120061,689.852,295.743,765.468,419.572,0.898926,detected
93,3.103103,near,1,606.000,552.000,2.862203,9.648423,585.299,384.027,655.849,571.301,0.906738,detected
93,3.103103,far,2,730.000,405.000,4.045759,1.120061,689.831,295.702,765.506,419.638,0.895996,detected
94,3.136470,near,1,605.000,553.000,2.854551,9.685438,585.374,383.766,657.366,571.225,0.907715,detected
94,3.136470,far,2,731.000,405.000,4.058033,1.119525,689.862,295.831,765.481,419.664,0.896484,detected
95,3.169837,near,1,605.000,553.000,2.854551,9.685438,586.111,383.530,659.464,571.343,0.908203,detected
95,3.169837,far,2,731.000,404.000,4.058177,1.035216,689.928,295.883,765.418,419.461,0.894531,detected
96,3.203203,near,1,605.000,551.000,2.851009,9.611715,587.335,383.021,662.108,571.250,0.907715,detected
96,3.203203,far,2,731.000,405.000,4.058033,1.119525,690.028,296.046,765.318,419.527,0.890137,detected
97,3.236570,near,1,605.000,551.000,2.851009,9.611715,587.793,382.409,663.915,571.361,0.903320,detected
97,3.236570,far,2,730.000,407.000,4.045522,1.287650,690.222,296.250,765.124,419.553,0.897949,detected
98,3.269937,near,1,605.000,551.000,2.851009,9.611715,587.616,381.760,665.174,571.689,0.901367,detected
98,3.269937,far,2,731.000,406.000,4.057889,1.203492,690.786,296.470,765.128,419.350,0.885254,detected
99,3.303303,near,1,604.000,552.000,2.843362,9.648845,586.623,381.206,665.386,571.816,0.900391,detected
99,3.303303,far,2,731.000,401.000,4.058613,0.780220,691.562,295.556,765.703,418.918,0.896484,detected
100,3.336670,near,1,603.000,555.000,2.839318,9.759120,585.814,380.723,665.559,571.582,0.896973,detected
100,3.336670,far,2,730.000,403.000,4.045998,0.951105,691.821,294.645,765.948,418.971,0.893066,detected
101,3.370037,near,1,603.000,555.000,2.839318,9.759120,584.554,380.304,665.114,571.777,0.895020,detected
101,3.370037,far,2,730.000,401.000,4.046239,0.780767,692.422,293.102,766.662,418.639,0.896484,detected
102,3.403403,near,1,603.000,556.000,2.841098,9.795580,583.436,379.627,664.418,571.286,0.895996,detected
102,3.403403,far,2,729.000,402.000,4.033771,0.866654,693.315,290.970,767.953,418.940,0.895508,detected
103,3.436770,near,1,602.000,556.000,2.831737,9.795788,582.270,379.349,663.735,571.243,0.895020,detected
103,3.436770,far,2,729.000,400.000,4.033962,0.695622,694.666,288.909,769.665,419.338,0.901367,detected
104,3.470137,near,1,604.000,558.000,2.853976,9.867955,580.717,379.257,662.306,571.654,0.898926,detected
104,3.470137,far,2,728.000,402.000,4.021423,0.867197,696.274,287.229,771.450,419.842,0.899902,detected
105,3.503504,near,1,606.000,556.000,2.869184,9.794956,581.063,380.121,661.958,571.245,0.892090,detected
105,3.503504,far,2,728.000,405.000,4.021214,1.121133,698.030,284.857,773.207,419.685,0.904785,detected
106,3.536870,near,1,608.000,554.000,2.884487,9.721498,582.076,382.132,661.233,571.090,0.892090,detected
106,3.536870,far,2,727.000,408.000,4.008810,1.372522,699.500,283.556,774.165,419.903,0.895996,detected
107,3.570237,near,1,611.000,551.000,2.907624,9.610443,584.914,383.645,662.214,570.892,0.887207,detected
107,3.570237,far,2,726.000,413.000,3.996518,1.784445,699.908,281.969,775.762,423.348,0.901855,detected
108,3.603604,near,1,614.000,552.000,2.937576,9.646733,586.988,386.457,662.142,571.819,0.884766,detected
108,3.603604,far,2,726.000,415.000,3.996481,1.946710,699.514,281.253,776.326,427.847,0.898926,detected
109,3.636970,near,1,616.000,556.000,2.962819,9.792877,588.895,389.645,662.684,574.741,0.892578,detected
109,3.636970,far,2,725.000,417.000,3.984465,2.108196,697.120,281.007,774.869,431.654,0.874512,detected
110,3.670337,near,1,617.000,563.000,2.983089,10.044834,590.226,391.669,663.100,577.539,0.891602,detected
110,3.670337,far,2,726.000,419.000,3.996407,2.267397,698.245,281.845,775.512,434.705,0.886230,detected
111,3.703704,near,1,615.000,565.000,2.967690,10.116290,590.125,394.104,662.690,579.141,0.897461,detected
111,3.703704,far,2,724.000,423.000,3.972658,2.584044,699.039,284.013,775.376,437.245,0.891602,detected
112,3.737070,near,1,615.000,567.000,2.970801,10.186909,589.056,395.981,662.105,580.146,0.910156,detected
112,3.737070,far,2,723.000,422.000,3.960769,2.506093,701.620,286.631,776.366,438.113,0.891602,detected
113,3.770437,near,1,614.000,566.000,2.960027,10.151854,587.653,397.070,661.719,580.637,0.918457,detected
113,3.770437,far,2,723.000,422.000,3.960769,2.506093,703.176,288.645,776.711,438.532,0.882812,detected
114,3.803804,near,1,615.000,565.000,2.967690,10.116290,587.598,397.860,663.084,580.507,0.921875,detected
114,3.803804,far,2,722.000,423.000,3.948983,2.585030,704.170,289.701,776.961,438.641,0.891602,detected
115,3.837171,near,1,616.000,562.000,2.972267,10.009346,587.328,398.253,664.121,579.716,0.910156,detected
115,3.837171,far,2,722.000,423.000,3.948983,2.585030,704.524,290.099,777.031,438.637,0.903809,detected
116,3.870537,near,1,619.000,561.000,2.998584,9.972933,587.259,398.213,665.893,579.109,0.902832,detected
116,3.870537,far,2,721.000,424.000,3.937244,2.663655,704.714,290.740,776.956,438.665,0.903809,detected
117,3.903904,near,1,625.000,559.000,3.051467,9.899762,588.403,398.301,669.079,580.006,0.912109,detected
117,3.903904,far,2,721.000,423.000,3.937146,2.585522,704.107,290.339,776.427,438.425,0.900879,detected
118,3.937271,near,1,631.000,557.000,3.104687,9.826127,589.917,399.013,672.006,579.901,0.905762,detected
118,3.937271,far,2,720.000,423.000,3.925310,2.586015,704.022,289.826,776.612,438.160,0.900391,detected
119,3.970637,near,1,638.000,558.000,3.171434,9.860939,592.902,399.960,677.070,581.127,0.917969,detected
119,3.970637,far,2,719.000,421.000,3.913184,2.429329,703.759,289.272,776.883,437.960,0.893066,detected
120,4.004004,near,1,646.000,565.000,3.254112,10.110061,595.789,402.275,682.123,583.138,0.926270,detected
120,4.004004,far,2,720.000,421.000,3.925067,2.428832,703.628,288.848,777.556,438.072,0.878906,detected
121,4.037371,near,1,655.000,570.000,3.342247,10.284144,599.761,405.106,688.312,585.441,0.920410,detected
121,4.037371,far,2,719.000,421.000,3.913184,2.429329,702.832,288.475,777.401,438.023,0.857422,detected
122,4.070737,near,1,656.000,574.000,3.355263,10.422752,605.493,408.694,696.115,587.136,0.927246,detected
122,4.070737,far,2,718.000,419.000,3.900963,2.271411,702.250,288.690,777.033,437.702,0.847168,detected
123,4.104104,near,1,656.000,575.000,3.356215,10.457191,609.597,412.564,700.809,588.454,0.923828,detected
123,4.104104,far,2,718.000,419.000,3.900963,2.271411,699.249,289.129,773.413,437.633,0.530273,detected
124,4.137471,near,1,656.000,572.000,3.353348,10.353559,618.972,416.315,711.866,588.623,0.924316,detected
124,4.137471,far,2,717.000,419.000,3.889034,2.271913,700.156,289.225,774.542,437.522,0.895996,detected
125,4.170838,near,1,657.000,571.000,3.361548,10.318610,624.418,419.005,718.560,588.070,0.916016,detected
125,4.170838,far,2,716.000,419.000,3.877106,2.272415,699.752,290.113,774.024,437.468,0.902832,detected
126,4.204204,near,1,659.000,567.000,3.376164,10.178132,626.684,420.352,721.509,586.534,0.885254,detected
126,4.204204,far,2,715.000,418.000,3.864937,2.193246,699.350,291.230,773.516,437.650,0.910645,detected
127,4.237571,near,1,663.000,565.000,3.411280,10.106643,628.588,420.766,723.679,583.631,0.915039,detected
127,4.237571,far,2,716.000,419.000,3.877106,2.272415,698.540,291.787,772.855,437.852,0.905762,detected
128,4.270938,near,1,663.000,565.000,3.411280,10.106643,629.421,420.692,724.914,581.242,0.914062,detected
128,4.270938,far,2,714.000,418.000,3.852985,2.193750,697.596,292.130,772.121,438.204,0.905762,detected
129,4.304304,near,1,668.000,565.000,3.457519,10.105637,631.275,420.018,727.162,579.209,0.908203,detected
129,4.304304,far,2,713.000,419.000,3.841323,2.273920,695.263,291.183,770.429,438.114,0.903809,detected
130,4.337671,near,1,672.000,564.000,3.493760,10.069317,631.897,417.693,728.959,577.607,0.914062,detected
130,4.337671,far,2,714.000,422.000,3.854038,2.510546,693.718,289.967,769.350,437.859,0.896973,detected
131,4.371038,near,1,673.000,564.000,3.503023,10.069115,635.527,415.218,733.460,577.178,0.872070,detected
131,4.371038,far,2,712.000,421.000,3.830017,2.432808,690.673,288.795,766.909,437.684,0.894043,detected
132,4.404404,near,1,674.000,564.000,3.512287,10.068913,634.381,414.412,732.881,577.039,0.902832,detected
132,4.404404,far,2,707.000,413.000,3.767164,1.794247,688.903,286.443,762.687,429.833,0.883301,detected
133,4.437771,near,1,676.000,563.000,3.530115,10.032882,633.620,412.383,733.332,577.010,0.897949,detected
133,4.437771,far,2,705.000,413.000,3.743030,1.795278,686.496,285.189,758.853,425.521,0.866211,detected
134,4.471138,near,1,681.000,563.000,3.576512,10.031868,635.292,414.589,734.209,577.868,0.908203,detected
134,4.471138,far,2,702.000,415.000,3.707947,1.958976,682.442,284.383,755.513,427.129,0.879395,detected
135,4.504505,near,1,688.000,565.000,3.642537,10.101613,636.888,415.710,737.381,582.064,0.904785,detected
135,4.504505,far,2,698.000,415.000,3.659881,1.961019,678.228,284.668,750.848,426.966,0.897461,detected
136,4.537871,near,1,695.000,568.000,3.708596,10.206153,639.178,417.318,741.261,586.738,0.907715,detected
136,4.537871,far,2,695.000,408.000,3.618706,1.389421,673.835,285.298,745.166,424.945,0.909180,detected
137,4.571238,near,1,706.000,573.000,3.811290,10.378449,641.472,419.112,745.665,592.727,0.905762,detected
137,4.571238,far,2,692.000,412.000,3.585397,1.720444,670.538,287.132,740.819,424.790,0.898438,detected
138,4.604605,near,1,710.000,577.000,3.848712,10.515379,643.610,421.178,749.852,598.625,0.895996,detected
138,4.604605,far,2,691.000,411.000,3.572482,1.639099,668.235,288.470,737.593,424.768,0.893066,detected
139,4.637971,near,1,713.000,578.000,3.876154,10.548973,648.403,423.487,752.916,597.908,0.894043,detected
139,4.637971,far,2,689.000,411.000,3.548265,1.640140,667.857,290.187,736.109,424.504,0.893066,detected
140,4.671338,near,1,718.000,584.000,3.922136,10.750926,651.404,425.905,758.969,606.478,0.905762,detected
140,4.671338,far,2,687.000,410.000,3.523119,1.558999,667.704,291.396,735.197,424.291,0.891602,detected
141,4.704705,near,1,719.000,585.000,3.931218,10.784206,655.565,427.410,765.316,613.812,0.900879,detected
141,4.704705,far,2,686.000,412.000,3.512892,1.723551,667.723,292.479,734.962,424.382,0.887695,detected
142,4.738071,near,1,724.000,590.000,3.976229,10.949145,662.560,430.526,771.640,618.374,0.890137,detected
142,4.738071,far,2,684.000,409.000,3.485718,1.478063,668.378,292.721,734.961,421.712,0.883301,detected
143,4.771438,near,1,731.000,598.000,4.038074,11.208263,673.495,433.373,781.319,621.720,0.875977,detected
143,4.771438,far,2,681.000,409.000,3.449255,1.479638,668.337,294.017,735.989,422.257,0.897949,detected
144,4.804805,near,1,740.000,601.000,4.116875,11.302770,686.109,434.838,792.090,623.598,0.884277,detected
144,4.804805,far,2,678.000,408.000,3.411638,1.398391,667.771,295.338,736.452,421.693,0.898926,detected
145,4.838172,near,1,746.000,599.000,4.170097,11.237727,698.995,434.570,803.582,624.490,0.900879,detected
145,4.838172,far,2,676.000,407.000,3.386073,1.316294,666.319,296.165,736.826,421.222,0.903809,detected
146,4.871538,near,1,751.000,602.000,4.213153,11.332690,706.294,434.276,809.720,624.730,0.904785,detected
146,4.871538,far,2,675.000,407.000,3.373873,1.316823,663.419,296.085,735.966,420.712,0.908691,detected
147,4.904905,near,1,758.000,602.000,4.274554,11.331463,710.700,431.089,814.535,624.162,0.899414,detected
147,4.904905,far,2,675.000,408.000,3.375109,1.399973,660.663,294.380,736.268,421.048,0.905762,detected
148,4.938272,near,1,763.000,605.000,4.316983,11.425628,713.828,428.580,817.903,624.008,0.913086,detected
148,4.938272,far,2,675.000,409.000,3.376341,1.482788,657.933,292.951,735.892,421.404,0.903809,detected
149,4.971638,near,1,767.000,605.000,4.351926,11.424933,715.441,425.912,820.063,624.437,0.914551,detected
149,4.971638,far,2,675.000,406.000,3.372631,1.233337,654.756,291.410,734.018,421.414,0.903809,detected
150,5.005005,near,1,772.000,604.000,4.396202,11.392471,713.475,411.090,825.349,626.357,0.913086,detected
150,5.005005,far,2,675.000,405.000,3.371385,1.149512,652.432,289.621,732.826,421.219,0.912109,detected
151,5.038372,near,1,773.000,606.000,4.403746,11.455397,712.763,401.691,829.926,629.788,0.913574,detected
151,5.038372,far,2,675.000,403.000,3.368876,0.980838,649.315,288.947,730.193,421.086,0.907715,detected
152,5.071738,near,1,772.000,609.000,4.393263,11.549539,713.796,399.485,834.486,636.550,0.916504,detected
152,5.071738,far,2,676.000,402.000,3.379939,0.895442,646.802,287.782,728.368,420.624,0.907715,detected
153,5.105105,near,1,772.000,622.000,4.385818,11.947548,717.655,417.757,834.185,646.703,0.905762,detected
153,5.105105,far,2,677.000,403.000,3.393476,0.979758,644.026,287.211,726.225,420.460,0.913574,detected
154,5.138472,near,1,774.000,637.000,4.394263,12.388723,717.724,434.457,832.255,658.112,0.921875,detected
154,5.138472,far,2,678.000,403.000,3.405777,0.979217,641.907,287.293,724.340,419.986,0.911621,detected
155,5.171839,near,1,774.000,644.000,4.390365,12.588557,716.678,446.381,830.042,665.152,0.912598,detected
155,5.171839,far,2,678.000,403.000,3.405777,0.979217,639.972,288.475,722.057,419.250,0.908691,detected
156,5.205205,near,1,773.000,650.000,4.378879,12.756971,718.166,462.973,827.050,667.951,0.926270,detected
156,5.205205,far,2,677.000,403.000,3.393476,0.979758,638.793,290.149,720.649,418.273,0.916504,detected
157,5.238572,near,1,771.000,649.000,4.362982,12.729414,719.724,477.077,824.574,668.788,0.933594,detected
157,5.238572,far,2,678.000,404.000,3.406959,1.063734,638.099,292.002,719.949,418.065,0.913086,detected
158,5.271939,near,1,773.000,651.000,4.378348,12.784749,720.819,483.075,825.234,669.344,0.921875,detected
158,5.271939,far,2,678.000,405.000,3.408136,1.147907,638.015,293.694,719.509,417.216,0.901367,detected
159,5.305305,near,1,773.000,650.000,4.378879,12.756971,721.663,484.748,826.607,668.545,0.923828,detected
159,5.305305,far,2,678.000,403.000,3.405777,0.979217,637.953,294.241,720.230,416.558,0.902832,detected
160,5.338672,near,1,775.000,649.000,4.395842,12.728822,722.357,485.384,828.297,667.990,0.927246,detected
160,5.338672,far,2,676.000,404.000,3.382408,1.064809,636.918,296.008,719.318,416.117,0.892090,detected
161,5.372039,near,1,774.000,651.000,4.386541,12.784602,721.376,484.427,829.996,669.129,0.927246,detected
161,5.372039,far,2,677.000,405.000,3.395885,1.148442,636.746,300.541,718.441,417.271,0.884277,detected
162,5.405405,near,1,773.000,653.000,4.377292,12.840079,720.022,482.508,831.485,669.757,0.927734,detected
162,5.405405,far,2,678.000,406.000,3.409308,1.231740,635.985,303.932,717.038,418.299,0.892578,detected
163,5.438772,near,1,772.000,649.000,4.371196,12.729266,717.784,477.395,832.511,668.490,0.917480,detected
163,5.438772,far,2,678.000,405.000,3.408136,1.147907,635.534,303.895,717.950,418.613,0.896973,detected
164,5.472139,near,1,770.000,647.000,4.355769,12.673631,713.262,472.622,831.949,668.514,0.927734,detected
164,5.472139,far,2,682.000,404.000,3.456065,1.061583,634.052,304.270,718.091,419.593,0.888184,detected
165,5.505506,near,1,767.000,645.000,4.331998,12.617845,706.367,467.378,828.956,667.346,0.927734,detected
165,5.505506,far,2,684.000,405.000,3.481649,1.144697,631.232,303.865,717.481,419.887,0.911133,detected
166,5.538872,near,1,759.000,640.000,4.267851,12.477131,695.247,461.616,820.517,664.885,0.924805,detected
166,5.538872,far,2,685.000,404.000,3.492900,1.059970,628.536,302.819,717.395,419.994,0.906250,detected
167,5.572239,near,1,748.000,637.000,4.177192,12.392740,680.917,455.537,806.581,660.536,0.932617,detected
167,5.572239,far,2,685.000,402.000,3.490882,0.890557,620.894,299.055,714.831,420.031,0.916016,detected
168,5.605606,near,1,735.000,638.000,4.068594,12.423511,667.461,451.741,791.839,657.998,0.915039,detected
168,5.605606,far,2,682.000,403.000,3.454984,0.977057,617.465,296.435,714.645,420.043,0.867188,detected
169,5.638972,near,1,719.000,633.000,3.934943,12.281405,654.017,448.144,774.990,654.208,0.911133,detected
169,5.638972,far,2,679.000,402.000,3.416916,0.893813,611.391,292.127,711.303,418.429,0.910156,detected
170,5.672339,near,1,702.000,630.000,3.791580,12.196388,646.736,446.533,762.511,648.250,0.926758,detected
170,5.672339,far,2,674.000,401.000,3.353998,0.811329,602.407,288.314,704.610,417.040,0.908203,detected
171,5.705706,near,1,690.000,626.000,3.688910,12.080263,640.569,446.481,753.576,647.991,0.915039,detected
171,5.705706,far,2,668.000,400.000,3.278460,0.729068,594.393,284.144,698.349,416.231,0.918457,detected
172,5.739072,near,1,674.000,635.000,3.558920,12.346464,634.491,448.423,745.292,650.341,0.922363,detected
172,5.739072,far,2,657.000,398.000,3.138918,0.563031,588.785,281.671,692.379,416.625,0.803223,detected
173,5.772439,near,1,665.000,641.000,3.487877,12.519971,626.178,450.476,735.554,653.668,0.915039,detected
173,5.772439,far,2,651.000,397.000,3.062515,0.479801,582.940,281.000,683.511,417.205,0.811523,detected
174,5.805806,near,1,656.000,640.000,3.412537,12.492856,615.329,451.707,723.587,654.803,0.919434,detected
174,5.805806,far,2,642.000,395.000,2.946273,0.310679,581.637,281.000,675.732,414.643,0.744141,detected
175,5.839173,near,1,646.000,638.000,3.327796,12.437190,602.010,452.552,709.444,654.530,0.930664,detected
175,5.839173,far,2,634.000,392.000,2.839253,0.051329,579.283,281.000,667.265,412.951,0.779297,detected
176,5.872539,near,1,641.000,640.000,3.288149,12.495143,589.427,452.248,697.387,654.286,0.922363,detected
176,5.872539,far,2,628.000,388.000,2.753612,0.000000,575.490,282.193,657.045,410.201,0.627930,detected
177,5.905906,near,1,636.000,634.000,3.240545,12.323416,581.674,451.009,690.744,653.060,0.921387,detected
177,5.905906,far,2,624.000,389.000,2.705644,0.000000,571.879,281.132,649.971,407.604,0.845703,detected
178,5.939273,near,1,631.000,627.000,3.191038,12.119319,575.017,448.991,685.472,650.189,0.916504,detected
178,5.939273,far,2,614.000,391.000,2.585166,0.000000,570.835,281.000,645.936,405.458,0.877441,detected
179,5.972639,near,1,624.000,623.000,3.127157,12.001572,570.724,447.604,682.180,647.691,0.917480,detected
179,5.972639,far,2,607.000,389.000,2.490876,0.000000,567.160,281.000,641.185,404.337,0.889160,detected
180,6.006006,near,1,622.000,619.000,3.105228,11.881690,566.859,446.606,678.087,644.778,0.919434,detected
180,6.006006,far,2,600.000,387.000,2.395816,0.000000,560.382,281.000,635.412,404.320,0.909180,detected
181,6.039373,near,1,619.000,610.000,3.067936,11.606705,563.463,443.903,673.931,640.573,0.910645,detected
181,6.039373,far,2,595.000,386.000,2.328939,0.000000,553.464,281.000,630.257,403.925,0.900391,detected
182,6.072739,near,1,614.000,606.000,3.019184,11.482839,560.047,440.706,669.052,635.897,0.922852,detected
182,6.072739,far,2,589.000,389.000,2.263617,0.000000,547.403,281.000,626.713,404.243,0.905273,detected
183,6.106106,near,1,609.000,605.000,2.974273,11.452300,556.547,437.118,663.383,630.343,0.910645,detected
183,6.106106,far,2,586.000,385.000,2.210882,0.000000,542.062,281.972,622.819,403.611,0.905762,detected
184,6.139473,near,1,606.000,600.000,2.940622,11.294458,554.438,433.893,657.982,623.041,0.913086,detected
184,6.139473,far,2,582.000,383.000,2.152234,0.000000,537.735,281.230,620.343,402.762,0.911621,detected
185,6.172840,near,1,602.000,595.000,2.897654,11.134500,552.048,431.383,653.199,617.239,0.914062,detected
185,6.172840,far,2,576.000,384.000,2.079615,0.000000,531.902,281.000,615.700,402.045,0.908203,detected
186,6.206206,near,1,599.000,595.000,2.871171,11.135038,548.015,430.450,647.553,611.173,0.917969,detected
186,6.206206,far,2,573.000,384.000,2.041371,0.000000,520.899,281.000,607.711,402.733,0.890625,detected
187,6.239573,near,1,595.000,590.000,2.827381,10.972748,541.828,429.530,642.246,606.602,0.922852,detected
187,6.239573,far,2,569.000,381.000,1.977637,0.000000,521.250,281.284,607.416,402.092,0.819824,detected
188,6.272940,near,1,590.000,586.000,2.775788,10.841530,534.044,430.273,635.832,602.605,0.912109,detected
188,6.272940,far,2,567.000,386.000,1.973412,0.000000,515.009,281.307,602.690,402.374,0.906250,detected
189,6.306306,near,1,582.000,582.000,2.696602,10.709328,529.002,432.069,631.782,598.969,0.908203,detected
189,6.306306,far,2,567.000,385.000,1.969163,0.000000,515.822,281.039,603.801,402.073,0.904297,detected
190,6.339673,near,1,578.000,583.000,2.662601,10.743649,524.613,435.409,627.810,596.928,0.919434,detected
190,6.339673,far,2,569.000,385.000,1.994599,0.000000,518.866,281.000,606.669,402.477,0.894531,detected
191,6.373040,near,1,579.000,582.000,2.669620,10.709892,523.462,439.293,627.296,595.762,0.919434,detected
191,6.373040,far,2,566.000,385.000,1.956445,0.000000,519.956,281.000,607.234,402.290,0.896973,detected
192,6.406406,near,1,579.000,581.000,2.667653,10.676224,523.247,444.228,627.080,594.903,0.922363,detected
192,6.406406,far,2,569.000,384.000,1.990385,0.000000,521.372,281.000,607.546,401.239,0.900879,detected
193,6.439773,near,1,579.000,582.000,2.669620,10.709892,521.073,445.996,627.768,595.621,0.925293,detected
193,6.439773,far,2,571.000,382.000,2.007504,0.000000,522.943,281.063,608.277,401.000,0.873047,detected
194,6.473140,near,1,576.000,581.000,2.640633,10.676790,516.043,445.065,627.005,595.968,0.919434,detected
194,6.473140,far,2,576.000,380.000,2.063340,0.000000,527.317,281.124,611.207,400.357,0.863281,detected
195,6.506507,near,1,571.000,581.000,2.595604,10.677734,506.676,441.160,623.844,596.317,0.923828,detected
195,6.506507,far,2,581.000,383.000,2.139456,0.000000,532.860,281.008,615.402,400.274,0.905273,detected
196,6.539873,near,1,566.000,582.000,2.552722,10.712337,496.309,436.430,620.145,596.932,0.928223,detected
196,6.539873,far,2,582.000,383.000,2.152234,0.000000,536.379,281.000,617.610,399.975,0.899902,detected
197,6.573240,near,1,557.000,579.000,2.465010,10.612769,485.022,432.960,613.427,597.499,0.928223,detected
197,6.573240,far,2,582.000,384.000,2.156115,0.000000,538.898,281.000,619.001,399.592,0.899414,detected
198,6.606607,near,1,548.000,578.000,2.381356,10.580531,476.055,431.302,606.274,597.767,0.910156,detected
198,6.606607,far,2,583.000,385.000,2.172705,0.000000,540.707,281.000,620.388,400.034,0.885254,detected
199,6.639973,near,1,537.000,581.000,2.289560,10.684152,466.432,429.642,599.391,600.734,0.924316,detected
199,6.639973,far,2,584.000,386.000,2.189225,0.000000,542.545,281.000,622.019,399.999,0.886230,detected
200,6.673340,near,1,530.000,586.000,2.239621,10.852646,458.132,429.321,592.802,603.286,0.906738,detected
200,6.673340,far,2,584.000,386.000,2.189225,0.000000,543.601,281.000,623.110,399.997,0.893066,detected
201,6.706707,near,1,525.000,588.000,2.200269,10.919743,450.952,429.723,586.814,604.289,0.921875,detected
201,6.706707,far,2,585.000,385.000,2.198156,0.000000,544.479,281.000,624.150,400.077,0.883301,detected
202,6.740073,near,1,520.000,590.000,2.161154,10.986436,444.527,430.828,582.435,606.093,0.928223,detected
202,6.740073,far,2,586.000,385.000,2.210882,0.000000,545.127,281.000,625.043,400.329,0.894531,detected
203,6.773440,near,1,515.000,592.000,2.122274,11.052730,438.826,432.965,579.654,609.602,0.927734,detected
203,6.773440,far,2,588.000,384.000,2.232632,0.000000,547.055,281.000,626.782,400.290,0.893066,detected
204,6.806807,near,1,512.000,597.000,2.109510,11.215050,433.706,435.344,579.417,615.855,0.923828,detected
204,6.806807,far,2,589.000,383.000,2.241694,0.000000,549.893,281.000,629.264,399.925,0.888184,detected
205,6.840174,near,1,513.000,605.000,2.139825,11.468876,427.384,437.654,576.772,619.333,0.927734,detected
205,6.840174,far,2,594.000,382.000,2.302035,0.000000,552.996,281.052,631.809,399.651,0.874512,detected
206,6.873540,near,1,510.000,606.000,2.116474,11.500731,421.251,438.405,574.246,621.337,0.925293,detected
206,6.873540,far,2,598.000,381.000,2.349804,0.000000,555.655,281.010,633.767,398.772,0.881836,detected
207,6.906907,near,1,507.000,604.000,2.084998,11.438484,415.998,440.933,569.822,622.057,0.925293,detected
207,6.906907,far,2,601.000,381.000,2.388326,0.000000,558.624,281.000,637.862,400.372,0.895020,detected
208,6.940274,near,1,502.000,604.000,2.041535,11.439349,414.435,441.749,568.602,622.137,0.927246,detected
208,6.940274,far,2,605.000,383.000,2.446259,0.000000,562.055,281.000,642.362,400.693,0.896484,detected
209,6.973640,near,1,499.000,605.000,2.018299,11.471290,415.990,440.835,570.967,622.546,0.928223,detected
209,6.973640,far,2,609.000,389.000,2.516136,0.000000,565.786,281.000,648.894,403.367,0.887695,detected
210,7.007007,near,1,499.000,605.000,2.018299,11.471290,417.398,438.710,573.040,622.098,0.927246,detected
210,7.007007,far,2,613.000,393.000,2.578462,0.151516,569.629,281.060,654.986,405.426,0.893066,detected
211,7.040374,near,1,500.000,603.000,2.021316,11.408183,417.604,435.354,575.000,621.891,0.928711,detected
211,7.040374,far,2,615.000,394.000,2.606385,0.238277,572.379,282.492,658.126,406.414,0.888184,detected
212,7.073740,near,1,501.000,601.000,2.024352,11.344709,417.728,431.620,576.483,621.221,0.926270,detected
212,7.073740,far,2,616.000,395.000,2.621718,0.325245,573.193,284.881,658.521,406.702,0.898926,detected
213,7.107107,near,1,504.000,600.000,2.047732,11.312395,417.256,428.239,577.212,621.218,0.923828,detected
213,7.107107,far,2,615.000,395.000,2.609241,0.325805,573.065,286.566,658.326,406.718,0.901855,detected
214,7.140474,near,1,508.000,599.000,2.079939,11.279808,419.754,426.056,578.905,620.356,0.921387,detected
214,7.140474,far,2,614.000,397.000,2.602492,0.500334,570.861,284.399,658.523,406.990,0.906738,detected
215,7.173841,near,1,514.000,596.000,2.124362,11.182527,427.468,424.689,584.487,619.441,0.917480,detected
215,7.173841,far,2,613.000,397.000,2.590068,0.500889,568.794,282.455,658.611,407.290,0.900391,detected
216,7.207207,near,1,521.000,597.000,2.188563,11.213451,439.460,425.261,592.070,618.513,0.917480,detected
216,7.207207,far,2,608.000,396.000,2.524939,0.416872,565.830,281.498,656.486,407.600,0.901855,detected
217,7.240574,near,1,525.000,601.000,2.233922,11.340509,447.107,426.371,596.500,618.995,0.917969,detected
217,7.240574,far,2,604.000,395.000,2.472024,0.331963,563.347,281.272,654.663,408.477,0.905273,detected
218,7.273941,near,1,526.000,602.000,2.245181,11.372046,452.327,427.742,599.510,619.738,0.918457,detected
218,7.273941,far,2,604.000,396.000,2.475151,0.419101,563.782,281.050,655.896,409.148,0.898926,detected
219,7.307307,near,1,529.000,603.000,2.273827,11.403145,455.665,428.004,601.208,619.728,0.918945,detected
219,7.307307,far,2,605.000,398.000,2.493761,0.591749,564.029,281.000,657.364,410.373,0.898438,detected
220,7.340674,near,1,532.000,605.000,2.304820,11.465598,458.812,427.553,604.130,619.999,0.924316,detected
220,7.340674,far,2,605.000,404.000,2.511951,1.102927,564.208,281.155,660.603,414.760,0.903809,detected
221,7.374041,near,1,531.000,598.000,2.278909,11.243760,459.979,425.416,606.009,619.810,0.918457,detected
221,7.374041,far,2,605.000,407.000,2.520881,1.353874,563.577,282.135,661.934,418.218,0.897461,detected
222,7.407407,near,1,535.000,594.000,2.304211,11.114136,461.310,422.718,606.292,616.626,0.916016,detected
222,7.407407,far,2,604.000,408.000,2.511688,1.437375,562.950,284.402,661.656,420.500,0.883789,detected
223,7.440774,near,1,539.000,589.000,2.327369,10.950119,464.873,420.225,608.324,613.705,0.912598,detected
223,7.440774,far,2,605.000,411.000,2.532622,1.683782,565.927,287.458,663.325,422.949,0.891602,detected
224,7.474141,near,1,545.000,587.000,2.375973,10.883017,472.495,418.889,612.351,610.482,0.921875,detected
224,7.474141,far,2,605.000,409.000,2.526775,1.519491,568.349,291.013,663.195,424.892,0.890137,detected
225,7.507508,near,1,552.000,581.000,2.424547,10.681321,482.537,417.997,616.265,605.155,0.914551,detected
225,7.507508,far,2,605.000,409.000,2.526775,1.519491,569.709,294.187,661.508,425.502,0.897949,detected
226,7.540874,near,1,562.000,580.000,2.512365,10.645677,491.581,418.137,620.615,601.893,0.924805,detected
226,7.540874,far,2,606.000,408.000,2.535981,1.436323,571.011,296.848,659.728,425.386,0.876465,detected
227,7.574241,near,1,571.000,577.000,2.587245,10.542071,503.448,418.875,628.447,596.856,0.922852,detected
227,7.574241,far,2,604.000,410.000,2.517606,1.602322,570.195,299.805,655.437,425.573,0.872070,detected
228,7.607608,near,1,584.000,576.000,2.703105,10.505399,515.366,419.841,638.919,593.893,0.922852,detected
228,7.607608,far,2,604.000,412.000,2.523478,1.765951,570.193,301.357,652.914,425.377,0.878418,detected
229,7.640974,near,1,590.000,580.000,2.764919,10.640368,524.456,421.813,648.716,595.054,0.928223,detected
229,7.640974,far,2,604.000,410.000,2.517606,1.602322,570.568,301.157,652.159,425.405,0.874512,detected
230,7.674341,near,1,594.000,581.000,2.802784,10.673390,530.265,423.701,654.368,595.836,0.918945,detected
230,7.674341,far,2,605.000,411.000,2.532622,1.683782,570.920,300.677,651.661,425.598,0.872559,detected
231,7.707708,near,1,595.000,580.000,2.810037,10.639421,535.191,425.343,658.157,595.760,0.922852,detected
231,7.707708,far,2,606.000,409.000,2.538898,1.518967,571.278,298.957,651.814,425.568,0.874512,detected
232,7.741074,near,1,597.000,581.000,2.829816,10.672824,537.494,426.022,660.379,596.650,0.914062,detected
232,7.741074,far,2,608.000,407.000,2.557396,1.352288,571.839,296.505,651.442,423.759,0.876953,detected
233,7.774441,near,1,596.000,581.000,2.820805,10.673013,537.507,424.474,661.093,596.162,0.912598,detected
233,7.774441,far,2,611.000,406.000,2.591097,1.267376,574.197,294.412,652.269,421.275,0.878418,detected
234,7.807808,near,1,596.000,581.000,2.820805,10.673013,536.845,421.106,662.247,596.014,0.909668,detected
234,7.807808,far,2,613.000,407.000,2.618262,1.349644,576.745,292.752,653.765,419.537,0.881836,detected
235,7.841175,near,1,594.000,580.000,2.801013,10.639610,535.091,416.732,663.055,596.271,0.914062,detected
235,7.841175,far,2,615.000,403.000,2.631669,1.013208,579.641,291.485,655.495,417.389,0.886719,detected
236,7.874541,near,1,591.000,579.000,2.772125,10.606300,533.307,410.309,663.953,595.269,0.915527,detected
236,7.874541,far,2,616.000,405.000,2.649387,1.181043,582.990,291.439,656.704,413.879,0.862305,detected
237,7.907908,near,1,585.000,575.000,2.710260,10.470922,530.426,407.606,658.726,591.832,0.907715,detected
237,7.907908,far,2,619.000,409.000,2.696525,1.512157,585.455,291.647,659.349,413.793,0.874023,detected
238,7.941275,near,1,579.000,573.000,2.651702,10.403212,526.304,396.309,658.870,590.672,0.875977,detected
238,7.941275,far,2,620.000,396.000,2.674346,0.410185,588.431,291.659,661.054,410.569,0.853027,detected
239,7.974641,near,1,574.000,569.000,2.597730,10.265203,529.522,401.396,655.755,588.735,0.889160,detected
239,7.974641,far,2,620.000,405.000,2.698290,1.178907,588.332,290.805,662.528,411.982,0.868652,detected
240,8.008008,near,1,570.000,574.000,2.571809,10.439444,532.516,404.013,655.996,589.305,0.904785,detected
240,8.008008,far,2,621.000,407.000,2.715670,1.345413,588.298,290.498,663.856,413.727,0.881348,detected
241,8.041375,near,1,570.000,577.000,2.578186,10.542263,534.296,399.077,659.858,590.122,0.884766,detected
241,8.041375,far,2,623.000,408.000,2.742538,1.427375,588.220,290.107,664.908,415.327,0.876953,detected
242,8.074741,near,1,570.000,577.000,2.578186,10.542263,541.128,407.916,660.364,590.445,0.896484,detected
242,8.074741,far,2,624.000,406.000,2.749707,1.260468,589.898,289.685,666.345,415.101,0.879395,detected
243,8.108108,near,1,571.000,577.000,2.587245,10.542071,544.112,412.565,659.759,590.187,0.902832,detected
243,8.108108,far,2,626.000,408.000,2.779002,1.425796,591.463,289.321,668.153,416.436,0.884277,detected
244,8.141475,near,1,571.000,576.000,2.585139,10.507900,545.653,416.241,658.659,589.828,0.902344,detected
244,8.141475,far,2,628.000,405.000,2.796115,1.174635,593.185,287.572,670.170,417.086,0.874023,detected
245,8.174842,near,1,570.000,577.000,2.578186,10.542263,546.300,418.318,657.738,589.287,0.904297,detected
245,8.174842,far,2,628.000,406.000,2.798524,1.258341,593.758,284.671,671.222,417.262,0.885742,detected
246,8.208208,near,1,569.000,577.000,2.569127,10.542455,545.886,419.787,656.483,588.966,0.903809,detected
246,8.208208,far,2,628.000,406.000,2.798524,1.258341,594.184,282.529,672.177,418.026,0.886719,detected
247,8.241575,near,1,569.000,575.000,2.564855,10.474013,545.184,419.947,655.593,588.294,0.895508,detected
247,8.241575,far,2,628.000,401.000,2.786380,0.836389,594.654,281.311,671.599,416.502,0.884766,detected
248,8.274942,near,1,569.000,573.000,2.560557,10.405158,545.475,421.200,654.624,586.917,0.900391,detected
248,8.274942,far,2,628.000,401.000,2.786380,0.836389,593.984,281.000,670.724,416.960,0.888184,detected
249,8.308308,near,1,570.000,574.000,2.571809,10.439444,544.190,421.999,652.694,586.716,0.896484,detected
249,8.308308,far,2,627.000,397.000,2.764054,0.493123,594.821,281.000,669.235,413.340,0.882324,detected
250,8.341675,near,1,569.000,574.000,2.562709,10.439637,543.151,422.483,650.767,586.092,0.902832,detected
250,8.341675,far,2,626.000,404.000,2.769188,1.091662,592.899,281.000,668.834,417.143,0.896973,detected
251,8.375042,near,1,568.000,574.000,2.553610,10.439832,542.402,422.491,649.515,586.027,0.893066,detected
251,8.375042,far,2,624.000,407.000,2.752205,1.343826,591.902,281.000,668.105,418.833,0.893066,detected
252,8.408408,near,1,569.000,574.000,2.562709,10.439637,542.647,422.683,648.794,585.596,0.895020,detected
252,8.408408,far,2,621.000,403.000,2.705321,1.009975,591.425,281.245,667.316,419.830,0.888184,detected
253,8.441775,near,1,569.000,574.000,2.562709,10.439637,542.560,422.374,647.836,585.169,0.894043,detected
253,8.441775,far,2,621.000,406.000,2.713099,1.262062,591.620,282.957,666.327,420.343,0.879883,detected
254,8.475142,near,1,569.000,571.000,2.556233,10.335885,542.846,421.094,647.155,583.887,0.897949,detected
254,8.475142,far,2,621.000,407.000,2.715670,1.345413,592.334,286.322,665.005,420.525,0.875977,detected
255,8.508509,near,1,569.000,570.000,2.554062,10.301091,542.918,419.743,646.365,583.143,0.888672,detected
255,8.508509,far,2,620.000,408.000,2.706078,1.428954,591.730,289.181,663.077,421.149,0.885254,detected
256,8.541875,near,1,570.000,571.000,2.565375,10.335690,542.691,417.237,646.325,583.456,0.858398,detected
256,8.541875,far,2,619.000,406.000,2.688695,1.263125,590.643,290.455,661.209,421.369,0.884277,detected
257,8.575242,near,1,570.000,570.000,2.563217,10.300895,539.960,414.883,642.739,584.158,0.785156,detected
257,8.575242,far,2,618.000,405.000,2.673838,1.179975,590.009,289.842,659.888,420.009,0.869141,detected
258,8.608609,near,1,573.000,569.000,2.588560,10.265401,538.776,411.604,641.816,585.428,0.755859,detected
258,8.608609,far,2,617.000,398.000,2.642539,0.585126,591.130,288.094,659.193,414.918,0.864746,detected
259,8.641975,near,1,576.000,566.000,2.609788,10.159453,534.146,407.993,636.989,586.482,0.884277,detected
259,8.641975,far,2,615.000,399.000,2.620547,0.672327,592.195,285.330,660.617,413.356,0.873535,detected
260,8.675342,near,1,581.000,559.000,2.641466,9.908804,535.746,402.864,635.425,581.727,0.879395,detected
260,8.675342,far,2,615.000,396.000,2.612085,0.412972,594.107,283.675,661.338,409.593,0.854980,detected
261,8.708709,near,1,586.000,560.000,2.690036,9.943775,538.537,399.233,636.100,578.762,0.898438,detected
261,8.708709,far,2,616.000,396.000,2.624537,0.412415,596.589,283.488,663.299,409.057,0.861328,detected
262,8.742075,near,1,591.000,561.000,2.738462,9.978643,542.255,402.689,637.138,580.749,0.890137,detected
262,8.742075,far,2,619.000,395.000,2.659152,0.323565,598.748,283.075,665.064,408.822,0.824219,detected
263,8.775442,near,1,597.000,564.000,2.799670,10.084448,548.368,404.924,641.659,580.973,0.910645,detected
263,8.775442,far,2,623.000,395.000,2.709069,0.321325,601.369,282.292,667.302,408.695,0.873047,detected
264,8.808809,near,1,603.000,561.000,2.849920,9.976196,556.231,407.093,648.062,578.521,0.914062,detected
264,8.808809,far,2,627.000,393.000,2.753891,0.143599,604.752,281.442,670.676,409.389,0.862305,detected
265,8.842176,near,1,608.000,563.000,2.899719,10.046656,563.737,410.812,655.653,577.328,0.916016,detected
265,8.842176,far,2,632.000,391.000,2.811681,0.000000,609.408,281.000,674.876,409.533,0.868164,detected
266,8.875542,near,1,612.000,564.000,2.938380,10.081424,569.603,412.791,664.242,578.064,0.897461,detected
266,8.875542,far,2,633.000,396.000,2.836274,0.402938,612.357,281.000,676.901,409.185,0.868652,detected
267,8.908909,near,1,617.000,573.000,2.998268,10.395811,571.162,415.810,671.588,585.524,0.920898,detected
267,8.908909,far,2,640.000,390.000,2.910154,0.000000,613.042,281.000,676.991,409.924,0.865234,detected
268,8.942276,near,1,619.000,576.000,3.020900,10.498659,570.443,417.765,674.896,589.134,0.917969,detected
268,8.942276,far,2,646.000,392.000,2.990040,0.044505,619.210,281.000,682.761,408.873,0.695312,detected
269,8.975642,near,1,621.000,576.000,3.039068,10.498274,570.426,418.913,677.953,590.920,0.923340,detected
269,8.975642,far,2,647.000,387.000,2.992250,0.000000,624.602,281.000,687.470,407.280,0.860352,detected
270,9.009009,near,1,622.000,576.000,3.048153,10.498081,570.372,420.313,680.101,591.993,0.929199,detected
270,9.009009,far,2,654.000,388.000,3.083069,0.000000,632.312,281.000,694.822,405.342,0.880859,detected
271,9.042376,near,1,624.000,577.000,3.067707,10.531905,571.117,421.666,682.233,592.365,0.931641,detected
271,9.042376,far,2,658.000,383.000,3.124725,0.000000,640.827,281.000,700.347,399.341,0.598145,detected
272,9.075742,near,1,627.000,576.000,3.093579,10.497118,573.010,422.854,684.663,592.043,0.925293,detected
272,9.075742,far,2,660.000,381.000,3.146785,0.000000,642.837,281.000,700.979,396.470,0.619629,detected
273,9.109109,near,1,630.000,574.000,3.118222,10.427802,576.434,424.051,687.542,591.461,0.922363,detected
273,9.109109,far,,659.000,380.000,3.132094,0.000000,,,,,0.000000,tracked
274,9.142476,near,1,637.000,573.000,3.180807,10.391913,580.956,424.677,691.639,591.215,0.914062,detected
274,9.142476,far,,659.000,379.000,3.130264,0.000000,,,,,0.000000,tracked
275,9.175843,near,1,641.000,573.000,3.217326,10.391133,586.102,425.303,695.532,590.960,0.894043,detected
275,9.175843,far,,659.000,378.000,3.128425,0.000000,,,,,0.000000,tracked
276,9.209209,near,1,645.000,575.000,3.256061,10.459320,584.430,425.646,694.541,591.560,0.889160,detected
276,9.209209,far,,659.000,377.000,3.126579,0.000000,,,,,0.000000,tracked
277,9.242576,near,1,643.000,574.000,3.236722,10.425278,583.361,426.169,694.421,591.912,0.909668,detected
277,9.242576,far,,659.000,376.000,3.124725,0.000000,,,,,0.000000,tracked
278,9.275943,near,1,642.000,574.000,3.227606,10.425471,585.065,426.334,698.932,592.598,0.905273,detected
278,9.275943,far,,659.000,375.000,3.122863,0.000000,,,,,0.000000,tracked
279,9.309309,near,1,640.000,572.000,3.207017,10.356691,589.469,427.576,704.106,593.551,0.905762,detected
279,9.309309,far,,659.000,375.000,3.122863,0.000000,,,,,0.000000,tracked
280,9.342676,near,1,640.000,574.000,3.209373,10.425860,587.196,429.509,702.998,594.177,0.904785,detected
280,9.342676,far,,659.000,375.000,3.122863,0.000000,,,,,0.000000,tracked
281,9.376043,near,1,637.000,575.000,3.183239,10.460869,582.297,431.632,698.874,594.107,0.918945,detected
281,9.376043,far,,659.000,374.000,3.120992,0.000000,,,,,0.000000,tracked
282,9.409409,near,1,634.000,578.000,3.159677,10.564099,578.234,434.394,696.682,595.205,0.925293,detected
282,9.409409,far,,659.000,374.000,3.120992,0.000000,,,,,0.000000,tracked
283,9.442776,near,1,630.000,580.000,3.126022,10.632780,572.384,437.100,694.959,599.032,0.919434,detected
283,9.442776,far,,,,,,,,,,0.000000,missing
284,9.476143,near,1,629.000,587.000,3.126009,10.867502,566.908,442.969,693.886,605.554,0.931152,detected
284,9.476143,far,,,,,,,,,,0.000000,missing
285,9.509510,near,1,625.000,595.000,3.100756,11.130374,563.590,447.398,694.727,610.247,0.931152,detected
285,9.509510,far,,,,,,,,,,0.000000,missing
286,9.542876,near,1,624.000,597.000,3.094535,11.195129,562.008,453.328,694.255,612.381,0.937500,detected
286,9.542876,far,,,,,,,,,,0.000000,missing
287,9.576243,near,1,626.000,596.000,3.110871,11.162531,561.965,459.346,694.123,612.958,0.933594,detected
287,9.576243,far,2,729.000,369.000,4.037141,0.000000,688.644,281.000,771.455,379.672,0.897949,detected
288,9.609610,near,1,627.000,597.000,3.120958,11.194594,561.135,462.551,695.214,613.663,0.926758,detected
288,9.609610,far,2,734.000,370.000,4.103095,0.000000,692.442,282.973,776.057,381.451,0.895020,detected
289,9.642976,near,1,627.000,597.000,3.120958,11.194594,559.910,464.260,696.561,613.857,0.927246,detected
289,9.642976,far,2,735.000,374.000,4.115190,0.000000,694.939,287.219,779.878,386.971,0.884277,detected
290,9.676343,near,1,630.000,599.000,3.149825,11.258268,560.895,464.774,700.827,613.290,0.914062,detected
290,9.676343,far,2,737.000,374.000,4.141390,0.000000,697.768,290.679,781.447,388.305,0.872070,detected
291,9.709710,near,1,634.000,601.000,3.187286,11.321401,562.230,464.062,707.059,613.312,0.932617,detected
291,9.709710,far,2,737.000,375.000,4.141057,0.000000,697.429,291.362,781.995,389.670,0.891602,detected
292,9.743076,near,1,634.000,601.000,3.187286,11.321401,566.274,463.067,716.240,612.706,0.928711,detected
292,9.743076,far,2,737.000,375.000,4.141057,0.000000,698.473,292.139,783.086,390.540,0.875977,detected
293,9.776443,near,1,636.000,601.000,3.204803,11.321050,566.647,460.899,722.480,612.724,0.929199,detected
293,9.776443,far,2,739.000,373.000,4.167985,0.000000,702.189,295.411,783.339,389.809,0.865234,detected
294,9.809810,near,1,638.000,601.000,3.222320,11.320699,564.124,457.832,725.116,612.985,0.927734,detected
294,9.809810,far,2,741.000,374.000,4.193798,0.000000,704.564,295.881,784.478,389.553,0.784180,detected
295,9.843177,near,1,643.000,601.000,3.266119,11.319821,562.628,454.589,727.261,613.058,0.927734,detected
295,9.843177,far,2,747.000,374.000,4.272423,0.000000,707.288,293.102,788.014,389.437,0.835449,detected
296,9.876543,near,1,643.000,600.000,3.265071,11.287941,560.838,451.429,727.943,613.061,0.917969,detected
296,9.876543,far,2,748.000,375.000,4.284883,0.000000,710.119,292.424,790.176,390.084,0.832031,detected
297,9.909910,near,1,644.000,598.000,3.271765,11.223725,561.806,448.175,730.394,612.759,0.912598,detected
297,9.909910,far,2,750.000,373.000,4.312448,0.000000,710.429,290.785,790.431,390.451,0.825684,detected
298,9.943277,near,1,646.000,598.000,3.289363,11.223371,563.024,444.127,733.074,612.343,0.921875,detected
298,9.943277,far,2,748.000,377.000,4.283601,0.000000,708.899,288.831,789.183,391.134,0.850098,detected
299,9.976643,near,1,649.000,596.000,3.313798,11.158418,564.498,439.656,735.952,612.028,0.923828,detected
299,9.976643,far,2,746.000,375.000,4.258729,0.000000,706.278,287.555,785.554,391.168,0.822266,detected
300,10.010010,near,1,650.000,598.000,3.324561,11.222660,567.105,436.777,738.701,612.591,0.927246,detected
300,10.010010,far,2,742.000,376.000,4.205952,0.000000,703.411,285.066,781.368,390.389,0.775879,detected
301,10.043377,near,1,654.000,598.000,3.359762,11.221951,570.544,434.518,740.864,612.797,0.928711,detected
301,10.043377,far,2,741.000,375.000,4.193351,0.000000,701.445,282.843,778.296,390.319,0.819824,detected
302,10.076743,near,1,656.000,598.000,3.377365,11.221595,574.554,433.271,742.683,613.283,0.924805,detected
302,10.076743,far,2,736.000,380.000,4.126478,0.000000,700.013,281.445,776.058,391.851,0.857910,detected
303,10.110110,near,1,658.000,600.000,3.396689,11.285297,578.451,432.420,744.274,614.716,0.930664,detected
303,10.110110,far,2,733.000,383.000,4.087043,0.000000,700.280,281.065,776.009,394.793,0.851074,detected
304,10.143477,near,1,661.000,602.000,3.424653,11.348459,583.476,432.977,745.711,616.651,0.926270,detected
304,10.143477,far,2,730.000,385.000,4.048240,0.000000,701.360,281.000,778.315,399.728,0.856934,detected
305,10.176844,near,1,665.000,602.000,3.459660,11.347758,590.046,434.288,746.537,617.098,0.923828,detected
305,10.176844,far,2,730.000,386.000,4.048111,0.000000,702.257,281.000,779.807,403.199,0.861328,detected
306,10.210210,near,1,667.000,601.000,3.476425,11.315606,595.361,435.752,746.023,617.246,0.912598,detected
306,10.210210,far,2,727.000,393.000,4.009486,0.086935,702.356,281.000,781.716,408.250,0.879883,detected
307,10.243577,near,1,668.000,601.000,3.485191,11.315431,598.892,436.625,744.299,616.715,0.901367,detected
307,10.243577,far,2,724.000,394.000,3.971786,0.176827,701.632,281.000,780.995,410.042,0.859375,detected
308,10.276944,near,1,668.000,603.000,3.486643,11.378945,597.336,437.546,739.576,617.060,0.925781,detected
308,10.276944,far,2,722.000,397.000,3.946936,0.440325,702.380,281.000,781.840,410.963,0.872070,detected
309,10.310310,near,1,667.000,603.000,3.477903,11.379120,596.433,437.202,736.691,617.032,0.916016,detected
309,10.310310,far,2,721.000,396.000,3.934355,0.353789,701.379,281.000,780.647,411.678,0.862793,detected
310,10.343677,near,1,667.000,602.000,3.477165,11.347408,595.779,436.305,734.821,616.865,0.924805,detected
310,10.343677,far,2,718.000,400.000,3.897605,0.701659,700.324,281.000,779.145,412.037,0.868164,detected
311,10.377044,near,1,666.000,603.000,3.469163,11.379293,593.601,434.564,732.005,615.940,0.922852,detected
311,10.377044,far,2,718.000,403.000,3.898152,0.957597,697.696,281.000,777.406,414.917,0.885742,detected
312,10.410410,near,1,665.000,601.000,3.458895,11.315957,592.153,432.858,730.793,616.144,0.927246,detected
312,10.410410,far,2,716.000,406.000,3.874208,1.211492,695.258,281.036,776.496,418.965,0.891602,detected
313,10.443777,near,1,665.000,597.000,3.455810,11.187822,589.643,431.104,728.458,615.651,0.918945,detected
313,10.443777,far,2,716.000,409.000,3.874890,1.461250,692.621,281.203,775.625,423.735,0.880371,detected
314,10.477144,near,1,664.000,595.000,3.445413,11.123372,587.735,427.922,726.665,613.764,0.935059,detected
314,10.477144,far,2,714.000,411.000,3.851102,1.627127,692.797,282.793,776.308,426.637,0.889648,detected
315,10.510511,near,1,663.000,592.000,3.434143,11.025898,587.507,425.895,724.501,610.787,0.934082,detected
315,10.510511,far,2,711.000,410.000,3.814402,1.546449,692.146,286.209,774.542,428.528,0.867188,detected
316,10.543877,near,1,660.000,589.000,3.404934,10.927930,585.882,423.889,720.556,607.814,0.918457,detected
316,10.543877,far,2,709.000,415.000,3.792079,1.955399,687.719,288.803,769.063,431.699,0.842285,detected
317,10.577244,near,1,657.000,588.000,3.377277,10.895452,584.391,422.252,716.137,604.579,0.914062,detected
317,10.577244,far,2,709.000,412.000,3.790907,1.711637,681.937,293.214,761.011,436.200,0.831055,detected
318,10.610611,near,1,653.000,586.000,3.339638,10.829841,583.035,420.901,711.326,601.252,0.916504,detected
318,10.610611,far,2,709.000,417.000,3.792852,2.116298,675.808,295.375,751.222,437.700,0.794922,detected
319,10.643977,near,1,649.000,582.000,3.299733,10.696710,582.157,420.586,706.673,598.186,0.922363,detected
319,10.643977,far,2,707.000,426.000,3.772731,2.825808,680.049,300.398,752.852,438.672,0.719238,detected
320,10.677344,near,1,647.000,582.000,3.281714,10.697087,589.544,420.950,709.747,597.515,0.880371,detected
320,10.677344,far,2,707.000,420.000,3.770197,2.356267,674.491,303.342,743.156,438.790,0.805664,detected
321,10.710711,near,1,642.000,587.000,3.242228,10.865098,592.555,422.770,710.145,600.031,0.889160,detected
321,10.710711,far,2,706.000,421.000,3.758746,2.435790,671.513,304.240,737.706,438.891,0.854004,detected
322,10.744077,near,1,640.000,588.000,3.225474,10.898584,588.701,424.764,704.638,601.300,0.869141,detected
322,10.744077,far,2,703.000,418.000,3.721550,2.199293,667.822,303.305,732.720,438.574,0.860840,detected
323,10.777444,near,1,638.000,590.000,3.209917,10.964889,584.645,427.894,699.344,602.955,0.888184,detected
323,10.777444,far,2,699.000,418.000,3.673767,2.201308,662.604,297.222,729.184,438.039,0.854980,detected
324,10.810811,near,1,637.000,589.000,3.199856,10.932153,589.791,431.369,700.463,603.602,0.835449,detected
324,10.810811,far,2,696.000,417.000,3.637242,2.122878,659.722,294.430,726.689,437.872,0.854004,detected
325,10.844178,near,1,635.000,593.000,3.186755,11.063610,584.884,433.171,695.199,603.861,0.901855,detected
325,10.844178,far,2,691.000,420.000,3.579831,2.364252,656.265,292.210,723.805,438.245,0.877930,detected
326,10.877544,near,1,635.000,591.000,3.184399,10.998258,581.197,433.824,691.732,603.967,0.915039,detected
326,10.877544,far,2,689.000,421.000,3.556890,2.444235,653.302,289.816,721.176,437.998,0.846680,detected
327,10.910911,near,1,634.000,589.000,3.173115,10.932704,576.806,431.686,688.981,603.585,0.897461,detected
327,10.910911,far,2,687.000,420.000,3.532255,2.366248,650.827,288.412,718.349,437.096,0.864746,detected
328,10.944278,near,1,633.000,582.000,3.155608,10.699725,571.058,426.964,685.353,602.170,0.896973,detected
328,10.944278,far,2,685.000,420.000,3.508470,2.367246,648.888,287.746,716.221,436.852,0.747559,detected
329,10.977644,near,1,629.000,579.000,3.115686,10.599064,565.011,422.499,680.084,599.386,0.913574,detected
329,10.977644,far,2,683.000,420.000,3.484686,2.368244,651.745,286.807,721.024,437.155,0.762695,detected
330,11.011011,near,1,623.000,577.000,3.058635,10.532097,559.647,416.218,676.212,597.208,0.913574,detected
330,11.011011,far,2,682.000,419.000,3.471780,2.289462,647.291,287.170,716.217,437.529,0.893066,detected
331,11.044378,near,1,617.000,570.000,2.993763,10.291637,555.578,409.517,671.332,591.912,0.916992,detected
331,11.044378,far,2,682.000,418.000,3.470762,2.209869,645.565,287.120,714.560,437.648,0.895020,detected
332,11.077744,near,1,608.000,562.000,2.898047,10.010971,552.752,402.914,665.302,583.573,0.921387,detected
332,11.077744,far,2,680.000,419.000,3.447952,2.290465,646.563,287.894,715.835,437.461,0.898926,detected
333,11.111111,near,1,599.000,553.000,2.798121,9.686700,549.990,397.209,659.251,576.608,0.909180,detected
333,11.111111,far,2,677.000,419.000,3.412213,2.291968,647.555,288.488,717.588,437.368,0.895508,detected
334,11.144478,near,1,589.000,546.000,2.689941,9.428833,548.352,392.880,654.391,571.931,0.912598,detected
334,11.144478,far,2,676.000,418.000,3.399141,2.212889,649.132,290.425,719.460,436.395,0.910156,detected
335,11.177845,near,1,583.000,543.000,2.626484,9.316965,547.041,390.786,648.952,567.286,0.908203,detected
335,11.177845,far,2,673.000,419.000,3.364566,2.293972,652.529,291.882,723.219,436.294,0.834961,detected
336,11.211211,near,1,574.000,549.000,2.554163,9.544149,543.717,389.832,643.145,565.075,0.895020,detected
336,11.211211,far,2,670.000,418.000,3.327534,2.215909,651.878,292.495,724.341,436.890,0.901367,detected
337,11.244578,near,1,564.000,552.000,2.466758,9.657286,540.418,389.724,638.711,564.787,0.896484,detected
337,11.244578,far,2,664.000,422.000,3.261676,2.535263,651.302,293.144,725.140,437.175,0.905273,detected
338,11.277945,near,1,562.000,552.000,2.447939,9.657707,539.285,389.209,636.914,564.926,0.896484,detected
338,11.277945,far,2,663.000,424.000,3.252718,2.692066,649.292,294.375,723.861,437.629,0.908691,detected
339,11.311311,near,1,561.000,552.000,2.438529,9.657918,538.788,388.354,635.707,564.928,0.895996,detected
339,11.311311,far,2,663.000,423.000,3.251281,2.614064,646.971,293.900,722.704,437.718,0.901855,detected
340,11.344678,near,1,561.000,550.000,2.433682,9.584038,539.000,386.551,635.088,564.020,0.894043,detected
340,11.344678,far,2,662.000,424.000,3.240928,2.692555,644.379,292.714,721.198,437.884,0.903809,detected
341,11.378045,near,1,560.000,551.000,2.426685,9.621247,538.789,384.314,634.795,564.035,0.897461,detected
341,11.378045,far,2,663.000,424.000,3.252718,2.692066,641.248,290.701,719.444,438.078,0.901367,detected
342,11.411411,near,1,560.000,546.000,2.414397,9.435095,538.040,383.750,633.274,562.976,0.914062,detected
342,11.411411,far,2,661.000,424.000,3.229137,2.693044,638.338,288.032,717.184,437.720,0.890625,detected
343,11.444778,near,1,558.000,538.000,2.375092,9.131521,536.355,383.688,630.887,561.507,0.911621,detected
343,11.444778,far,2,661.000,422.000,3.226165,2.536744,635.371,286.036,714.885,437.857,0.900391,detected
344,11.478145,near,1,557.000,540.000,2.370631,9.208468,534.951,384.414,628.655,559.595,0.906738,detected
344,11.478145,far,2,658.000,420.000,3.187524,2.380709,633.529,284.656,712.557,436.919,0.893066,detected
345,11.511512,near,1,555.000,541.000,2.354053,9.247088,532.674,386.326,625.747,557.799,0.910645,detected
345,11.511512,far,2,657.000,419.000,3.174042,2.301985,631.297,284.009,709.353,435.707,0.896484,detected
346,11.544878,near,1,554.000,540.000,2.341870,9.209131,530.859,388.965,622.074,555.186,0.905273,detected
346,11.544878,far,2,654.000,416.000,3.133280,2.063956,628.969,284.000,706.330,435.739,0.893066,detected
347,11.578245,near,1,554.000,540.000,2.341870,9.209131,529.773,386.378,622.474,553.422,0.902832,detected
347,11.578245,far,2,651.000,415.000,3.095591,1.985007,626.512,286.141,701.789,434.410,0.890137,detected
348,11.611612,near,1,554.000,539.000,2.339250,9.170833,527.572,383.561,621.412,551.830,0.899414,detected
348,11.611612,far,2,648.000,418.000,3.065100,2.226976,623.879,289.483,697.913,435.764,0.886230,detected
349,11.644978,near,1,553.000,534.000,2.316346,8.977722,525.448,382.576,618.763,549.734,0.916016,detected
349,11.644978,far,2,648.000,419.000,3.066917,2.306491,622.537,292.738,695.116,436.418,0.895020,detected
350,11.678345,near,1,552.000,534.000,2.306668,8.977948,522.127,385.538,612.735,548.731,0.911133,detected
350,11.678345,far,2,648.000,420.000,3.068728,2.385692,621.250,296.673,691.728,436.377,0.893555,detected
351,11.711712,near,1,550.000,536.000,2.292751,9.056100,518.546,387.094,607.235,548.292,0.906250,detected
351,11.711712,far,2,648.000,419.000,3.066917,2.306491,619.397,298.912,688.700,435.998,0.891113,detected
352,11.745078,near,1,551.000,534.000,2.296989,8.978174,516.384,385.424,604.504,547.762,0.899414,detected
352,11.745078,far,2,648.000,420.000,3.068728,2.385692,618.473,299.629,687.273,435.930,0.875000,detected
353,11.778445,near,1,552.000,531.000,2.298537,8.860455,513.072,382.430,600.762,547.046,0.897461,detected
353,11.778445,far,2,648.000,419.000,3.066917,2.306491,616.784,300.286,685.233,435.043,0.888184,detected
354,11.811812,near,1,552.000,529.000,2.293072,8.781491,510.894,377.639,597.643,545.125,0.886230,detected
354,11.811812,far,2,645.000,417.000,3.027432,2.148663,614.474,300.921,682.870,433.995,0.881836,detected
355,11.845179,near,1,554.000,528.000,2.309871,8.741355,510.325,373.247,597.249,545.860,0.893555,detected
355,11.845179,far,2,644.000,416.000,3.013559,2.069032,613.053,300.974,681.714,432.028,0.900391,detected
356,11.878545,near,1,555.000,526.000,2.314221,8.661384,511.067,370.714,596.586,544.919,0.890137,detected
356,11.878545,far,2,641.000,413.000,2.971609,1.828248,611.456,300.162,680.218,428.931,0.890137,detected
357,11.911912,near,1,556.000,526.000,2.324026,8.661150,512.604,370.013,596.686,545.167,0.893066,detected
357,11.911912,far,2,641.000,411.000,2.967541,1.665093,608.679,297.880,678.547,426.290,0.896484,detected
358,11.945279,near,1,557.000,527.000,2.336515,8.700852,514.112,369.598,596.528,544.740,0.887695,detected
358,11.945279,far,2,642.000,410.000,2.977607,1.582503,606.605,295.154,677.976,424.990,0.882812,detected
359,11.978645,near,1,558.000,528.000,2.348964,8.740428,516.087,370.030,596.904,544.333,0.894531,detected
359,11.978645,far,2,645.000,408.000,3.010027,1.415788,605.784,290.858,679.089,423.830,0.887695,detected
360,12.012012,near,1,558.000,529.000,2.351615,8.780107,517.575,372.339,596.998,545.207,0.902832,detected
360,12.012012,far,2,648.000,407.000,3.044619,1.331125,601.203,286.076,677.675,423.783,0.903809,detected
361,12.045379,near,1,558.000,529.000,2.351615,8.780107,518.026,373.545,596.394,545.287,0.903320,detected
361,12.045379,far,2,647.000,404.000,3.026611,1.080390,598.116,282.675,675.792,422.395,0.894531,detected
362,12.078745,near,1,558.000,531.000,2.356891,8.859080,517.765,374.031,595.827,546.197,0.903320,detected
362,12.078745,far,2,644.000,403.000,2.987795,0.997571,595.545,281.125,672.652,420.562,0.886719,detected
363,12.112112,near,1,557.000,533.000,2.352438,8.937774,517.758,374.520,595.591,547.127,0.901367,detected
363,12.112112,far,2,640.000,400.000,2.932211,0.744397,592.916,281.000,668.157,418.698,0.864258,detected
364,12.145479,near,1,557.000,534.000,2.355062,8.976817,518.273,373.909,596.187,547.494,0.913086,detected
364,12.145479,far,2,636.000,396.000,2.873653,0.401265,592.056,281.000,663.633,414.130,0.853027,detected
365,12.178846,near,1,558.000,534.000,2.364742,8.976590,518.761,373.375,596.744,547.926,0.914062,detected
365,12.178846,far,2,633.000,394.000,2.831502,0.228145,592.101,281.000,660.601,411.091,0.825684,detected
366,12.212212,near,1,558.000,534.000,2.364742,8.976590,519.424,371.422,597.941,547.956,0.910156,detected
366,12.212212,far,2,631.000,394.000,2.806482,0.229271,592.905,281.000,658.863,409.310,0.825684,detected
367,12.245579,near,1,558.000,534.000,2.364742,8.976590,520.495,370.558,599.021,547.832,0.909668,detected
367,12.245579,far,2,629.000,393.000,2.778959,0.142467,593.042,281.000,657.390,408.500,0.840820,detected
368,12.278946,near,1,558.000,535.000,2.367342,9.015510,521.256,368.663,600.238,548.072,0.904297,detected
368,12.278946,far,2,627.000,392.000,2.751324,0.055308,590.375,281.000,653.969,407.404,0.824219,detected
369,12.312312,near,1,559.000,536.000,2.379583,9.054079,522.058,367.722,601.326,549.153,0.903809,detected
369,12.312312,far,2,626.000,391.000,2.736160,0.000000,588.912,281.000,652.735,407.848,0.836914,detected
370,12.345679,near,1,560.000,536.000,2.389232,9.053855,522.432,367.356,602.242,551.678,0.906250,detected
370,12.345679,far,2,624.000,391.000,2.710990,0.000000,587.243,281.000,651.254,407.281,0.867676,detected
371,12.379046,near,1,561.000,540.000,2.408983,9.207584,522.910,367.981,603.377,555.445,0.910645,detected
371,12.379046,far,2,621.000,391.000,2.673238,0.000000,586.346,281.000,650.835,407.335,0.825195,detected
372,12.412412,near,1,563.000,545.000,2.440456,9.396862,523.019,369.611,603.319,558.275,0.909180,detected
372,12.412412,far,2,620.000,389.000,2.655098,0.000000,582.296,281.000,648.250,407.685,0.866699,detected
373,12.445779,near,1,564.000,542.000,2.442661,9.283172,522.858,371.068,603.488,562.148,0.903320,detected
373,12.445779,far,2,618.000,387.000,2.624119,0.000000,581.512,281.000,648.102,407.286,0.840332,detected
374,12.479146,near,1,564.000,545.000,2.449970,9.396646,522.708,374.932,603.351,567.661,0.894043,detected
374,12.479146,far,2,617.000,386.000,2.608532,0.000000,577.266,281.000,644.160,405.175,0.884277,detected
375,12.512513,near,1,563.000,546.000,2.442892,9.434447,522.255,379.226,602.281,571.975,0.896484,detected
375,12.512513,far,2,614.000,383.000,2.561379,0.000000,573.516,281.121,640.392,403.128,0.870605,detected
376,12.545879,near,1,564.000,552.000,2.466758,9.657286,521.789,383.080,601.593,576.804,0.895020,detected
376,12.545879,far,2,608.000,381.000,2.478228,0.000000,570.618,281.000,636.633,398.668,0.854492,detected
377,12.579246,near,1,565.000,556.000,2.485540,9.803475,520.108,385.542,599.738,579.979,0.897461,detected
377,12.579246,far,2,604.000,376.000,2.410061,0.000000,566.114,281.000,629.872,393.073,0.874512,detected
378,12.612613,near,1,567.000,562.000,2.517914,10.019296,517.505,387.360,596.771,581.812,0.899414,detected
378,12.612613,far,2,598.000,373.000,2.321429,0.000000,560.859,281.000,623.898,391.171,0.854492,detected
379,12.645979,near,1,568.000,566.000,2.536098,10.161053,515.652,389.598,594.827,583.694,0.902832,detected
379,12.645979,far,2,591.000,372.000,2.226193,0.000000,554.577,281.000,617.634,390.851,0.854004,detected
380,12.679346,near,1,568.000,567.000,2.538311,10.196272,514.710,391.533,593.800,584.323,0.906738,detected
380,12.679346,far,2,585.000,373.000,2.151663,0.000000,550.187,281.000,613.357,390.155,0.862793,detected
381,12.712713,near,1,570.000,568.000,2.558881,10.230987,514.845,392.215,594.671,584.758,0.917480,detected
381,12.712713,far,2,584.000,375.000,2.146580,0.000000,546.482,281.000,611.263,391.774,0.881348,detected
382,12.746079,near,1,571.000,568.000,2.568064,10.230788,515.383,392.848,596.262,584.848,0.916992,detected
382,12.746079,far,2,575.000,369.000,2.003952,0.000000,542.126,281.008,608.291,392.133,0.879883,detected
383,12.779446,near,1,572.000,568.000,2.577247,10.230590,516.344,392.043,598.985,585.094,0.909180,detected
383,12.779446,far,2,572.000,375.000,1.990624,0.000000,534.919,281.042,603.313,392.103,0.896973,detected
384,12.812813,near,1,574.000,566.000,2.591364,10.159853,518.059,391.274,602.079,584.987,0.906738,detected
384,12.812813,far,2,567.000,376.000,1.930097,0.000000,529.666,281.058,600.573,392.061,0.880371,detected
385,12.846180,near,1,576.000,565.000,2.607682,10.124120,519.642,390.520,605.157,584.890,0.916504,detected
385,12.846180,far,2,564.000,376.000,1.891209,0.000000,524.057,281.068,597.490,391.866,0.893066,detected
386,12.879546,near,1,576.000,563.000,2.603449,10.053128,522.231,390.807,608.849,584.378,0.917480,detected
386,12.879546,far,2,561.000,377.000,1.856907,0.000000,521.189,281.002,596.262,391.324,0.868164,detected
387,12.912913,near,1,577.000,563.000,2.612704,10.052926,525.451,391.990,613.373,583.854,0.918945,detected
387,12.912913,far,2,559.000,376.000,1.826406,0.000000,515.824,281.000,592.685,391.008,0.877930,detected
388,12.946280,near,1,576.000,564.000,2.605569,10.088678,527.800,393.408,617.023,583.189,0.923828,detected
388,12.946280,far,2,557.000,376.000,1.800488,0.000000,509.181,281.000,587.705,389.954,0.841309,detected
389,12.979646,near,1,577.000,565.000,2.616908,10.123919,528.855,397.196,619.851,583.335,0.929688,detected
389,12.979646,far,2,556.000,376.000,1.787530,0.000000,506.925,281.010,586.773,389.694,0.886230,detected
390,13.013013,near,1,577.000,567.000,2.621087,10.194480,527.424,401.452,621.199,585.081,0.922852,detected
390,13.013013,far,2,557.000,376.000,1.800488,0.000000,509.387,281.025,589.701,389.945,0.903809,detected
391,13.046380,near,1,576.000,571.000,2.620226,10.334513,524.554,407.004,621.068,587.427,0.924805,detected
391,13.046380,far,2,556.000,375.000,1.782789,0.000000,510.439,281.000,590.928,389.884,0.852051,detected
392,13.079746,near,1,575.000,570.000,2.608994,10.299910,522.078,412.749,621.467,590.569,0.922852,detected
392,13.079746,far,2,558.000,375.000,1.808762,0.000000,512.158,281.000,592.570,389.598,0.860840,detected
393,13.113113,near,1,573.000,580.000,2.611561,10.643592,519.305,419.329,621.678,595.148,0.922363,detected
393,13.113113,far,2,560.000,378.000,1.848565,0.000000,514.122,281.057,594.912,390.223,0.888672,detected
394,13.146480,near,1,573.000,587.000,2.625809,10.877849,517.306,425.335,622.681,599.527,0.927734,detected
394,13.146480,far,2,564.000,377.000,1.895707,0.000000,518.071,281.048,598.398,390.012,0.895996,detected
395,13.179847,near,1,573.000,588.000,2.627820,10.910918,517.096,431.973,623.641,601.228,0.931152,detected
395,13.179847,far,2,569.000,376.000,1.956024,0.000000,522.889,281.045,602.767,390.017,0.881836,detected
396,13.213213,near,1,571.000,588.000,2.609995,10.911286,517.791,436.104,626.095,601.047,0.922363,detected
396,13.213213,far,2,576.000,374.000,2.038400,0.000000,530.300,281.010,609.114,389.854,0.867188,detected
397,13.246580,near,1,572.000,586.000,2.614852,10.844867,519.451,438.044,631.078,600.612,0.915039,detected
397,13.246580,far,2,580.000,375.000,2.094587,0.000000,535.730,281.000,614.002,390.124,0.873535,detected
398,13.279947,near,1,572.000,583.000,2.608725,10.744773,520.617,436.438,637.795,599.958,0.914062,detected
398,13.279947,far,2,582.000,374.000,2.116549,0.000000,539.974,281.000,618.140,390.626,0.862305,detected
399,13.313313,near,1,574.000,576.000,2.612359,10.507323,524.303,435.380,645.541,597.090,0.922852,detected
399,13.313313,far,2,583.000,374.000,2.129575,0.000000,542.761,281.000,620.706,390.256,0.880371,detected
400,13.346680,near,1,576.000,580.000,2.638619,10.643023,532.388,434.140,658.325,595.106,0.926758,detected
400,13.346680,far,2,583.000,375.000,2.133581,0.000000,543.995,281.000,621.959,389.980,0.893555,detected
401,13.380047,near,1,586.000,577.000,2.723158,10.539195,545.167,434.024,674.088,593.775,0.933105,detected
401,13.380047,far,2,584.000,377.000,2.154483,0.000000,544.654,281.000,623.263,390.665,0.875977,detected
402,13.413413,near,1,595.000,577.000,2.804732,10.537470,558.053,434.406,689.094,592.550,0.929199,detected
402,13.413413,far,2,585.000,378.000,2.171326,0.000000,545.619,281.000,624.636,390.857,0.884277,detected
403,13.446780,near,1,605.000,579.000,2.898661,10.603635,572.673,435.127,704.611,592.235,0.918945,detected
403,13.446780,far,2,583.000,377.000,2.141540,0.000000,545.558,281.136,625.475,391.783,0.874512,detected
404,13.480147,near,1,617.000,579.000,3.007157,10.601350,589.269,436.987,718.851,591.401,0.918945,detected
404,13.480147,far,2,586.000,379.000,2.188097,0.000000,547.344,281.049,627.282,391.851,0.868164,detected
405,13.513514,near,1,626.000,576.000,3.084493,10.497311,603.476,438.193,731.122,591.671,0.915039,detected
405,13.513514,far,2,589.000,376.000,2.215402,0.000000,552.053,281.015,631.206,391.733,0.863281,detected
406,13.546880,near,1,640.000,576.000,3.211714,10.494612,611.497,438.725,738.030,591.344,0.904785,detected
406,13.546880,far,2,593.000,379.000,2.278333,0.000000,556.380,281.003,634.580,392.041,0.850586,detected
407,13.580247,near,1,660.000,575.000,3.392642,10.456417,617.393,438.866,744.495,591.802,0.926758,detected
407,13.580247,far,2,596.000,375.000,2.302604,0.000000,561.979,281.000,638.846,391.518,0.863281,detected
408,13.613614,near,1,672.000,572.000,3.499740,10.350427,622.310,438.942,749.721,591.404,0.919434,detected
408,13.613614,far,2,598.000,377.000,2.335739,0.000000,566.791,281.000,642.447,391.602,0.805176,detected
409,13.646980,near,1,688.000,568.000,3.644113,10.207546,628.529,438.565,756.969,590.685,0.920898,detected
409,13.646980,far,2,601.000,377.000,2.374591,0.000000,572.315,281.000,647.301,392.272,0.847168,detected
410,13.680347,near,1,697.000,570.000,3.727812,10.275854,635.564,438.956,764.241,590.135,0.929199,detected
410,13.680347,far,2,605.000,376.000,2.423042,0.000000,577.883,281.000,652.262,392.807,0.890137,detected
411,13.713714,near,1,703.000,567.000,3.781991,10.169347,645.000,440.711,771.577,587.648,0.919922,detected
411,13.713714,far,2,609.000,379.000,2.484674,0.000000,582.690,281.000,657.462,394.846,0.875000,detected
412,13.747080,near,1,713.000,565.000,3.873944,10.096581,654.257,442.701,777.150,584.848,0.914062,detected
412,13.747080,far,2,613.000,382.000,2.545528,0.000000,584.696,281.000,659.035,396.806,0.823242,detected
413,13.780447,near,1,716.000,560.000,3.901063,9.917131,664.115,444.844,781.381,580.935,0.911133,detected
413,13.780447,far,2,615.000,383.000,2.574172,0.000000,589.593,281.000,664.827,399.367,0.874512,detected
414,13.813814,near,1,725.000,563.000,3.985066,10.022941,672.865,446.308,785.273,578.223,0.900391,detected
414,13.813814,far,2,619.000,385.000,2.631103,0.000000,592.687,281.000,669.248,402.216,0.896484,detected
415,13.847181,near,1,712.000,557.000,3.863165,9.809323,679.638,445.175,788.877,575.978,0.900391,detected
415,13.847181,far,2,621.000,387.000,2.662184,0.000000,595.466,281.000,673.319,404.262,0.893066,detected
416,13.880547,near,1,731.000,552.000,4.041738,9.621986,685.677,441.822,791.283,571.444,0.897461,detected
416,13.880547,far,2,624.000,391.000,2.710990,0.000000,597.926,281.000,677.311,405.646,0.911621,detected
417,13.913914,near,1,738.000,551.000,4.108097,9.583475,688.951,437.662,791.690,566.656,0.898438,detected
417,13.913914,far,2,628.000,395.000,2.771476,0.318524,599.885,281.000,681.370,407.540,0.912598,detected
418,13.947281,near,1,742.000,551.000,4.145974,9.582624,687.754,434.391,790.254,565.554,0.754883,detected
418,13.947281,far,2,631.000,397.000,2.813780,0.490903,600.862,282.256,683.034,409.347,0.886719,detected
419,13.980647,near,1,745.000,555.000,4.173217,9.729431,674.595,429.200,782.643,566.934,0.906250,detected
419,13.980647,far,2,636.000,396.000,2.873653,0.401265,602.260,285.265,682.961,409.859,0.862793,detected
420,14.014014,near,1,745.000,553.000,4.173799,9.655939,666.723,422.942,781.460,569.177,0.910645,detected
420,14.014014,far,2,641.000,392.000,2.927204,0.047349,604.917,286.560,683.370,408.228,0.888184,detected
421,14.047381,near,1,740.000,552.000,4.126816,9.620080,660.764,417.259,778.802,568.554,0.899902,detected
421,14.047381,far,2,648.000,389.000,3.009067,0.000000,608.521,287.460,685.393,407.066,0.875000,detected
422,14.080747,near,1,736.000,550.000,4.089321,9.546758,654.726,414.262,774.058,570.023,0.893066,detected
422,14.080747,far,2,653.000,393.000,3.079918,0.128885,614.924,290.776,691.169,408.887,0.884277,detected
423,14.114114,near,1,733.000,552.000,4.060643,9.621563,648.933,410.395,768.890,570.355,0.901367,detected
423,14.114114,far,2,655.000,391.000,3.101328,0.000000,618.754,291.134,694.958,408.682,0.868164,detected
424,14.147481,near,1,728.000,557.000,4.013180,9.806000,644.835,406.751,765.344,571.345,0.903320,detected
424,14.147481,far,2,657.000,390.000,3.124726,0.000000,621.776,292.163,696.827,407.436,0.861328,detected
425,14.180848,near,1,723.000,556.000,3.966261,9.770595,644.408,404.167,762.784,570.508,0.895020,detected
425,14.180848,far,2,658.000,391.000,3.139125,0.000000,623.704,292.227,697.746,405.645,0.849609,detected
426,14.214214,near,1,713.000,556.000,3.872361,9.772680,641.468,403.392,757.876,571.736,0.890137,detected
426,14.214214,far,2,661.000,392.000,3.178614,0.035972,622.259,290.565,697.555,405.395,0.870117,detected
427,14.247581,near,1,707.000,555.000,3.815767,9.737387,638.942,402.063,752.927,571.674,0.895508,detected
427,14.247581,far,2,663.000,387.000,3.195520,0.000000,617.533,286.518,695.247,403.733,0.859375,detected
428,14.280948,near,1,696.000,559.000,3.714061,9.885151,636.912,401.633,748.755,573.064,0.897949,detected
428,14.280948,far,2,665.000,389.000,3.224149,0.000000,620.114,282.865,699.473,403.599,0.861328,detected
429,14.314314,near,1,684.000,560.000,3.602580,9.923698,630.963,402.660,741.204,576.125,0.917480,detected
429,14.314314,far,2,665.000,387.000,3.220937,0.000000,618.234,281.483,698.068,403.340,0.841797,detected
430,14.347681,near,1,676.000,563.000,3.530115,10.032882,622.303,404.242,731.897,578.567,0.911621,detected
430,14.347681,far,2,662.000,387.000,3.182812,0.000000,614.511,281.111,694.309,402.117,0.641602,detected
431,14.381048,near,1,668.000,562.000,3.455075,9.998773,612.968,404.917,723.220,579.365,0.905273,detected
431,14.381048,far,2,658.000,381.000,3.121048,0.000000,613.180,281.000,692.078,400.945,0.757812,detected
432,14.414414,near,1,660.000,565.000,3.383539,10.107245,602.670,407.056,715.542,582.189,0.927734,detected
432,14.414414,far,2,652.000,382.000,3.045855,0.000000,609.748,281.000,686.705,400.298,0.769043,detected
433,14.447781,near,1,657.000,570.000,3.360598,10.283750,595.699,409.039,711.937,585.924,0.919434,detected
433,14.447781,far,2,647.000,378.000,2.973044,0.000000,605.004,281.000,678.997,398.434,0.585938,detected
434,14.481148,near,1,655.000,577.000,3.349034,10.525952,591.628,411.648,710.540,589.431,0.916504,detected
434,14.481148,far,,646.000,378.000,2.960099,0.000000,,,,,0.000000,tracked
435,14.514515,near,1,652.000,575.000,3.319792,10.457966,589.118,412.950,709.547,590.458,0.921387,detected
435,14.514515,far,,646.000,376.000,2.955674,0.000000,,,,,0.000000,tracked
436,14.547881,near,1,649.000,574.000,3.291428,10.424112,586.335,414.798,706.760,590.805,0.925781,detected
436,14.547881,far,2,643.000,369.000,2.900286,0.000000,597.290,281.000,664.139,387.553,0.501953,detected
437,14.581248,near,1,643.000,571.000,3.233307,10.321361,581.793,414.867,702.090,590.465,0.925293,detected
437,14.581248,far,,642.000,368.000,2.884677,0.000000,,,,,0.000000,tracked
438,14.614615,near,1,637.000,575.000,3.183239,10.460869,576.065,416.164,694.818,590.157,0.917969,detected
438,14.614615,far,,641.000,368.000,2.871451,0.000000,,,,,0.000000,tracked
439,14.647981,near,1,632.000,569.000,3.129979,10.253734,569.758,415.869,687.532,589.718,0.914551,detected
439,14.647981,far,,640.000,367.000,2.855746,0.000000,,,,,0.000000,tracked
440,14.681348,near,1,625.000,569.000,3.065700,10.255118,563.984,417.382,679.963,590.093,0.906738,detected
440,14.681348,far,,639.000,367.000,2.842492,0.000000,,,,,0.000000,tracked
441,14.714715,near,1,618.000,568.000,2.999931,10.221460,558.910,418.231,673.501,589.354,0.921875,detected
441,14.714715,far,,639.000,367.000,2.842492,0.000000,,,,,0.000000,tracked
442,14.748081,near,1,612.000,570.000,2.947935,10.292623,550.599,419.607,665.849,590.192,0.922363,detected
442,14.748081,far,,638.000,367.000,2.829238,0.000000,,,,,0.000000,tracked
443,14.781448,near,1,604.000,573.000,2.879668,10.398344,541.812,422.243,658.752,591.912,0.922852,detected
443,14.781448,far,,637.000,367.000,2.815985,0.000000,,,,,0.000000,tracked
444,14.814815,near,1,598.000,577.000,2.831927,10.536894,534.173,426.563,652.830,593.393,0.932617,detected
444,14.814815,far,2,608.000,368.000,2.435263,0.000000,570.559,281.032,638.742,377.215,0.886719,detected
445,14.848182,near,1,592.000,578.000,2.779353,10.572128,529.106,430.091,649.814,593.922,0.931641,detected
445,14.848182,far,2,602.000,371.000,2.366661,0.000000,564.715,281.055,636.615,381.319,0.868164,detected
446,14.881548,near,1,589.000,581.000,2.757735,10.674335,524.112,434.589,647.361,595.525,0.929199,detected
446,14.881548,far,2,599.000,374.000,2.338064,0.000000,560.529,281.066,634.602,384.038,0.870605,detected
447,14.914915,near,1,588.000,580.000,2.746873,10.640748,519.685,438.286,645.715,596.377,0.918945,detected
447,14.914915,far,2,597.000,372.000,2.304723,0.000000,556.438,281.143,631.201,385.515,0.857910,detected
448,14.948282,near,1,587.000,579.000,2.735980,10.607061,517.294,442.824,644.836,596.515,0.923828,detected
448,14.948282,far,2,593.000,376.000,2.267301,0.000000,553.124,281.385,627.926,387.064,0.849121,detected
449,14.981648,near,1,586.000,577.000,2.723158,10.539195,514.202,445.645,644.545,596.673,0.931152,detected
449,14.981648,far,2,588.000,383.000,2.228913,0.000000,546.825,281.269,625.186,395.507,0.844727,detected
450,15.015015,near,1,582.000,581.000,2.694675,10.675657,504.383,447.743,639.869,597.282,0.916992,detected
450,15.015015,far,2,586.000,385.000,2.210882,0.000000,543.958,281.089,622.274,399.349,0.854004,detected
451,15.048382,near,1,579.000,583.000,2.671581,10.743461,489.554,450.442,630.941,597.767,0.909668,detected
451,15.048382,far,2,586.000,384.000,2.207124,0.000000,543.388,281.018,619.691,400.012,0.842773,detected
452,15.081748,near,1,574.000,581.000,2.622621,10.677168,474.922,455.460,620.129,597.919,0.924316,detected
452,15.081748,far,2,586.000,385.000,2.210882,0.000000,543.925,281.000,617.900,400.284,0.843750,detected
453,15.115115,near,1,566.000,581.000,2.550581,10.678679,460.143,458.366,609.996,597.944,0.918945,detected
453,15.115115,far,2,584.000,382.000,2.173948,0.000000,544.704,281.000,616.018,399.712,0.827637,detected
454,15.148482,near,1,560.000,582.000,2.498782,10.713467,445.294,460.767,599.746,597.931,0.931152,detected
454,15.148482,far,2,584.000,383.000,2.177792,0.000000,546.173,281.191,615.460,400.077,0.850098,detected
455,15.181849,near,1,553.000,580.000,2.431226,10.647382,429.705,461.241,588.757,597.615,0.933105,detected
455,15.181849,far,2,586.000,383.000,2.203351,0.000000,547.945,281.202,615.336,399.968,0.845703,detected
456,15.215215,near,1,548.000,581.000,2.388545,10.682076,417.223,460.158,581.446,597.484,0.931641,detected
456,15.215215,far,2,588.000,384.000,2.232632,0.000000,549.458,281.277,615.185,400.031,0.870605,detected
457,15.248582,near,1,541.000,580.000,2.323068,10.649654,405.661,457.240,575.361,597.280,0.930176,detected
457,15.248582,far,2,590.000,384.000,2.258141,0.000000,550.874,281.517,614.996,399.881,0.876465,detected
458,15.281949,near,1,534.000,577.000,2.252214,10.549161,396.150,453.464,570.932,597.053,0.931152,detected
458,15.281949,far,2,593.000,383.000,2.292824,0.000000,552.113,281.326,615.484,400.358,0.882324,detected
459,15.315315,near,1,526.000,573.000,2.168900,10.413521,389.245,449.741,567.525,596.396,0.922852,detected
459,15.315315,far,2,595.000,382.000,2.314847,0.000000,552.978,281.112,615.374,400.091,0.880859,detected
460,15.348682,near,1,517.000,568.000,2.072526,10.241492,386.418,447.032,563.444,593.323,0.924805,detected
460,15.348682,far,2,597.000,381.000,2.336964,0.000000,553.841,281.031,615.457,399.822,0.881836,detected
461,15.382049,near,1,507.000,566.000,1.974714,10.173234,384.720,445.627,560.074,591.433,0.927246,detected
461,15.382049,far,2,599.000,377.000,2.348689,0.000000,554.980,281.001,615.324,398.707,0.855957,detected
462,15.415415,near,1,496.000,572.000,1.892746,10.384821,381.050,445.313,556.658,592.292,0.932617,detected
462,15.415415,far,2,603.000,378.000,2.403896,0.000000,557.753,281.000,616.983,396.844,0.858887,detected
463,15.448782,near,1,487.000,574.000,1.817325,10.455518,376.294,445.130,552.012,592.628,0.925293,detected
463,15.448782,far,2,604.000,378.000,2.416821,0.000000,559.182,281.000,618.713,397.984,0.830078,detected
464,15.482149,near,1,473.000,575.000,1.693676,10.492532,370.719,446.130,545.964,593.332,0.921875,detected
464,15.482149,far,2,607.000,382.000,2.468618,0.000000,560.236,281.000,621.972,403.078,0.836426,detected
465,15.515516,near,1,468.000,580.000,1.665822,10.663467,364.522,448.785,538.690,594.741,0.924805,detected
465,15.515516,far,2,608.000,389.000,2.503506,0.000000,561.600,281.058,624.465,406.447,0.847168,detected
466,15.548882,near,1,463.000,578.000,1.613762,10.596736,358.030,451.213,531.144,595.563,0.920410,detected
466,15.548882,far,2,607.000,390.000,2.494003,0.000000,562.188,281.156,625.647,409.051,0.831055,detected
467,15.582249,near,1,457.000,580.000,1.566890,10.665546,352.566,454.184,522.715,595.584,0.921875,detected
467,15.582249,far,2,607.000,390.000,2.494003,0.000000,561.355,281.194,625.192,410.858,0.843750,detected
468,15.615616,near,1,449.000,580.000,1.494957,10.667058,346.532,457.573,512.906,595.874,0.920410,detected
468,15.615616,far,2,608.000,394.000,2.518879,0.242215,560.121,281.069,624.508,412.910,0.815430,detected
469,15.648982,near,1,440.000,580.000,1.414051,10.668758,336.416,458.008,501.559,595.977,0.915039,detected
469,15.648982,far,2,608.000,393.000,2.515830,0.154342,560.069,281.021,624.087,413.866,0.843262,detected
470,15.682349,near,1,433.000,581.000,1.355064,10.703746,326.259,455.413,492.547,596.296,0.915039,detected
470,15.682349,far,2,607.000,392.000,2.500217,0.066672,559.467,281.003,622.819,414.465,0.849609,detected
471,15.715716,near,1,424.000,579.000,1.266201,10.638021,315.887,453.008,481.374,596.127,0.923828,detected
471,15.715716,far,2,604.000,390.000,2.456195,0.000000,559.163,281.066,621.277,413.806,0.861328,detected
472,15.749082,near,1,417.000,578.000,1.199052,10.605491,304.883,448.614,469.924,595.634,0.923828,detected
472,15.749082,far,2,602.000,392.000,2.437468,0.069511,558.216,281.162,619.262,413.716,0.863281,detected
473,15.782449,near,1,407.000,578.000,1.108962,10.607393,293.268,442.104,458.384,595.303,0.917480,detected
473,15.782449,far,2,601.000,393.000,2.428163,0.158299,558.707,281.198,618.786,413.363,0.869629,detected
474,15.815816,near,1,395.000,575.000,0.987420,10.507544,291.154,435.252,456.028,593.646,0.909180,detected
474,15.815816,far,2,599.000,394.000,2.406402,0.247277,558.309,281.282,617.511,413.053,0.867188,detected
475,15.849183,near,1,388.000,579.000,0.942409,10.644840,287.712,427.631,455.265,594.668,0.893066,detected
475,15.849183,far,2,597.000,392.000,2.374730,0.072350,558.411,281.173,616.793,412.694,0.847168,detected
476,15.882549,near,1,382.000,580.000,0.893094,10.679707,284.856,421.571,451.401,594.380,0.895020,detected
476,15.882549,far,2,595.000,391.000,2.346224,0.000000,557.810,281.201,615.200,412.037,0.844727,detected
477,15.915916,near,1,375.000,580.000,0.830272,10.681027,283.135,415.537,449.203,594.405,0.904785,detected
477,15.915916,far,2,594.000,391.000,2.333653,0.000000,557.244,281.212,613.540,411.058,0.873047,detected
478,15.949283,near,1,368.000,578.000,0.757830,10.614806,279.889,410.643,444.478,595.105,0.907227,detected
478,15.949283,far,2,591.000,393.000,2.302963,0.163949,556.973,281.145,612.716,411.169,0.871582,detected
479,15.982649,near,1,364.000,576.000,0.712040,10.547626,278.407,406.477,440.367,594.968,0.915527,detected
479,15.982649,far,2,588.000,395.000,2.272530,0.340917,556.484,281.190,611.693,411.415,0.868164,detected
480,16.016016,near,1,362.000,574.000,0.684081,10.479662,276.848,403.428,435.477,595.052,0.924805,detected
480,16.016016,far,2,585.000,397.000,2.242351,0.516409,554.340,281.208,609.613,412.349,0.875977,detected
481,16.049383,near,1,359.000,572.000,0.646877,10.411486,276.338,401.929,429.730,594.532,0.911133,detected
481,16.049383,far,2,583.000,397.000,2.217527,0.517517,551.656,281.214,607.345,412.904,0.870605,detected
482,16.082749,near,1,353.000,572.000,0.592414,10.412651,275.424,399.930,423.767,594.329,0.913574,detected
482,16.082749,far,2,581.000,399.000,2.200063,0.690993,548.575,281.216,605.205,413.880,0.877441,detected
483,16.116116,near,1,349.000,574.000,0.566432,10.482168,274.206,398.981,415.324,592.303,0.899902,detected
483,16.116116,far,2,581.000,404.000,2.218195,1.115791,546.255,281.146,604.484,415.932,0.875488,detected
484,16.149483,near,1,344.000,574.000,0.521193,10.483132,272.308,397.886,406.300,590.399,0.879883,detected
484,16.149483,far,2,581.000,404.000,2.218195,1.115791,545.242,281.049,604.417,416.554,0.879883,detected
485,16.182850,near,1,338.000,573.000,0.461611,10.449979,269.162,395.598,397.819,590.243,0.855469,detected
485,16.182850,far,2,580.000,406.000,2.213161,1.283836,544.514,281.012,604.818,418.178,0.883301,detected
486,16.216216,near,1,334.000,569.000,0.403785,10.312484,265.443,393.128,387.689,588.515,0.845215,detected
486,16.216216,far,2,579.000,406.000,2.200976,1.284367,543.795,281.000,604.641,418.423,0.893066,detected
487,16.249583,near,1,328.000,569.000,0.349110,10.313662,260.861,391.432,377.455,589.271,0.861328,detected
487,16.249583,far,2,578.000,407.000,2.192419,1.368141,542.984,281.000,604.338,419.264,0.885742,detected
488,16.282950,near,1,322.000,571.000,0.305600,10.384165,252.715,389.187,365.222,589.015,0.714844,detected
488,16.282950,far,2,576.000,407.000,2.168100,1.369197,542.425,281.134,603.411,418.715,0.883789,detected
489,16.316316,near,1,314.000,572.000,0.238606,10.420224,243.489,386.732,354.075,588.651,0.757812,detected
489,16.316316,far,2,574.000,398.000,2.109706,0.608845,540.869,281.117,601.639,418.761,0.884277,detected
490,16.349683,near,1,308.000,574.000,0.195641,10.490068,237.672,387.418,345.868,588.525,0.854004,detected
490,16.349683,far,2,572.000,406.000,2.115694,1.288081,538.481,281.111,598.871,418.546,0.887207,detected
491,16.383050,near,1,302.000,574.000,0.141412,10.491223,235.057,388.450,341.510,588.491,0.903809,detected
491,16.383050,far,2,569.000,405.000,2.075288,1.206115,535.080,281.108,594.727,418.375,0.863770,detected
492,16.416416,near,1,297.000,572.000,0.084494,10.423522,233.403,390.513,338.210,588.351,0.911621,detected
492,16.416416,far,2,567.000,400.000,2.031076,0.784290,529.385,281.036,588.584,418.295,0.834473,detected
493,16.449783,near,1,295.000,573.000,0.072270,10.458292,231.857,392.076,335.967,588.736,0.912109,detected
493,16.449783,far,2,562.000,403.000,1.981743,1.041746,524.361,281.009,583.009,418.535,0.840820,detected
494,16.483150,near,1,295.000,575.000,0.084022,10.526747,230.784,392.998,334.685,589.034,0.914062,detected
494,16.483150,far,2,560.000,404.000,1.961359,1.127037,521.279,281.000,579.399,419.606,0.838867,detected
495,16.516517,near,1,292.000,575.000,0.056956,10.527323,230.097,394.804,333.543,589.296,0.923828,detected
495,16.516517,far,2,557.000,406.000,1.933017,1.296038,515.805,281.000,574.027,419.576,0.866211,detected
496,16.549883,near,1,290.000,575.000,0.038913,10.527706,229.487,395.661,333.078,589.828,0.924316,detected
496,16.549883,far,2,554.000,402.000,1.879461,0.961507,511.629,281.000,569.454,417.141,0.876465,detected
497,16.583250,near,1,289.000,574.000,0.023944,10.493726,228.277,395.433,331.943,589.748,0.929199,detected
497,16.583250,far,2,549.000,406.000,1.835627,1.300279,508.474,281.000,567.528,419.484,0.865234,detected
498,16.616617,near,,289.000,573.000,0.017977,10.459452,,,,,0.000000,tracked
498,16.616617,far,2,546.000,406.000,1.799113,1.301869,505.217,281.000,565.109,420.491,0.865234,detected
499,16.649983,near,,289.000,572.000,0.011993,10.425074,,,,,0.000000,tracked
499,16.649983,far,2,541.000,405.000,1.733713,1.221032,502.952,281.000,563.170,420.863,0.877441,detected
500,16.683350,near,,287.000,575.000,0.011850,10.528281,,,,,0.000000,tracked
500,16.683350,far,2,540.000,406.000,1.726096,1.305049,500.886,281.000,561.596,420.990,0.883789,detected
501,16.716717,near,,283.000,580.000,0.005647,10.698358,,,,,0.000000,tracked
501,16.716717,far,2,538.000,406.000,1.701760,1.306109,500.268,281.000,561.609,421.732,0.893066,detected
502,16.750083,near,,278.000,587.000,0.002432,10.932113,,,,,0.000000,tracked
502,16.750083,far,2,538.000,407.000,1.706367,1.389253,500.076,281.000,561.763,421.859,0.887695,detected
503,16.783450,near,,278.000,587.000,0.002432,10.932113,,,,,0.000000,tracked
503,16.783450,far,2,537.000,408.000,1.698836,1.472587,498.825,281.000,560.918,422.458,0.880371,detected
504,16.816817,near,,278.000,587.000,0.002432,10.932113,,,,,0.000000,tracked
504,16.816817,far,2,535.000,408.000,1.674600,1.473637,497.828,281.000,560.147,422.460,0.886230,detected
505,16.850184,near,,278.000,587.000,0.002432,10.932113,,,,,0.000000,tracked
505,16.850184,far,2,535.000,411.000,1.688471,1.720054,496.510,281.069,558.968,423.012,0.890625,detected
506,16.883550,near,,278.000,587.000,0.002432,10.932113,,,,,0.000000,tracked
506,16.883550,far,2,532.000,410.000,1.647661,1.639804,496.100,281.025,558.290,423.279,0.872070,detected
507,16.916917,near,,278.000,587.000,0.002432,10.932113,,,,,0.000000,tracked
507,16.916917,far,2,531.000,409.000,1.630873,1.558195,495.403,281.008,556.731,422.800,0.880371,detected
508,16.950284,near,,,,,,,,,,0.000000,missing
508,16.950284,far,2,530.000,409.000,1.618782,1.558717,493.660,281.002,554.064,422.605,0.872559,detected
509,16.983650,near,,,,,,,,,,0.000000,missing
509,16.983650,far,2,528.000,408.000,1.589789,1.477310,491.424,281.000,550.788,422.308,0.875000,detected
510,17.017017,near,,,,,,,,,,0.000000,missing
510,17.017017,far,2,526.000,408.000,1.565561,1.478360,487.922,281.000,546.661,422.543,0.881836,detected
511,17.050384,near,,,,,,,,,,0.000000,missing
511,17.050384,far,2,522.000,406.000,1.507135,1.314586,484.370,281.000,542.087,422.768,0.875000,detected
512,17.083750,near,,,,,,,,,,0.000000,missing
512,17.083750,far,2,518.000,410.000,1.478753,1.647081,479.996,281.000,536.457,422.988,0.854980,detected
513,17.117117,near,,,,,,,,,,0.000000,missing
513,17.117117,far,2,516.000,409.000,1.449548,1.566029,478.766,281.000,534.647,422.923,0.847656,detected
514,17.150484,near,,,,,,,,,,0.000000,missing
514,17.150484,far,2,512.000,404.000,1.375003,1.152714,479.649,281.000,535.648,422.324,0.875000,detected
515,17.183851,near,,,,,,,,,,0.000000,missing
515,17.183851,far,2,510.000,409.000,1.377043,1.569161,478.731,281.070,535.193,422.376,0.850098,detected
516,17.217217,near,,,,,,,,,,0.000000,missing
516,17.217217,far,2,506.000,408.000,1.323371,1.488851,476.941,281.097,534.063,422.606,0.836914,detected
517,17.250584,near,,,,,,,,,,0.000000,missing
517,17.250584,far,2,501.000,408.000,1.262849,1.491473,474.547,281.036,533.229,423.045,0.867188,detected
518,17.283951,near,,,,,,,,,,0.000000,missing
518,17.283951,far,2,499.000,410.000,1.249649,1.656952,470.755,281.013,531.122,423.349,0.879883,detected
519,17.317317,near,,,,,,,,,,0.000000,missing
519,17.317317,far,2,496.000,408.000,1.202338,1.494094,466.398,281.004,527.720,422.751,0.852539,detected
520,17.350684,near,,,,,,,,,,0.000000,missing
520,17.350684,far,2,497.000,409.000,1.220002,1.575946,464.981,281.000,528.062,422.945,0.899414,detected
521,17.384051,near,,,,,,,,,,0.000000,missing
521,17.384051,far,2,494.000,408.000,1.178137,1.495143,461.755,281.000,525.650,422.590,0.896973,detected
522,17.417417,near,,,,,,,,,,0.000000,missing
522,17.417417,far,2,492.000,407.000,1.148231,1.413496,458.569,281.000,522.883,422.382,0.893555,detected
523,17.450784,near,,,,,,,,,,0.000000,missing
523,17.450784,far,2,490.000,409.000,1.135470,1.579598,456.134,281.000,520.395,421.805,0.890137,detected
524,17.484151,near,,,,,,,,,,0.000000,missing
524,17.484151,far,2,488.000,407.000,1.099739,1.415602,453.506,281.000,517.639,421.872,0.898438,detected
525,17.517518,near,,,,,,,,,,0.000000,missing
525,17.517518,far,2,486.000,408.000,1.081347,1.499335,450.280,281.000,513.608,421.332,0.890625,detected
526,17.550884,near,,,,,,,,,,0.000000,missing
526,17.550884,far,2,482.000,407.000,1.027013,1.418761,446.864,281.000,509.060,420.489,0.869629,detected
527,17.584251,near,,,,,,,,,,0.000000,missing
527,17.584251,far,2,479.000,398.000,0.935354,0.661119,443.625,281.000,503.796,418.538,0.873047,detected
528,17.617618,near,,,,,,,,,,0.000000,missing
528,17.617618,far,2,474.000,400.000,0.886370,0.834967,441.419,281.000,500.448,418.600,0.861328,detected
529,17.650984,near,,,,,,,,,,0.000000,missing
529,17.650984,far,2,473.000,410.000,0.936379,1.670450,439.521,281.000,497.340,418.850,0.879883,detected
530,17.684351,near,,,,,,,,,,0.000000,missing
530,17.684351,far,2,469.000,405.000,0.856890,1.259325,438.550,281.000,494.933,418.386,0.864258,detected
