frame,time_s,role,track_id,x_px,y_px,court_x_m,court_y_m,bbox_x1,bbox_y1,bbox_x2,bbox_y2,confidence,source
0,0.000000,near,1,710.000,575.000,3.933682,10.841154,678.398,388.742,749.727,590.266,0.908203,detected
0,0.000000,far,2,632.000,418.000,3.056461,3.559531,598.047,284.865,662.500,434.074,0.900391,detected
1,0.033367,near,1,710.000,576.000,3.933212,10.871418,678.390,388.742,749.735,590.266,0.909668,detected
1,0.033367,far,2,632.000,417.000,3.055081,3.483480,597.766,284.586,662.408,434.261,0.898926,detected
2,0.066733,near,1,710.000,575.000,3.933682,10.841154,678.000,388.491,749.455,590.266,0.912598,detected
2,0.066733,far,2,631.000,417.000,3.042492,3.483621,597.657,284.036,662.453,434.125,0.900391,detected
3,0.100100,near,1,710.000,575.000,3.933682,10.841154,677.471,388.002,749.118,590.266,0.911621,detected
3,0.100100,far,2,631.000,418.000,3.043900,3.559674,597.794,283.786,662.630,434.079,0.900391,detected
4,0.133467,near,1,711.000,576.000,3.942395,10.871226,677.473,388.247,748.854,589.633,0.913574,detected
4,0.133467,far,2,631.000,418.000,3.043900,3.559674,597.483,283.563,662.414,434.224,0.898438,detected
5,0.166834,near,1,711.000,576.000,3.942395,10.871226,677.436,388.265,748.829,589.421,0.915039,detected
5,0.166834,far,2,631.000,418.000,3.043900,3.559674,597.727,283.424,662.604,434.121,0.895508,detected
6,0.200200,near,1,711.000,576.000,3.942395,10.871226,677.073,388.276,748.587,589.355,0.914062,detected
6,0.200200,far,2,631.000,418.000,3.043900,3.559674,597.719,283.463,662.468,434.085,0.893555,detected
7,0.233567,near,1,711.000,576.000,3.942395,10.871226,676.604,388.283,748.264,589.341,0.914062,detected
7,0.233567,far,2,631.000,419.000,3.045302,3.635377,597.643,283.487,662.196,434.072,0.892090,detected
8,0.266934,near,1,711.000,576.000,3.942395,10.871226,675.759,388.361,747.667,589.342,0.914551,detected
8,0.266934,far,2,631.000,420.000,3.046698,3.710734,597.677,283.503,662.036,434.215,0.887695,detected
9,0.300300,near,1,711.000,576.000,3.942395,10.871226,674.856,389.046,746.899,589.203,0.918945,detected
9,0.300300,far,2,631.000,420.000,3.046698,3.710734,598.060,283.443,662.191,434.195,0.885254,detected
10,0.333667,near,1,710.000,574.000,3.934154,10.810788,673.818,390.097,746.188,589.591,0.916992,detected
10,0.333667,far,2,631.000,418.000,3.043900,3.559674,598.036,283.497,661.839,434.188,0.887207,detected
11,0.367034,near,1,711.000,574.000,3.943368,10.810596,672.866,391.203,745.370,589.451,0.917480,detected
11,0.367034,far,2,631.000,420.000,3.046698,3.710734,598.116,283.594,661.619,434.256,0.883789,detected
12,0.400400,near,1,710.000,574.000,3.934154,10.810788,671.459,392.542,744.431,589.689,0.915039,detected
12,0.400400,far,2,631.000,418.000,3.043900,3.559674,598.553,283.490,661.705,434.139,0.881348,detected
13,0.433767,near,1,711.000,574.000,3.943368,10.810596,670.451,393.385,744.033,589.492,0.916504,detected
13,0.433767,far,2,631.000,418.000,3.043900,3.559674,598.853,283.453,661.604,434.094,0.881836,detected
14,0.467134,near,1,711.000,573.000,3.943857,10.780128,669.705,394.613,743.729,589.277,0.916016,detected
14,0.467134,far,2,631.000,418.000,3.043900,3.559674,599.201,283.442,661.614,434.078,0.881836,detected
15,0.500501,near,1,711.000,573.000,3.943857,10.780128,669.435,395.767,744.232,589.629,0.916504,detected
15,0.500501,far,2,631.000,419.000,3.045302,3.635377,599.300,283.512,661.363,434.143,0.881348,detected
16,0.533867,near,1,711.000,572.000,3.944348,10.749555,668.613,396.962,744.040,589.762,0.916504,detected
16,0.533867,far,2,631.000,419.000,3.045302,3.635377,599.717,283.540,661.456,434.168,0.882324,detected
17,0.567234,near,1,711.000,574.000,3.943368,10.810596,667.838,397.739,744.476,590.671,0.916992,detected
17,0.567234,far,2,631.000,419.000,3.045302,3.635377,599.974,283.553,661.389,434.106,0.886230,detected
18,0.600601,near,1,711.000,571.000,3.944840,10.718879,667.401,398.858,744.825,590.724,0.915527,detected
18,0.600601,far,2,631.000,419.000,3.045302,3.635377,600.160,283.558,661.269,434.012,0.887207,detected
19,0.633967,near,1,712.000,571.000,3.954101,10.718688,666.976,399.534,745.255,590.740,0.917480,detected
19,0.633967,far,2,631.000,419.000,3.045302,3.635377,600.585,283.562,661.435,433.977,0.887207,detected
20,0.667334,near,1,712.000,572.000,3.953593,10.749364,666.163,400.114,745.531,591.313,0.916016,detected
20,0.667334,far,2,631.000,419.000,3.045302,3.635377,600.758,283.351,661.479,434.035,0.886719,detected
21,0.700701,near,1,712.000,572.000,3.953593,10.749364,665.337,400.659,745.613,591.381,0.913086,detected
21,0.700701,far,2,631.000,419.000,3.045302,3.635377,600.884,283.272,661.429,434.058,0.886230,detected
22,0.734067,near,1,712.000,571.000,3.954101,10.718688,664.754,401.048,745.945,591.543,0.913574,detected
22,0.734067,far,2,631.000,419.000,3.045302,3.635377,601.027,283.244,661.308,434.067,0.888184,detected
23,0.767434,near,1,713.000,570.000,3.963887,10.687717,664.378,401.452,746.254,591.314,0.912109,detected
23,0.767434,far,2,631.000,419.000,3.045302,3.635377,601.327,283.306,661.295,434.070,0.889648,detected
24,0.800801,near,1,712.000,570.000,3.954611,10.687907,664.084,402.076,746.549,591.222,0.914551,detected
24,0.800801,far,2,631.000,420.000,3.046698,3.710734,601.328,283.474,661.112,434.356,0.891113,detected
25,0.834168,near,1,712.000,570.000,3.954611,10.687907,663.795,402.570,746.862,591.184,0.915527,detected
25,0.834168,far,2,631.000,420.000,3.046698,3.710734,601.375,283.467,660.991,434.463,0.891113,detected
26,0.867534,near,1,712.000,570.000,3.954611,10.687907,663.430,402.873,747.255,591.309,0.915039,detected
26,0.867534,far,2,631.000,420.000,3.046698,3.710734,601.447,283.465,660.886,434.503,0.889648,detected
27,0.900901,near,1,712.000,570.000,3.954611,10.687907,663.359,402.963,747.924,591.354,0.914062,detected
27,0.900901,far,2,631.000,420.000,3.046698,3.710734,601.281,283.464,660.469,434.516,0.891113,detected
28,0.934268,near,1,712.000,570.000,3.954611,10.687907,663.176,403.330,748.347,591.510,0.916016,detected
28,0.934268,far,2,631.000,420.000,3.046698,3.710734,601.309,283.606,660.218,434.520,0.891602,detected
29,0.967634,near,1,712.000,571.000,3.954101,10.718688,663.207,403.448,748.986,591.566,0.916992,detected
29,0.967634,far,2,631.000,420.000,3.046698,3.710734,601.379,283.660,660.063,434.520,0.892090,detected
30,1.001001,near,1,712.000,570.000,3.954611,10.687907,663.119,403.615,749.335,591.584,0.916504,detected
30,1.001001,far,2,631.000,419.000,3.045302,3.635377,601.709,283.467,660.270,434.519,0.890137,detected
31,1.034368,near,1,712.000,570.000,3.954611,10.687907,662.951,403.660,749.605,591.588,0.916992,detected
31,1.034368,far,2,631.000,419.000,3.045302,3.635377,601.642,283.394,659.972,434.517,0.891602,detected
32,1.067734,near,1,712.000,570.000,3.954611,10.687907,662.766,403.660,749.833,591.587,0.917969,detected
32,1.067734,far,2,631.000,419.000,3.045302,3.635377,601.981,283.367,660.062,434.445,0.892578,detected
33,1.101101,near,1,712.000,571.000,3.954101,10.718688,662.571,403.575,750.046,591.584,0.917480,detected
33,1.101101,far,2,631.000,419.000,3.045302,3.635377,602.008,283.428,659.913,434.488,0.892578,detected
34,1.134468,near,1,712.000,570.000,3.954611,10.687907,662.668,403.459,750.527,591.581,0.917480,detected
34,1.134468,far,2,631.000,419.000,3.045302,3.635377,602.224,283.452,659.933,434.504,0.892090,detected
35,1.167835,near,1,712.000,571.000,3.954101,10.718688,662.887,403.546,751.094,591.578,0.916504,detected
35,1.167835,far,2,631.000,419.000,3.045302,3.635377,602.368,283.319,659.877,434.296,0.893066,detected
36,1.201201,near,1,712.000,570.000,3.954611,10.687907,663.392,403.569,752.022,591.576,0.916992,detected
36,1.201201,far,2,631.000,419.000,3.045302,3.635377,602.536,283.553,659.740,434.075,0.894531,detected
37,1.234568,near,1,712.000,571.000,3.954101,10.718688,663.392,403.213,752.557,591.573,0.916016,detected
37,1.234568,far,2,631.000,419.000,3.045302,3.635377,602.645,283.642,659.641,433.921,0.894531,detected
38,1.267935,near,1,712.000,571.000,3.954101,10.718688,663.287,403.072,752.853,591.571,0.916504,detected
38,1.267935,far,2,631.000,419.000,3.045302,3.635377,602.704,283.676,659.584,433.936,0.894531,detected
39,1.301301,near,1,712.000,571.000,3.954101,10.718688,663.153,403.013,753.049,591.569,0.916992,detected
39,1.301301,far,2,631.000,419.000,3.045302,3.635377,602.742,283.616,659.545,433.943,0.891602,detected
40,1.334668,near,1,712.000,571.000,3.954101,10.718688,663.301,402.986,753.482,591.567,0.916016,detected
40,1.334668,far,2,631.000,419.000,3.045302,3.635377,603.066,283.593,659.787,433.947,0.892090,detected
41,1.368035,near,1,712.000,570.000,3.954611,10.687907,662.936,402.689,753.488,591.566,0.916016,detected
41,1.368035,far,2,631.000,419.000,3.045302,3.635377,603.223,283.584,659.842,433.879,0.888184,detected
42,1.401401,near,1,712.000,570.000,3.954611,10.687907,663.301,402.574,754.114,591.565,0.915527,detected
42,1.401401,far,2,631.000,419.000,3.045302,3.635377,603.017,283.581,659.556,433.854,0.884277,detected
43,1.434768,near,1,712.000,570.000,3.954611,10.687907,663.379,402.529,754.400,591.563,0.916016,detected
43,1.434768,far,2,631.000,418.000,3.043900,3.559674,603.251,283.650,659.701,433.846,0.879395,detected
44,1.468135,near,1,712.000,570.000,3.954611,10.687907,663.353,402.511,754.552,591.562,0.915527,detected
44,1.468135,far,2,631.000,419.000,3.045302,3.635377,603.343,283.676,659.750,433.916,0.884277,detected
45,1.501502,near,1,712.000,570.000,3.954611,10.687907,663.027,402.361,754.347,591.136,0.914062,detected
45,1.501502,far,2,631.000,419.000,3.045302,3.635377,603.392,283.685,659.751,433.943,0.887695,detected
46,1.534868,near,1,712.000,570.000,3.954611,10.687907,663.074,402.305,754.656,590.974,0.914062,detected
46,1.534868,far,2,631.000,419.000,3.045302,3.635377,603.423,283.688,659.736,433.954,0.886230,detected
47,1.568235,near,1,712.000,570.000,3.954611,10.687907,662.988,402.425,754.870,591.341,0.915039,detected
47,1.568235,far,2,631.000,419.000,3.045302,3.635377,603.457,283.760,659.705,433.959,0.888672,detected
48,1.601602,near,1,712.000,571.000,3.954101,10.718688,662.903,402.471,754.995,591.481,0.914551,detected
48,1.601602,far,2,631.000,419.000,3.045302,3.635377,603.535,284.071,659.625,433.890,0.883789,detected
49,1.634968,near,1,712.000,571.000,3.954101,10.718688,662.865,402.346,755.040,591.392,0.914062,detected
49,1.634968,far,2,631.000,419.000,3.045302,3.635377,603.291,283.974,659.298,433.864,0.883789,detected
50,1.668335,near,1,712.000,571.000,3.954101,10.718688,662.747,402.015,755.153,591.074,0.916504,detected
50,1.668335,far,2,631.000,418.000,3.043900,3.559674,603.176,283.367,659.196,433.855,0.878418,detected
51,1.701702,near,1,712.000,571.000,3.954101,10.718688,662.623,401.748,755.270,591.096,0.916504,detected
51,1.701702,far,2,631.000,418.000,3.043900,3.559674,603.321,283.209,659.253,433.852,0.878418,detected
52,1.735068,near,1,712.000,571.000,3.954101,10.718688,662.606,401.792,755.279,590.964,0.916504,detected
52,1.735068,far,2,631.000,418.000,3.043900,3.559674,603.294,283.080,659.074,433.781,0.881836,detected
53,1.768435,near,1,712.000,571.000,3.954101,10.718688,662.568,401.810,755.308,590.915,0.916504,detected
53,1.768435,far,2,631.000,418.000,3.043900,3.559674,603.219,283.175,658.787,433.826,0.878906,detected
54,1.801802,near,1,712.000,571.000,3.954101,10.718688,662.525,401.819,755.344,590.898,0.916504,detected
54,1.801802,far,2,632.000,418.000,3.056461,3.559531,603.410,283.497,658.746,433.843,0.875977,detected
55,1.835169,near,1,712.000,570.000,3.954611,10.687907,662.423,401.682,755.439,591.035,0.916504,detected
55,1.835169,far,2,633.000,415.000,3.064950,3.330182,603.230,283.336,658.416,433.566,0.875977,detected
56,1.868535,near,1,712.000,571.000,3.954101,10.718688,662.326,401.916,755.530,591.372,0.916504,detected
56,1.868535,far,2,632.000,416.000,3.053695,3.407077,603.210,283.133,658.245,433.463,0.875000,detected
57,1.901902,near,1,712.000,570.000,3.954611,10.687907,662.009,401.864,755.275,591.358,0.916992,detected
57,1.901902,far,2,632.000,415.000,3.052303,3.330320,603.276,283.199,658.111,433.425,0.872559,detected
58,1.935269,near,1,712.000,570.000,3.954611,10.687907,661.817,401.987,755.248,591.777,0.917480,detected
58,1.935269,far,2,633.000,417.000,3.067670,3.483339,603.205,283.510,657.877,433.555,0.873047,detected
59,1.968635,near,1,712.000,570.000,3.954611,10.687907,661.800,402.035,755.183,591.651,0.917480,detected
59,1.968635,far,2,632.000,416.000,3.053695,3.407077,603.062,283.415,657.624,433.534,0.871582,detected
60,2.002002,near,1,712.000,570.000,3.954611,10.687907,661.542,402.053,754.843,591.601,0.916992,detected
60,2.002002,far,2,633.000,417.000,3.067670,3.483339,602.885,283.450,657.374,433.598,0.879883,detected
61,2.035369,near,1,712.000,570.000,3.954611,10.687907,661.503,401.989,754.658,591.297,0.916016,detected
61,2.035369,far,2,631.000,417.000,3.042492,3.483621,603.715,283.747,658.376,433.765,0.878418,detected
62,2.068735,near,1,712.000,570.000,3.954611,10.687907,661.453,401.751,754.627,591.181,0.914062,detected
62,2.068735,far,2,631.000,419.000,3.045302,3.635377,604.839,283.575,660.221,433.971,0.889648,detected
63,2.102102,near,1,712.000,570.000,3.954611,10.687907,661.447,401.946,754.606,591.422,0.913574,detected
63,2.102102,far,2,631.000,419.000,3.045302,3.635377,605.412,283.509,661.331,433.906,0.894043,detected
64,2.135469,near,1,712.000,569.000,3.955122,10.657022,661.113,401.737,754.367,591.513,0.914551,detected
64,2.135469,far,2,631.000,418.000,3.043900,3.559674,605.450,283.696,661.913,434.023,0.889648,detected
65,2.168836,near,1,711.000,570.000,3.945334,10.688098,660.816,401.729,753.883,591.547,0.914551,detected
65,2.168836,far,2,631.000,418.000,3.043900,3.559674,604.396,283.554,661.479,434.208,0.893066,detected
66,2.202202,near,1,711.000,570.000,3.945334,10.688098,660.852,401.869,753.559,591.275,0.913574,detected
66,2.202202,far,2,631.000,417.000,3.042492,3.483621,605.724,283.499,662.976,434.277,0.888672,detected
67,2.235569,near,1,711.000,572.000,3.944348,10.749555,660.967,402.563,753.344,591.740,0.913574,detected
67,2.235569,far,2,631.000,417.000,3.042492,3.483621,606.857,283.550,664.600,434.230,0.886230,detected
68,2.268936,near,1,711.000,572.000,3.944348,10.749555,661.173,403.108,753.109,591.916,0.913574,detected
68,2.268936,far,2,631.000,416.000,3.041077,3.407216,607.719,283.427,665.891,434.211,0.883301,detected
69,2.302302,near,1,711.000,573.000,3.943857,10.780128,660.635,402.742,752.506,591.980,0.915039,detected
69,2.302302,far,2,631.000,417.000,3.042492,3.483621,608.158,283.309,666.800,434.202,0.888672,detected
70,2.335669,near,1,711.000,570.000,3.945334,10.688098,659.846,401.465,751.739,591.718,0.912109,detected
70,2.335669,far,2,630.000,417.000,3.029902,3.483761,608.176,283.336,667.113,434.127,0.882812,detected
71,2.369036,near,1,711.000,566.000,3.947327,10.563920,658.469,399.281,750.274,590.484,0.909668,detected
71,2.369036,far,2,631.000,417.000,3.042492,3.483621,606.827,283.205,666.418,434.381,0.888184,detected
72,2.402402,near,1,711.000,557.000,3.951914,10.278195,658.059,395.982,748.494,585.204,0.900879,detected
72,2.402402,far,2,631.000,417.000,3.042492,3.483621,605.655,283.015,665.654,434.264,0.889160,detected
73,2.435769,near,1,710.000,558.000,3.941927,10.310572,657.283,392.963,746.189,579.502,0.907227,detected
73,2.435769,far,2,632.000,416.000,3.053695,3.407077,604.665,283.015,664.755,434.005,0.882324,detected
74,2.469136,near,1,711.000,558.000,3.951397,10.310384,655.964,389.855,744.672,576.818,0.910645,detected
74,2.469136,far,2,633.000,417.000,3.067670,3.483339,602.930,283.443,662.357,433.906,0.854004,detected
75,2.502503,near,1,711.000,557.000,3.951914,10.278195,654.495,386.740,743.419,575.293,0.907715,detected
75,2.502503,far,2,634.000,416.000,3.078931,3.406799,603.087,284.387,661.778,433.443,0.874023,detected
76,2.535869,near,1,712.000,556.000,3.961935,10.245708,653.255,384.194,742.550,574.769,0.907227,detected
76,2.535869,far,2,636.000,414.000,3.101607,3.252662,603.714,285.527,661.578,432.699,0.866211,detected
77,2.569236,near,1,712.000,555.000,3.962472,10.213294,652.199,381.868,741.729,574.622,0.909180,detected
77,2.569236,far,2,638.000,413.000,3.125726,3.174927,602.697,288.236,659.339,431.136,0.863281,detected
78,2.602603,near,1,712.000,553.000,3.963551,10.148127,651.392,380.193,740.752,573.766,0.913574,detected
78,2.602603,far,2,640.000,415.000,3.153463,3.329219,603.042,290.251,659.518,430.990,0.868652,detected
79,2.635969,near,1,712.000,554.000,3.963011,10.180767,650.207,378.769,739.622,573.486,0.918945,detected
79,2.635969,far,2,642.000,414.000,3.177642,3.251846,606.198,292.554,662.910,430.372,0.877441,detected
80,2.669336,near,1,712.000,553.000,3.963551,10.148127,649.366,378.005,738.514,572.856,0.916504,detected
80,2.669336,far,2,642.000,414.000,3.177642,3.251846,609.321,294.749,666.852,430.299,0.883301,detected
81,2.702703,near,1,711.000,552.000,3.954524,10.115557,648.321,377.775,737.185,572.233,0.915039,detected
81,2.702703,far,2,643.000,414.000,3.190313,3.251710,612.042,296.676,670.756,430.357,0.885742,detected
82,2.736069,near,1,712.000,550.000,3.965185,10.049514,646.885,377.886,735.520,571.610,0.913574,detected
82,2.736069,far,2,644.000,414.000,3.202982,3.251575,614.617,297.561,674.614,430.679,0.865234,detected
83,2.769436,near,1,711.000,550.000,3.955581,10.049699,645.662,380.250,733.370,570.986,0.912598,detected
83,2.769436,far,2,646.000,417.000,3.231268,3.481512,616.602,298.419,677.945,430.879,0.874023,detected
84,2.802803,near,1,711.000,550.000,3.955581,10.049699,645.058,382.764,732.208,569.791,0.909668,detected
84,2.802803,far,2,648.000,415.000,3.254584,3.328119,618.574,299.555,680.579,430.529,0.888184,detected
85,2.836170,near,1,713.000,548.000,3.975920,9.983006,645.674,386.748,731.590,567.661,0.912109,detected
85,2.836170,far,2,652.000,414.000,3.304318,3.250487,620.336,300.005,683.293,430.404,0.891602,detected
86,2.869536,near,1,712.000,546.000,3.967389,9.916396,644.928,390.277,730.117,566.620,0.909180,detected
86,2.869536,far,2,655.000,414.000,3.342309,3.250080,622.127,300.991,685.914,430.149,0.896484,detected
87,2.902903,near,1,711.000,551.000,3.955052,10.082685,643.880,392.725,729.265,566.281,0.901855,detected
87,2.902903,far,2,659.000,414.000,3.392955,3.249536,624.600,301.892,688.977,429.845,0.892578,detected
88,2.936270,near,1,710.000,549.000,3.946492,10.016781,643.486,393.458,729.036,565.042,0.901367,detected
88,2.936270,far,2,661.000,414.000,3.418274,3.249264,626.403,303.838,690.819,429.451,0.891113,detected
89,2.969636,near,1,706.000,540.000,3.912098,9.714231,642.872,392.545,728.340,563.182,0.894531,detected
89,2.969636,far,2,662.000,414.000,3.430933,3.249128,628.247,305.528,693.206,429.313,0.886230,detected
90,3.003003,near,1,706.000,539.000,3.912561,9.679928,641.928,391.463,727.714,562.823,0.897949,detected
90,3.003003,far,2,662.000,416.000,3.431967,3.402907,628.767,306.971,695.113,429.847,0.890625,detected
91,3.036370,near,1,706.000,538.000,3.913026,9.645499,640.615,389.327,727.362,562.587,0.893066,detected
91,3.036370,far,2,662.000,415.000,3.431451,3.326196,628.749,307.890,696.461,429.763,0.891602,detected
92,3.069736,near,1,707.000,541.000,3.921397,9.748231,639.957,386.386,728.596,562.962,0.907715,detected
92,3.069736,far,2,661.000,415.000,3.418822,3.326333,627.874,309.261,696.542,428.155,0.882812,detected
93,3.103103,near,1,706.000,538.000,3.913026,9.645499,638.675,383.019,729.018,563.416,0.895020,detected
93,3.103103,far,2,660.000,417.000,3.407337,3.479545,628.572,309.861,698.440,426.983,0.881348,detected
94,3.136470,near,1,703.000,540.000,3.882765,9.714779,637.724,379.220,729.690,563.615,0.901367,detected
94,3.136470,far,2,661.000,411.000,3.416618,3.015898,632.347,309.385,701.290,420.784,0.886719,detected
95,3.169837,near,1,700.000,536.000,3.854865,9.577356,636.205,376.814,728.903,563.852,0.898926,detected
95,3.169837,far,2,660.000,408.000,3.402099,2.779361,633.997,308.855,704.738,419.021,0.897461,detected
96,3.203203,near,1,696.000,535.000,3.815753,9.543275,635.445,375.929,727.701,563.402,0.895020,detected
96,3.203203,far,2,660.000,407.000,3.401503,2.699728,634.073,307.621,708.114,419.082,0.896484,detected
97,3.236570,near,1,692.000,536.000,3.776051,9.578805,633.782,376.339,725.281,562.825,0.898926,detected
97,3.236570,far,2,659.000,405.000,3.387373,2.539449,633.358,305.858,711.123,419.141,0.875977,detected
98,3.269937,near,1,688.000,541.000,3.735901,9.751702,631.878,378.945,721.724,561.349,0.896484,detected
98,3.269937,far,2,660.000,404.000,3.399699,2.458557,623.486,303.619,702.187,419.127,0.847168,detected
99,3.303303,near,1,683.000,544.000,3.686890,9.854451,628.883,381.117,718.725,561.667,0.908203,detected
99,3.303303,far,2,662.000,402.000,3.424526,2.295625,626.934,297.951,710.867,418.798,0.865723,detected
100,3.336670,near,1,681.000,547.000,3.667389,9.955572,625.521,382.945,716.508,563.803,0.909180,detected
100,3.336670,far,2,666.000,402.000,3.476605,2.295162,626.185,292.545,713.487,417.926,0.857422,detected
101,3.370037,near,1,679.000,550.000,3.648093,10.055632,622.776,384.062,715.555,566.604,0.903809,detected
101,3.370037,far,2,672.000,402.000,3.554705,2.294467,628.013,286.724,717.188,415.944,0.884277,detected
102,3.403403,near,1,679.000,552.000,3.648116,10.121508,620.242,384.483,714.957,568.795,0.894043,detected
102,3.403403,far,2,680.000,394.000,3.658883,1.627197,636.104,281.176,724.656,412.839,0.844238,detected
103,3.436770,near,1,679.000,557.000,3.648172,10.284189,617.778,384.498,714.788,572.021,0.905762,detected
103,3.436770,far,2,686.000,400.000,3.737241,2.128677,642.901,277.971,730.496,410.900,0.855469,detected
104,3.470137,near,1,680.000,559.000,3.657659,10.348283,616.150,385.625,714.392,574.214,0.907715,detected
104,3.470137,far,2,687.000,402.000,3.749852,2.292730,647.040,274.922,734.459,409.493,0.852539,detected
105,3.503504,near,1,681.000,559.000,3.667123,10.348095,615.174,386.194,714.004,574.603,0.902832,detected
105,3.503504,far,2,689.000,397.000,3.777324,1.879132,651.032,273.756,737.892,407.805,0.834473,detected
106,3.536870,near,1,682.000,558.000,3.676625,10.315823,616.394,386.543,715.910,574.436,0.898926,detected
106,3.536870,far,2,696.000,389.000,3.873662,1.195941,656.395,272.976,741.948,404.459,0.813965,detected
107,3.570237,near,1,681.000,554.000,3.667233,10.186548,617.805,385.815,718.617,574.342,0.910645,detected
107,3.570237,far,2,700.000,390.000,3.926646,1.282340,661.538,273.691,746.431,402.241,0.866211,detected
108,3.603604,near,1,681.000,553.000,3.667255,10.153899,620.101,385.249,722.047,574.000,0.909668,detected
108,3.603604,far,2,705.000,386.000,3.996895,0.932278,667.014,274.684,748.349,396.113,0.866211,detected
109,3.636970,near,1,680.000,554.000,3.657686,10.186735,622.195,385.454,725.428,574.414,0.907715,detected
109,3.636970,far,2,707.000,381.000,4.028545,0.485262,669.542,272.389,751.198,391.923,0.894043,detected
110,3.670337,near,1,680.000,553.000,3.657691,10.154085,625.821,386.661,728.992,571.578,0.917969,detected
110,3.670337,far,2,709.000,381.000,4.055896,0.485113,672.252,272.761,755.423,391.993,0.887695,detected
111,3.703704,near,1,680.000,557.000,3.657670,10.284001,624.560,388.188,731.843,575.766,0.914062,detected
111,3.703704,far,2,713.000,382.000,4.109448,0.575068,673.291,277.182,754.428,392.314,0.886230,detected
112,3.737070,near,1,679.000,561.000,3.648217,10.412308,624.356,392.847,734.308,579.287,0.925293,detected
112,3.737070,far,2,719.000,383.000,4.189922,0.664396,677.077,280.143,757.312,393.625,0.869141,detected
113,3.770437,near,1,680.000,564.000,3.657633,10.507051,623.650,397.663,736.407,583.305,0.920410,detected
113,3.770437,far,2,724.000,385.000,4.254914,0.842219,683.981,282.686,765.360,397.490,0.856445,detected
114,3.803804,near,1,680.000,569.000,3.657607,10.663109,623.324,404.135,737.216,585.776,0.922852,detected
114,3.803804,far,2,726.000,392.000,4.271247,1.452072,684.393,283.834,767.945,404.160,0.844238,detected
115,3.837171,near,1,680.000,570.000,3.657602,10.694002,623.659,411.324,737.445,586.939,0.919434,detected
115,3.837171,far,2,726.000,394.000,4.268251,1.622552,689.053,284.395,772.097,406.223,0.791016,detected
116,3.870537,near,1,682.000,567.000,3.676286,10.600627,624.782,416.954,737.787,585.576,0.924805,detected
116,3.870537,far,2,730.000,393.000,4.322795,1.537124,688.844,282.907,770.928,406.238,0.833984,detected
117,3.903904,near,1,685.000,566.000,3.704371,10.568847,628.809,421.097,741.099,584.430,0.926758,detected
117,3.903904,far,2,728.000,395.000,4.293161,1.706967,689.355,281.766,770.218,406.300,0.869629,detected
118,3.937271,near,1,688.000,567.000,3.732283,10.599487,631.401,423.065,744.185,583.972,0.916016,detected
118,3.937271,far,2,729.000,394.000,4.307943,1.622250,689.188,280.059,769.540,406.733,0.877930,detected
119,3.970637,near,1,690.000,566.000,3.751111,10.567899,629.573,422.650,744.514,583.779,0.924805,detected
119,3.970637,far,2,729.000,392.000,4.311133,1.451781,689.342,278.430,768.900,406.536,0.833984,detected
120,4.004004,near,1,688.000,564.000,3.732684,10.505537,625.878,420.959,742.397,581.670,0.930176,detected
120,4.004004,far,2,728.000,392.000,4.297838,1.451879,688.681,273.740,768.650,405.254,0.877930,detected
121,4.037371,near,1,685.000,568.000,3.704201,10.631161,620.423,420.236,738.867,582.020,0.927246,detected
121,4.037371,far,2,725.000,391.000,4.259428,1.366301,688.008,270.711,768.303,405.456,0.881836,detected
122,4.070737,near,1,681.000,571.000,3.666868,10.724599,613.785,419.686,734.573,584.861,0.936035,detected
122,4.070737,far,2,723.000,390.000,4.234186,1.280198,687.232,269.154,767.456,406.157,0.878906,detected
123,4.104104,near,1,672.000,573.000,3.583659,10.787582,606.411,418.083,728.109,586.336,0.920410,detected
123,4.104104,far,2,719.000,387.000,4.184629,1.019107,685.998,268.030,764.048,403.145,0.866211,detected
124,4.137471,near,1,660.000,572.000,3.472420,10.759295,596.881,415.946,717.773,587.016,0.909668,detected
124,4.137471,far,2,714.000,385.000,4.119594,0.843047,683.001,268.000,759.481,401.967,0.882812,detected
125,4.170838,near,1,649.000,573.000,3.371001,10.791984,585.636,415.029,703.683,587.674,0.890137,detected
125,4.170838,far,2,706.000,382.000,4.013966,0.575603,677.331,268.000,751.483,399.830,0.870605,detected
126,4.204204,near,1,634.000,572.000,3.231500,10.764266,576.052,415.995,693.642,593.545,0.910156,detected
126,4.204204,far,2,701.000,382.000,3.945743,0.575985,671.314,268.334,743.760,399.100,0.878418,detected
127,4.237571,near,1,625.000,571.000,3.147191,10.735292,570.818,416.625,681.879,587.347,0.908203,detected
127,4.237571,far,2,696.000,387.000,3.874746,1.021109,665.439,269.361,738.239,400.906,0.890137,detected
128,4.270938,near,1,617.000,576.000,3.077777,10.889272,560.534,417.413,671.963,591.441,0.888184,detected
128,4.270938,far,2,690.000,385.000,3.794538,0.845037,659.326,270.971,732.234,401.808,0.898926,detected
129,4.304304,near,1,610.000,577.000,3.014356,10.920801,550.427,417.830,663.050,595.887,0.902832,detected
129,4.304304,far,2,686.000,385.000,3.740323,0.845369,653.071,272.954,726.059,401.661,0.908203,detected
130,4.337671,near,1,600.000,582.000,2.928459,11.072139,540.902,417.549,655.599,601.333,0.893066,detected
130,4.337671,far,2,682.000,385.000,3.686096,0.845701,646.757,274.216,721.565,402.610,0.900391,detected
131,4.371038,near,1,592.000,589.000,2.864683,11.278728,530.032,416.658,648.626,609.230,0.905273,detected
131,4.371038,far,2,676.000,385.000,3.604735,0.846200,640.602,274.259,716.468,399.120,0.900879,detected
132,4.404404,near,1,585.000,592.000,2.805722,11.366526,521.606,416.786,640.852,612.495,0.903809,detected
132,4.404404,far,2,673.000,389.000,3.564937,1.198039,633.731,273.839,714.752,402.622,0.913574,detected
133,4.437771,near,1,579.000,596.000,2.757732,11.481629,512.271,417.449,632.364,616.191,0.911621,detected
133,4.437771,far,2,670.000,391.000,3.525279,1.371536,628.163,276.294,711.683,402.844,0.906738,detected
134,4.471138,near,1,568.000,597.000,2.661176,11.512041,500.719,416.998,620.764,617.536,0.870605,detected
134,4.471138,far,2,666.000,389.000,3.470905,1.198679,622.781,275.595,710.064,403.069,0.900879,detected
135,4.504505,near,1,562.000,597.000,2.607696,11.513220,491.004,416.881,610.292,617.687,0.912598,detected
135,4.504505,far,2,663.000,391.000,3.431694,1.372203,618.098,277.030,707.255,403.150,0.917480,detected
136,4.537871,near,1,555.000,596.000,2.543475,11.486341,483.304,418.508,600.101,616.533,0.909180,detected
136,4.537871,far,2,658.000,390.000,3.364114,1.286257,614.157,277.565,704.655,402.890,0.907227,detected
137,4.571238,near,1,547.000,591.000,2.462271,11.345239,479.504,419.971,593.696,615.999,0.896484,detected
137,4.571238,far,2,655.000,392.000,3.325504,1.458971,610.925,280.179,701.138,403.360,0.898926,detected
138,4.604605,near,1,540.000,590.000,2.397140,11.317789,473.697,407.833,592.527,614.879,0.902344,detected
138,4.604605,far,2,652.000,392.000,3.285468,1.459263,608.145,282.291,697.518,403.462,0.893066,detected
139,4.637971,near,1,532.000,582.000,2.307133,11.085320,468.121,396.135,589.365,608.352,0.910645,detected
139,4.637971,far,2,650.000,391.000,3.257802,1.373442,605.030,282.332,694.221,403.280,0.899414,detected
140,4.671338,near,1,526.000,578.000,2.242788,10.967097,458.163,373.299,589.215,601.844,0.915039,detected
140,4.671338,far,2,647.000,391.000,3.217657,1.373729,602.282,282.607,690.690,403.352,0.896973,detected
141,4.704705,near,1,524.000,574.000,2.214658,10.846475,455.340,374.747,585.667,594.988,0.912109,detected
141,4.704705,far,2,645.000,389.000,3.188605,1.200597,600.618,282.683,687.982,402.948,0.893066,detected
142,4.738071,near,1,520.000,567.000,2.159803,10.631473,453.505,381.179,583.218,589.224,0.909180,detected
142,4.738071,far,2,642.000,387.000,3.145742,1.025820,597.818,283.614,684.836,403.437,0.898438,detected
143,4.771438,near,1,515.000,568.000,2.115500,10.663570,449.573,394.073,580.104,591.514,0.917480,detected
143,4.771438,far,2,639.000,388.000,3.106540,1.113830,596.336,285.369,683.200,404.476,0.906250,detected
144,4.804805,near,1,510.000,585.000,2.113539,11.178097,444.497,411.820,578.154,602.545,0.904297,detected
144,4.804805,far,2,636.000,392.000,3.071835,1.460821,591.162,287.287,679.167,406.362,0.909668,detected
145,4.838172,near,1,512.000,573.000,2.100696,10.818273,435.638,426.061,574.089,615.718,0.889160,detected
145,4.838172,far,2,634.000,393.000,3.046607,1.546643,586.543,288.402,676.295,407.344,0.910645,detected
146,4.871538,near,1,505.000,605.000,2.119148,11.747251,428.150,433.639,574.927,629.543,0.918457,detected
146,4.871538,far,2,630.000,397.000,2.999692,1.885436,583.297,291.138,674.698,408.766,0.911621,detected
147,4.904905,near,1,499.000,619.000,2.101309,12.124855,421.075,442.217,571.497,638.811,0.911621,detected
147,4.904905,far,2,629.000,398.000,2.988104,1.969124,581.821,294.989,673.765,409.711,0.904297,detected
148,4.938272,near,1,491.000,625.000,2.047524,12.282743,415.641,449.618,565.627,642.496,0.926270,detected
148,4.938272,far,2,627.000,399.000,2.963432,2.052524,581.076,297.964,673.603,409.967,0.913086,detected
149,4.971638,near,1,484.000,626.000,1.990310,12.309912,410.338,454.966,558.168,643.415,0.925293,detected
149,4.971638,far,2,627.000,399.000,2.963432,2.052524,580.288,299.941,673.719,409.748,0.915039,detected
150,5.005005,near,1,475.000,628.000,1.918922,12.363010,403.408,460.011,547.694,643.728,0.920898,detected
150,5.005005,far,2,626.000,397.000,2.946887,1.885864,578.771,300.819,673.753,409.356,0.919434,detected
151,5.038372,near,1,468.000,628.000,1.859357,12.364419,394.255,461.904,536.639,644.120,0.931641,detected
151,5.038372,far,2,625.000,396.000,2.931937,1.801978,575.671,300.429,673.315,409.050,0.918457,detected
152,5.071738,near,1,466.000,628.000,1.842336,12.364821,391.789,461.502,532.979,644.146,0.932129,detected
152,5.071738,far,2,625.000,395.000,2.930181,1.717577,573.093,299.460,673.597,408.638,0.922363,detected
153,5.105105,near,1,466.000,626.000,1.836681,12.313529,392.498,458.700,534.172,644.051,0.926270,detected
153,5.105105,far,2,623.000,395.000,2.903645,1.717783,570.029,298.033,673.963,408.975,0.918945,detected
154,5.138472,near,1,469.000,626.000,1.862292,12.312926,392.812,455.192,535.242,643.928,0.931152,detected
154,5.138472,far,2,622.000,397.000,2.894072,1.886293,565.046,296.190,672.679,409.236,0.918945,detected
155,5.171839,near,1,476.000,622.000,1.911161,12.207973,394.979,451.155,537.836,642.389,0.930664,detected
155,5.171839,far,2,621.000,397.000,2.880866,1.886400,561.697,294.269,672.387,409.257,0.922363,detected
156,5.205205,near,1,485.000,619.000,1.980563,12.127656,401.764,447.212,544.060,639.894,0.925293,detected
156,5.205205,far,2,621.000,397.000,2.880866,1.886400,559.986,292.255,672.863,408.834,0.918945,detected
157,5.238572,near,1,496.000,617.000,2.070443,12.072701,413.298,444.245,553.780,637.472,0.922852,detected
157,5.238572,far,2,619.000,398.000,2.856384,1.970213,559.786,291.623,673.583,409.229,0.918945,detected
158,5.271939,near,1,506.000,614.000,2.149798,11.990949,426.401,442.307,565.062,635.801,0.927734,detected
158,5.271939,far,2,618.000,397.000,2.841246,1.886721,559.029,290.115,673.550,408.811,0.918457,detected
159,5.305305,near,1,515.000,619.000,2.239235,12.121656,430.761,440.566,570.581,635.705,0.933105,detected
159,5.305305,far,2,618.000,397.000,2.841246,1.886721,558.274,288.631,673.560,408.647,0.915527,detected
160,5.338672,near,1,515.000,617.000,2.234759,12.068907,432.311,438.137,573.867,635.369,0.929688,detected
160,5.338672,far,2,617.000,397.000,2.828037,1.886828,557.377,288.005,672.873,409.002,0.914062,detected
161,5.372039,near,1,515.000,615.000,2.230254,12.015823,432.596,436.512,576.206,636.211,0.932129,detected
161,5.372039,far,2,616.000,398.000,2.816855,1.970540,555.561,287.357,671.091,409.698,0.905762,detected
162,5.405405,near,1,518.000,609.000,2.242835,11.853935,432.980,433.230,577.597,634.127,0.926758,detected
162,5.405405,far,2,613.000,396.000,2.773065,1.803241,554.145,286.704,668.420,409.116,0.903320,detected
163,5.438772,near,1,524.000,602.000,2.279955,11.660616,433.777,428.822,576.276,625.707,0.935059,detected
163,5.438772,far,2,612.000,395.000,2.757647,1.718920,553.492,286.611,666.772,409.734,0.899414,detected
164,5.472139,near,1,529.000,604.000,2.328513,11.714963,432.623,423.819,578.279,625.607,0.936523,detected
164,5.472139,far,2,612.000,396.000,2.759822,1.803346,553.352,286.662,665.860,411.233,0.891602,detected
165,5.505506,near,1,538.000,596.000,2.391603,11.489681,434.778,418.835,580.330,621.655,0.933105,detected
165,5.505506,far,2,611.000,397.000,2.748774,1.887470,553.518,287.469,664.266,412.359,0.896484,detected
166,5.538872,near,1,548.000,588.000,2.465398,11.258305,437.780,415.008,581.699,616.498,0.922363,detected
166,5.538872,far,2,609.000,399.000,2.726836,2.054517,553.687,289.201,662.527,414.330,0.897461,detected
167,5.572239,near,1,553.000,583.000,2.501101,11.110838,442.131,412.278,583.472,611.455,0.921387,detected
167,5.572239,far,2,610.000,400.000,2.742183,2.137220,554.400,291.421,660.745,415.770,0.897949,detected
168,5.605606,near,1,558.000,583.000,2.546727,11.109868,448.150,410.477,587.078,607.616,0.922363,detected
168,5.605606,far,2,611.000,400.000,2.755301,2.137107,555.743,293.045,659.660,416.155,0.893066,detected
169,5.638972,near,1,564.000,584.000,2.603223,11.138195,454.009,410.454,591.001,605.961,0.919434,detected
169,5.638972,far,2,611.000,401.000,2.757455,2.219522,557.632,295.357,658.811,416.418,0.891113,detected
170,5.672339,near,1,569.000,588.000,2.655417,11.254210,460.421,411.452,595.538,604.850,0.921387,detected
170,5.672339,far,2,611.000,400.000,2.755301,2.137107,559.651,297.355,658.409,416.206,0.900879,detected
171,5.705706,near,1,571.000,589.000,2.675129,11.282824,466.799,412.830,600.531,604.370,0.928711,detected
171,5.705706,far,2,611.000,400.000,2.755301,2.137107,561.212,299.368,658.380,416.677,0.902344,detected
172,5.739072,near,1,575.000,590.000,2.712802,11.310951,473.466,414.406,606.215,604.408,0.924316,detected
172,5.739072,far,2,611.000,401.000,2.757455,2.219522,562.389,299.801,658.682,416.189,0.902832,detected
173,5.772439,near,1,579.000,591.000,2.750345,11.338983,480.107,415.255,612.259,604.490,0.923340,detected
173,5.772439,far,2,612.000,401.000,2.770540,2.219408,563.437,299.786,659.653,416.204,0.896973,detected
174,5.805806,near,1,583.000,590.000,2.784899,11.309389,487.442,415.319,619.698,604.864,0.917480,detected
174,5.805806,far,2,613.000,401.000,2.783625,2.219294,564.606,299.322,661.258,416.196,0.895020,detected
175,5.839173,near,1,585.000,587.000,2.798684,11.221993,493.557,415.868,625.391,605.195,0.923828,detected
175,5.839173,far,2,615.000,402.000,2.811812,2.301079,566.489,298.909,662.989,416.324,0.891602,detected
176,5.872539,near,1,589.000,583.000,2.829430,11.103854,499.986,416.952,629.072,602.229,0.922852,detected
176,5.872539,far,2,619.000,402.000,2.864014,2.300614,570.599,297.524,666.775,416.077,0.895020,detected
177,5.905906,near,1,592.000,584.000,2.858102,11.132759,506.611,418.532,633.632,601.730,0.922363,detected
177,5.905906,far,2,623.000,400.000,2.912660,2.135757,575.586,297.058,670.124,415.479,0.886719,detected
178,5.939273,near,1,596.000,585.000,2.895757,11.161370,511.564,420.418,636.795,601.734,0.904297,detected
178,5.939273,far,2,628.000,400.000,2.978198,2.135194,581.109,297.083,673.961,415.669,0.869141,detected
179,5.972639,near,1,598.000,584.000,2.912686,11.131595,515.741,423.488,637.292,600.344,0.897461,detected
179,5.972639,far,2,633.000,400.000,3.043720,2.134631,584.792,296.803,676.563,416.092,0.876465,detected
180,6.006006,near,1,602.000,582.000,2.946711,11.071752,521.808,426.793,639.214,598.716,0.898926,detected
180,6.006006,far,2,638.000,400.000,3.109225,2.134069,588.010,296.833,678.723,416.529,0.897461,detected
181,6.039373,near,1,605.000,580.000,2.971804,11.011708,527.854,430.671,640.971,597.291,0.897949,detected
181,6.039373,far,2,643.000,401.000,3.175863,2.215864,591.092,297.619,680.672,417.397,0.893066,detected
182,6.072739,near,1,607.000,576.000,2.985627,10.891194,535.507,433.436,641.636,590.120,0.904785,detected
182,6.072739,far,2,648.000,402.000,3.242166,2.297248,594.670,299.472,682.834,418.214,0.903809,detected
183,6.106106,near,1,610.000,573.000,3.010011,10.799454,540.995,435.049,644.069,587.852,0.902832,detected
183,6.106106,far,2,652.000,404.000,3.295994,2.459512,598.019,301.375,684.923,418.725,0.891113,detected
184,6.139473,near,1,612.000,566.000,3.021010,10.582706,547.453,434.981,646.568,581.544,0.895508,detected
184,6.139473,far,2,652.000,405.000,3.296844,2.540298,599.970,303.431,685.432,419.047,0.891602,detected
185,6.172840,near,1,614.000,573.000,3.047059,10.798687,551.428,434.222,653.702,585.864,0.905762,detected
185,6.172840,far,2,652.000,406.000,3.297691,2.620700,600.483,305.466,685.105,419.440,0.898438,detected
186,6.206206,near,1,615.000,572.000,3.055303,10.767902,553.803,432.000,657.933,586.838,0.892578,detected
186,6.206206,far,2,651.000,405.000,3.283909,2.540419,600.549,306.698,684.812,419.644,0.901855,detected
187,6.239573,near,1,615.000,566.000,3.049129,10.582136,555.813,428.636,662.056,586.692,0.911621,detected
187,6.239573,far,2,647.000,404.000,3.231158,2.460110,601.451,307.911,685.129,419.492,0.899414,detected
188,6.272940,near,1,615.000,566.000,3.049129,10.582136,558.943,425.012,667.172,584.694,0.905273,detected
188,6.272940,far,2,644.000,403.000,3.191146,2.379284,602.060,308.613,684.709,418.417,0.895996,detected
189,6.306306,near,1,614.000,560.000,3.033356,10.392691,559.909,421.084,670.428,583.699,0.904785,detected
189,6.306306,far,2,642.000,402.000,3.163972,2.297944,601.550,309.771,683.447,417.575,0.899414,detected
190,6.339673,near,1,614.000,562.000,3.035504,10.456340,556.449,417.643,669.276,581.954,0.885742,detected
190,6.339673,far,2,643.000,402.000,3.177006,2.297828,601.578,309.585,683.814,416.105,0.904785,detected
191,6.373040,near,1,611.000,562.000,3.007190,10.456907,550.971,414.457,666.782,581.336,0.923828,detected
191,6.373040,far,2,644.000,401.000,3.188927,2.215750,602.609,309.103,685.157,413.619,0.903809,detected
192,6.406406,near,1,611.000,564.000,3.009421,10.520119,546.536,411.528,664.892,581.144,0.920898,detected
192,6.406406,far,2,644.000,400.000,3.187810,2.133394,603.296,307.770,687.005,411.407,0.901367,detected
193,6.439773,near,1,610.000,567.000,3.003381,10.614314,540.330,407.928,662.907,582.517,0.925781,detected
193,6.439773,far,2,644.000,398.000,3.185559,1.967492,602.693,305.710,689.044,410.685,0.901855,detected
194,6.473140,near,1,612.000,568.000,3.023179,10.645054,536.424,403.533,663.312,584.187,0.923828,detected
194,6.473140,far,2,643.000,399.000,3.173560,2.050753,601.251,302.551,690.382,409.727,0.891602,detected
195,6.506507,near,1,615.000,569.000,3.052232,10.675495,535.938,400.229,664.879,584.577,0.888184,detected
195,6.506507,far,2,641.000,401.000,3.149732,2.216093,598.648,298.587,690.759,408.824,0.878906,detected
196,6.539873,near,1,617.000,567.000,3.068879,10.612982,538.224,398.737,667.398,584.750,0.890625,detected
196,6.539873,far,2,640.000,401.000,3.136666,2.216207,597.031,299.350,689.093,409.420,0.836914,detected
197,6.573240,near,1,619.000,568.000,3.088559,10.643720,539.017,395.932,668.957,584.555,0.897461,detected
197,6.573240,far,2,638.000,401.000,3.110531,2.216436,593.117,290.890,691.688,409.682,0.863281,detected
198,6.606607,near,1,619.000,565.000,3.085639,10.550042,540.534,394.365,670.508,585.053,0.903320,detected
198,6.606607,far,2,638.000,399.000,3.107913,2.051306,594.390,285.778,695.422,408.065,0.870605,detected
199,6.639973,near,1,621.000,568.000,3.107236,10.643338,542.561,393.767,672.102,586.238,0.896484,detected
199,6.639973,far,2,639.000,392.000,3.111904,1.460529,600.885,279.509,703.645,403.425,0.866211,detected
200,6.673340,near,1,625.000,570.000,3.146326,10.704493,545.669,394.309,675.065,588.802,0.898926,detected
200,6.673340,far,2,639.000,391.000,3.110573,1.374492,606.270,277.128,709.540,401.289,0.903809,detected
201,6.706707,near,1,627.000,574.000,3.168252,10.826683,548.712,395.282,677.906,591.051,0.888184,detected
201,6.706707,far,2,641.000,388.000,3.133514,1.113651,605.222,273.842,708.143,399.870,0.886230,detected
202,6.740073,near,1,629.000,575.000,3.187525,10.856684,556.553,398.941,684.002,591.769,0.908691,detected
202,6.740073,far,2,644.000,387.000,3.172779,1.025645,611.266,270.284,716.146,399.713,0.906738,detected
203,6.773440,near,1,632.000,576.000,3.215940,10.886388,563.797,402.533,690.200,592.740,0.922852,detected
203,6.773440,far,2,647.000,384.000,3.210025,0.759561,616.683,268.921,720.339,398.366,0.897461,detected
204,6.806807,near,1,635.000,577.000,3.244256,10.915989,568.354,405.486,694.536,593.519,0.922363,detected
204,6.806807,far,2,654.000,385.000,3.306194,0.848027,620.943,268.000,722.193,396.834,0.891602,detected
205,6.840174,near,1,638.000,576.000,3.271185,10.885235,571.571,409.030,697.312,594.507,0.927734,detected
205,6.840174,far,2,657.000,372.000,3.336638,0.000000,623.586,268.000,721.593,396.848,0.855957,detected
206,6.873540,near,1,639.000,577.000,3.281022,10.915220,575.533,412.933,700.377,595.716,0.918945,detected
206,6.873540,far,2,665.000,373.000,3.449380,0.000000,630.702,268.000,722.976,392.672,0.851074,detected
207,6.906907,near,1,641.000,581.000,3.301780,11.034532,579.047,416.811,702.704,596.863,0.916992,detected
207,6.906907,far,2,667.000,363.000,3.472689,0.000000,636.902,268.000,724.978,389.830,0.707520,detected
208,6.940274,near,1,643.000,578.000,3.318348,10.944526,581.389,419.949,703.601,597.267,0.917480,detected
208,6.940274,far,2,677.000,365.000,3.616396,0.000000,644.754,268.000,726.868,383.672,0.866699,detected
209,6.973640,near,1,648.000,580.000,3.365187,11.003407,583.647,421.430,705.189,597.678,0.904297,detected
209,6.973640,far,2,680.000,360.000,3.659269,0.000000,652.711,268.000,728.698,376.283,0.791016,detected
210,7.007007,near,1,649.000,579.000,3.373858,10.973343,582.705,420.354,705.062,597.520,0.910156,detected
210,7.007007,far,2,687.000,362.000,3.759899,0.000000,658.635,268.000,731.962,374.049,0.855469,detected
211,7.040374,near,1,649.000,582.000,3.375264,11.062659,581.416,418.197,705.202,597.441,0.920410,detected
211,7.040374,far,2,692.000,360.000,3.832712,0.000000,663.059,268.374,735.256,374.152,0.872070,detected
212,7.073740,near,1,648.000,581.000,3.365671,11.033180,581.413,415.295,706.888,597.819,0.914551,detected
212,7.073740,far,2,698.000,360.000,3.919390,0.000000,667.665,268.863,739.002,374.497,0.868652,detected
213,7.107107,near,1,648.000,577.000,3.363724,10.913489,581.771,412.908,708.163,597.805,0.920410,detected
213,7.107107,far,2,704.000,362.000,4.004187,0.000000,671.279,268.064,742.814,375.359,0.850098,detected
214,7.140474,near,1,647.000,576.000,3.354030,10.883506,582.033,411.003,708.390,597.079,0.923828,detected
214,7.140474,far,2,711.000,365.000,4.101178,0.000000,676.240,268.293,749.505,379.382,0.872559,detected
215,7.173841,near,1,647.000,576.000,3.354030,10.883506,583.672,409.995,709.067,595.376,0.930664,detected
215,7.173841,far,2,718.000,366.000,4.199450,0.000000,682.193,268.398,756.718,381.913,0.874023,detected
216,7.207207,near,1,645.000,576.000,3.335623,10.883890,584.688,410.328,710.085,595.426,0.927734,detected
216,7.207207,far,2,725.000,370.000,4.292199,0.000000,688.927,268.741,764.876,384.604,0.876465,detected
217,7.240574,near,1,644.000,576.000,3.326418,10.884083,584.155,411.741,709.998,595.300,0.926270,detected
217,7.240574,far,2,732.000,376.000,4.379318,0.025481,694.420,268.889,774.888,391.688,0.891113,detected
218,7.273941,near,1,643.000,576.000,3.317213,10.884274,584.111,414.204,709.835,594.540,0.925293,detected
218,7.273941,far,2,739.000,378.000,4.471969,0.209567,700.755,268.332,783.065,394.021,0.901367,detected
219,7.307307,near,1,642.000,578.000,3.309174,10.944717,582.765,417.922,708.567,595.396,0.926758,detected
219,7.307307,far,2,743.000,381.000,4.520427,0.482589,703.330,268.405,785.822,395.194,0.898926,detected
220,7.340674,near,1,641.000,580.000,3.301188,11.004758,581.903,423.095,707.222,596.576,0.925293,detected
220,7.340674,far,2,744.000,383.000,4.529688,0.662432,706.230,271.100,786.279,395.061,0.881836,detected
221,7.374041,near,1,641.000,578.000,3.299999,10.944910,581.635,427.442,706.597,597.302,0.922852,detected
221,7.374041,far,2,745.000,380.000,4.549972,0.391806,709.156,274.071,787.039,396.032,0.864258,detected
222,7.407407,near,1,640.000,576.000,3.289597,10.884851,580.258,429.146,705.287,595.831,0.918457,detected
222,7.407407,far,2,747.000,379.000,4.579662,0.300574,710.873,276.113,786.375,395.448,0.848145,detected
223,7.440774,near,1,638.000,574.000,3.269887,10.824574,579.204,430.939,703.579,593.403,0.920410,detected
223,7.440774,far,2,744.000,377.000,4.542988,0.117211,712.151,277.870,785.148,393.769,0.837402,detected
224,7.474141,near,1,638.000,572.000,3.268579,10.763501,579.958,432.404,705.263,592.216,0.917480,detected
224,7.474141,far,2,746.000,379.000,4.565946,0.300644,711.949,278.651,784.463,394.265,0.875977,detected
225,7.507508,near,1,636.000,571.000,3.249352,10.733191,583.257,433.457,710.956,591.793,0.922852,detected
225,7.507508,far,2,746.000,377.000,4.570562,0.117080,711.672,278.419,783.624,393.364,0.867188,detected
226,7.540874,near,1,636.000,575.000,3.252092,10.855340,586.627,434.288,717.790,592.374,0.925293,detected
226,7.540874,far,2,744.000,376.000,4.545244,0.024725,711.697,277.022,783.519,392.155,0.832031,detected
227,7.574241,near,1,640.000,573.000,3.287740,10.793706,591.272,435.043,725.467,592.027,0.923828,detected
227,7.574241,far,2,743.000,375.000,4.533654,0.000000,711.392,274.701,784.177,392.336,0.864258,detected
228,7.607608,near,1,643.000,576.000,3.317213,10.884274,597.517,435.553,736.347,593.634,0.908203,detected
228,7.607608,far,2,742.000,375.000,4.519794,0.000000,710.666,272.343,784.333,392.967,0.851074,detected
229,7.640974,near,1,649.000,574.000,3.371482,10.822466,604.513,434.696,748.115,594.379,0.918457,detected
229,7.640974,far,2,741.000,376.000,4.503773,0.024914,707.625,270.255,780.843,393.063,0.849121,detected
230,7.674341,near,1,657.000,572.000,3.444633,10.759868,615.373,433.621,758.296,589.678,0.918457,detected
230,7.674341,far,2,736.000,378.000,4.430696,0.209769,704.615,270.236,775.606,393.025,0.824219,detected
231,7.707708,near,1,666.000,573.000,3.528200,10.788730,625.719,431.510,768.251,586.742,0.909668,detected
231,7.707708,far,2,733.000,378.000,4.389416,0.209972,702.507,271.306,771.053,393.710,0.819824,detected
232,7.741074,near,1,671.000,574.000,3.574553,10.818251,632.092,428.416,779.935,591.412,0.907715,detected
232,7.741074,far,2,731.000,377.000,4.363685,0.118059,701.339,273.143,767.376,394.036,0.832031,detected
233,7.774441,near,1,681.000,571.000,3.666868,10.724599,641.045,424.685,786.376,588.652,0.904785,detected
233,7.774441,far,2,728.000,378.000,4.320601,0.210310,701.995,275.271,766.001,394.081,0.833496,detected
234,7.807808,near,1,687.000,573.000,3.722256,10.784714,644.682,420.410,791.611,592.672,0.883301,detected
234,7.807808,far,2,726.000,380.000,4.289859,0.393174,700.851,276.216,764.592,396.304,0.815918,detected
235,7.841175,near,1,693.000,581.000,3.776028,11.024498,646.604,417.428,794.996,600.020,0.840820,detected
235,7.841175,far,2,724.000,383.000,4.257911,0.664003,700.006,276.702,764.495,399.529,0.853027,detected
236,7.874541,near,1,698.000,581.000,3.821584,11.023534,648.888,416.915,793.371,603.684,0.867676,detected
236,7.874541,far,2,723.000,385.000,4.241385,0.842302,697.387,277.298,762.272,402.981,0.832031,detected
237,7.907908,near,1,703.000,587.000,3.865021,11.199070,651.678,417.448,791.517,606.490,0.877441,detected
237,7.907908,far,2,721.000,386.000,4.212938,0.930919,696.489,278.356,761.336,405.676,0.829102,detected
238,7.941275,near,1,707.000,587.000,3.901092,11.198295,655.328,419.152,788.989,607.265,0.895996,detected
238,7.941275,far,2,717.000,393.000,4.150344,1.538411,694.921,279.031,759.990,408.218,0.860840,detected
239,7.974641,near,1,715.000,587.000,3.973218,11.196744,658.473,419.076,788.171,607.797,0.900391,detected
239,7.974641,far,2,715.000,394.000,4.122662,1.623662,692.688,281.237,757.219,410.410,0.868652,detected
240,8.008008,near,1,719.000,591.000,4.006942,11.311690,661.918,416.472,790.951,608.801,0.914062,detected
240,8.008008,far,2,712.000,390.000,4.087147,1.281222,690.857,282.279,754.922,410.918,0.836426,detected
241,8.041375,near,1,724.000,594.000,4.049761,11.396513,666.385,422.825,791.977,611.941,0.927246,detected
241,8.041375,far,2,708.000,388.000,4.035528,1.107672,688.509,282.652,752.368,410.492,0.704102,detected
242,8.074741,near,1,728.000,602.000,4.079831,11.620452,671.257,427.522,797.942,617.634,0.929199,detected
242,8.074741,far,2,708.000,391.000,4.032730,1.367918,685.443,283.689,749.683,410.918,0.865234,detected
243,8.108108,near,1,732.000,606.000,4.112046,11.729862,674.942,430.345,803.738,621.985,0.920410,detected
243,8.108108,far,2,704.000,395.000,3.976210,1.709434,681.678,283.135,746.821,410.681,0.863281,detected
244,8.141475,near,1,739.000,613.000,4.167428,11.917955,676.454,433.513,810.067,631.173,0.926758,detected
244,8.141475,far,2,700.000,396.000,3.922697,1.794106,676.892,282.690,742.975,410.272,0.902344,detected
245,8.174842,near,1,741.000,622.000,4.177243,12.155070,678.444,439.432,813.064,638.221,0.928223,detected
245,8.174842,far,2,698.000,396.000,3.896326,1.794315,672.761,282.006,739.987,409.728,0.909180,detected
246,8.208208,near,1,748.000,627.000,4.232321,12.282761,690.336,446.464,826.351,643.933,0.926758,detected
246,8.208208,far,2,694.000,396.000,3.843575,1.794734,668.495,281.943,737.165,409.989,0.914551,detected
247,8.241575,near,1,756.000,625.000,4.301890,12.229776,702.428,454.469,837.736,646.842,0.933594,detected
247,8.241575,far,2,691.000,394.000,3.804731,1.626085,662.865,281.696,733.468,409.994,0.905762,detected
248,8.274942,near,1,758.000,626.000,4.317799,12.255114,707.862,458.786,842.549,647.796,0.936035,detected
248,8.274942,far,2,689.000,394.000,3.778220,1.626287,657.702,282.867,729.602,409.903,0.898926,detected
249,8.308308,near,1,758.000,627.000,4.316770,12.280768,707.640,459.298,842.761,647.880,0.938965,detected
249,8.308308,far,2,689.000,396.000,3.777621,1.795258,654.232,284.512,727.573,410.202,0.909180,detected
250,8.341675,near,1,758.000,626.000,4.317799,12.255114,699.754,455.835,835.481,647.663,0.920410,detected
250,8.341675,far,2,689.000,397.000,3.777324,1.879132,651.605,285.972,727.204,412.150,0.914062,detected
251,8.375042,near,1,759.000,626.000,4.326255,12.254914,692.651,450.581,829.851,646.931,0.924805,detected
251,8.375042,far,2,689.000,401.000,3.776150,2.210616,650.664,289.341,727.208,414.139,0.930664,detected
252,8.408408,near,1,758.000,625.000,4.318830,12.229379,690.329,444.945,828.804,646.432,0.913574,detected
252,8.408408,far,2,688.000,402.000,3.762857,2.292614,649.797,294.300,726.223,415.722,0.902344,detected
253,8.441775,near,1,755.000,623.000,4.295413,12.178265,692.079,441.074,829.526,645.052,0.916992,detected
253,8.441775,far,2,686.000,404.000,3.736456,2.455455,649.233,301.088,724.576,416.929,0.902832,detected
254,8.475142,near,1,751.000,621.000,4.263322,12.127025,692.294,438.794,826.759,642.066,0.920410,detected
254,8.475142,far,2,685.000,403.000,3.723676,2.374461,649.268,304.563,724.515,416.826,0.897949,detected
255,8.508509,near,1,746.000,621.000,4.220695,12.128018,690.098,438.131,819.927,638.457,0.926270,detected
255,8.508509,far,2,686.000,404.000,3.736456,2.455455,648.513,305.960,724.836,416.971,0.894043,detected
256,8.541875,near,1,739.000,620.000,4.161799,12.103267,687.204,439.950,812.446,637.182,0.922363,detected
256,8.541875,far,2,685.000,405.000,3.723349,2.536302,646.729,304.796,725.432,416.997,0.896973,detected
257,8.575242,near,1,738.000,622.000,4.151699,12.155667,686.752,443.282,808.357,637.250,0.926758,detected
257,8.575242,far,2,685.000,406.000,3.723186,2.616649,648.024,300.938,731.829,417.342,0.897461,detected
258,8.608609,near,1,737.000,622.000,4.143184,12.155866,686.972,445.679,805.846,637.547,0.927246,detected
258,8.608609,far,2,687.000,407.000,3.748729,2.696369,647.973,296.149,737.064,417.171,0.914062,detected
259,8.641975,near,1,737.000,622.000,4.143184,12.155866,685.385,445.775,803.725,637.931,0.930176,detected
259,8.641975,far,2,686.000,407.000,3.735877,2.696493,646.736,292.266,740.325,417.298,0.916992,detected
260,8.675342,near,1,738.000,623.000,4.150923,12.181645,683.339,442.448,803.265,638.490,0.932129,detected
260,8.675342,far,2,685.000,404.000,3.723512,2.455574,647.953,288.806,745.498,416.283,0.914062,detected
261,8.708709,near,1,736.000,618.000,4.137689,12.051332,681.234,437.097,803.327,638.265,0.915527,detected
261,8.708709,far,2,686.000,403.000,3.736651,2.374344,647.323,286.634,748.062,416.013,0.923828,detected
262,8.742075,near,1,734.000,613.000,4.124244,11.918944,679.577,432.470,801.994,635.642,0.920410,detected
262,8.742075,far,2,684.000,403.000,3.710701,2.374579,645.708,283.368,749.855,415.758,0.916016,detected
263,8.775442,near,1,729.000,608.000,4.084461,11.785023,676.527,428.108,798.307,633.073,0.912598,detected
263,8.775442,far,2,685.000,402.000,3.723841,2.292961,644.820,280.815,751.915,415.723,0.911133,detected
264,8.808809,near,1,723.000,604.000,4.034638,11.676710,671.382,424.933,790.795,628.857,0.915527,detected
264,8.808809,far,2,684.000,398.000,3.711376,1.963145,643.490,279.025,751.456,414.239,0.917480,detected
265,8.842176,near,1,715.000,603.000,3.965002,11.650687,664.575,422.289,780.956,624.710,0.927246,detected
265,8.842176,far,2,685.000,398.000,3.724508,1.963036,641.484,277.884,749.948,413.588,0.919434,detected
266,8.875542,near,1,705.000,599.000,3.878609,11.541369,656.593,421.136,769.136,620.331,0.914551,detected
266,8.875542,far,2,686.000,399.000,3.737440,2.046002,638.012,277.979,745.333,413.409,0.921387,detected
267,8.908909,near,1,696.000,596.000,3.799724,11.458714,648.458,421.197,757.428,616.583,0.916504,detected
267,8.908909,far,2,687.000,397.000,3.751002,1.879346,636.847,278.693,742.286,412.849,0.917480,detected
268,8.942276,near,1,687.000,597.000,3.719612,11.488706,638.194,422.216,745.620,614.521,0.919922,detected
268,8.942276,far,2,687.000,398.000,3.750770,1.962819,635.694,278.580,740.174,412.568,0.917969,detected
269,8.975642,near,1,679.000,601.000,3.648631,11.602294,629.590,424.371,737.140,614.394,0.928223,detected
269,8.975642,far,2,688.000,400.000,3.763376,2.128453,635.202,278.709,739.481,413.527,0.913086,detected
270,9.009009,near,1,676.000,605.000,3.622374,11.713468,621.310,426.362,731.261,616.134,0.934570,detected
270,9.009009,far,2,686.000,399.000,3.737440,2.046002,635.627,278.995,738.660,413.047,0.916504,detected
271,9.042376,near,1,675.000,603.000,3.613476,11.658550,615.532,427.127,728.297,616.833,0.929199,detected
271,9.042376,far,2,687.000,400.000,3.750309,2.128565,636.327,279.699,737.868,412.935,0.911621,detected
272,9.075742,near,1,674.000,597.000,3.604194,11.491251,611.519,425.504,727.731,616.282,0.924805,detected
272,9.075742,far,2,685.000,398.000,3.724508,1.963036,637.190,280.199,737.023,412.825,0.908691,detected
273,9.109109,near,1,669.000,583.000,3.557576,11.088366,610.196,423.485,724.301,605.584,0.883301,detected
273,9.109109,far,2,683.000,399.000,3.698139,2.046333,636.050,280.759,733.668,412.502,0.913574,detected
274,9.142476,near,1,667.000,584.000,3.539589,11.118224,605.223,419.839,723.952,605.904,0.916504,detected
274,9.142476,far,2,682.000,399.000,3.685037,2.046443,634.739,282.334,729.914,412.241,0.903320,detected
275,9.175843,near,1,659.000,582.000,3.466355,11.060727,598.772,417.765,715.603,599.806,0.918457,detected
275,9.175843,far,2,679.000,399.000,3.645728,2.046774,632.943,284.651,725.863,411.718,0.916016,detected
276,9.209209,near,1,648.000,581.000,3.365671,11.033180,588.857,415.802,704.067,596.994,0.922363,detected
276,9.209209,far,2,677.000,400.000,3.619603,2.129687,630.590,286.884,722.085,411.312,0.903809,detected
277,9.242576,near,1,639.000,582.000,3.284142,11.064592,579.090,414.688,690.935,595.034,0.906250,detected
277,9.242576,far,2,674.000,400.000,3.580379,2.130024,627.753,288.997,718.713,411.097,0.902832,detected
278,9.275943,near,1,628.000,579.000,3.181499,10.977390,566.310,413.318,675.284,594.250,0.891602,detected
278,9.275943,far,2,672.000,402.000,3.554705,2.294467,624.930,290.407,716.472,411.385,0.899414,detected
279,9.309309,near,1,615.000,579.000,3.062349,10.979898,556.283,412.138,661.200,593.611,0.848633,detected
279,9.309309,far,2,672.000,400.000,3.554226,2.130249,622.379,290.614,715.552,411.571,0.909180,detected
280,9.342676,near,1,612.000,575.000,3.030653,10.859948,548.351,410.745,650.091,593.592,0.825195,detected
280,9.342676,far,2,671.000,400.000,3.541148,2.130361,620.939,291.092,715.259,411.644,0.903320,detected
281,9.376043,near,1,600.000,577.000,2.922339,10.922727,535.888,409.273,636.370,593.512,0.884766,detected
281,9.376043,far,2,670.000,400.000,3.528070,2.130473,619.475,290.528,715.638,411.890,0.907227,detected
282,9.409409,near,1,590.000,576.000,2.828898,10.894465,527.805,408.622,627.790,593.119,0.893555,detected
282,9.409409,far,2,669.000,400.000,3.514992,2.130585,617.894,290.152,715.218,411.913,0.906738,detected
283,9.442776,near,1,582.000,571.000,2.747450,10.743519,522.169,408.779,622.101,592.177,0.910645,detected
283,9.442776,far,2,666.000,399.000,3.475322,2.048211,615.181,289.422,713.305,411.923,0.896484,detected
284,9.476143,near,1,576.000,564.000,2.680001,10.526760,516.655,409.384,617.182,591.309,0.917480,detected
284,9.476143,far,2,661.000,399.000,3.409751,2.048763,611.088,289.062,708.522,411.573,0.898438,detected
285,9.509510,near,1,565.000,570.000,2.587425,10.715961,510.871,411.790,611.982,590.608,0.925293,detected
285,9.509510,far,2,656.000,401.000,3.345649,2.214380,606.341,288.987,702.504,412.082,0.892090,detected
286,9.542876,near,1,561.000,567.000,2.544438,10.623649,505.570,414.735,607.228,589.539,0.931152,detected
286,9.542876,far,2,651.000,400.000,3.279462,2.132607,603.344,289.235,697.621,412.559,0.886719,detected
287,9.576243,near,1,554.000,570.000,2.484830,10.718066,499.278,419.018,600.049,587.467,0.927734,detected
287,9.576243,far,2,645.000,398.000,3.198717,1.967383,600.841,289.676,693.916,413.378,0.887695,detected
288,9.609610,near,1,553.000,565.000,2.465350,10.562585,496.714,423.370,595.391,584.286,0.917969,detected
288,9.609610,far,2,640.000,400.000,3.135423,2.133844,599.456,290.261,692.147,415.457,0.887695,detected
289,9.642976,near,1,551.000,566.000,2.448607,10.594315,493.572,428.821,591.005,582.893,0.921875,detected
289,9.642976,far,2,633.000,402.000,3.046638,2.298988,594.834,290.897,687.136,416.869,0.897949,detected
290,9.676343,near,1,559.000,561.000,2.513946,10.434968,493.624,432.949,589.726,581.283,0.921875,detected
290,9.676343,far,2,627.000,406.000,2.974882,2.623774,589.729,292.048,681.979,419.018,0.910645,detected
291,9.709710,near,1,556.000,563.000,2.489565,10.498994,493.654,435.319,589.217,580.184,0.921875,detected
291,9.709710,far,2,625.000,407.000,2.950706,2.704089,586.415,295.014,677.081,420.521,0.900879,detected
292,9.743076,near,1,551.000,556.000,2.427514,10.275890,492.606,434.918,589.067,579.559,0.922852,detected
292,9.743076,far,2,621.000,406.000,2.897349,2.624512,583.780,297.124,672.856,420.782,0.901855,detected
293,9.776443,near,1,545.000,561.000,2.381292,10.437618,491.200,432.967,588.633,577.933,0.917969,detected
293,9.776443,far,2,620.000,406.000,2.884424,2.624635,581.197,300.316,667.967,420.993,0.896973,detected
294,9.809810,near,1,541.000,558.000,2.336522,10.342349,489.176,429.089,588.865,576.812,0.920410,detected
294,9.809810,far,2,621.000,408.000,2.900917,2.784287,578.135,301.261,663.901,421.258,0.899414,detected
295,9.843177,near,1,543.000,556.000,2.351033,10.277394,487.752,424.701,590.452,577.018,0.916992,detected
295,9.843177,far,2,619.000,405.000,2.869641,2.544299,572.858,300.929,657.615,421.406,0.869629,detected
296,9.876543,near,1,542.000,552.000,2.332219,10.147062,486.634,419.233,592.412,576.995,0.912598,detected
296,9.876543,far,2,619.000,406.000,2.871499,2.624758,569.595,297.849,654.809,420.728,0.878418,detected
297,9.909910,near,1,541.000,553.000,2.324932,10.180052,485.773,414.641,593.785,577.023,0.908203,detected
297,9.909910,far,2,618.000,406.000,2.858573,2.624881,569.432,293.561,655.748,420.953,0.887695,detected
298,9.943277,near,1,545.000,551.000,2.358823,10.113585,485.330,410.248,592.929,573.852,0.911621,detected
298,9.943277,far,2,617.000,405.000,2.843728,2.544542,568.497,289.901,655.217,420.676,0.893555,detected
299,9.976643,near,1,548.000,549.000,2.383271,10.046842,485.766,406.630,592.182,570.977,0.904785,detected
299,9.976643,far,2,617.000,403.000,2.839861,2.382465,566.938,284.301,654.752,419.508,0.882324,detected
300,10.010010,near,1,545.000,550.000,2.356532,10.080550,485.450,404.249,589.441,567.952,0.905762,detected
300,10.010010,far,2,616.000,398.000,2.816855,1.970540,556.795,279.107,647.058,417.661,0.884277,detected
301,10.043377,near,1,542.000,551.000,2.329885,10.114144,479.922,403.196,583.493,569.257,0.887695,detected
301,10.043377,far,2,615.000,398.000,2.803677,1.970649,550.698,275.180,643.635,417.146,0.899414,detected
302,10.076743,near,1,542.000,554.000,2.336862,10.212551,474.167,401.870,579.990,574.152,0.899902,detected
302,10.076743,far,2,614.000,397.000,2.788409,1.887149,545.713,270.375,639.041,412.228,0.922363,detected
303,10.110110,near,1,540.000,558.000,2.326993,10.342537,469.759,400.160,577.677,577.010,0.898438,detected
303,10.110110,far,2,610.000,393.000,2.726581,1.549029,541.352,268.149,634.066,408.983,0.915527,detected
304,10.143477,near,1,538.000,561.000,2.314940,10.438944,467.050,398.720,576.570,578.416,0.915039,detected
304,10.143477,far,2,604.000,389.000,2.636564,1.204349,538.058,268.000,628.702,406.563,0.914062,detected
305,10.176844,near,1,550.000,562.000,2.430798,10.468457,466.670,397.247,578.174,579.946,0.910645,detected
305,10.176844,far,2,599.000,385.000,2.558342,0.852606,536.193,268.000,623.028,402.560,0.741699,detected
306,10.210210,near,1,550.000,563.000,2.432913,10.500133,467.238,396.178,579.926,580.537,0.908203,detected
306,10.210210,far,2,595.000,381.000,2.492281,0.493611,539.446,268.000,621.246,399.585,0.757812,detected
307,10.243577,near,1,552.000,562.000,2.449716,10.468078,469.016,395.405,582.562,580.063,0.915039,detected
307,10.243577,far,2,589.000,380.000,2.406583,0.403080,538.537,268.003,615.539,397.310,0.679199,detected
308,10.276944,near,1,557.000,562.000,2.497006,10.467131,469.388,395.167,584.033,580.437,0.916992,detected
308,10.276944,far,2,584.000,379.000,2.334259,0.311992,535.777,268.379,609.490,396.596,0.692871,detected
309,10.310310,near,1,563.000,564.000,2.557539,10.529228,468.866,395.200,585.366,582.404,0.916992,detected
309,10.310310,far,2,581.000,376.000,2.282330,0.035032,534.064,268.563,604.459,394.884,0.779297,detected
310,10.343677,near,1,567.000,568.000,2.602483,10.653636,470.141,395.398,588.974,584.832,0.925781,detected
310,10.343677,far,2,575.000,377.000,2.202361,0.128287,533.973,268.532,601.167,392.151,0.812500,detected
311,10.377044,near,1,568.000,575.000,2.624192,10.868408,473.100,396.146,595.805,589.254,0.940430,detected
311,10.377044,far,2,569.000,384.000,2.145754,0.765895,518.011,268.199,587.882,392.931,0.733887,detected
312,10.410410,near,1,571.000,579.000,2.658666,10.988393,474.544,397.655,600.108,592.184,0.942383,detected
312,10.410410,far,2,566.000,379.000,2.085111,0.313259,509.713,268.000,582.256,392.408,0.842773,detected
313,10.443777,near,1,573.000,577.000,2.673732,10.927930,474.732,398.902,602.431,592.720,0.938477,detected
313,10.443777,far,2,561.000,385.000,2.040390,0.855777,500.379,268.488,577.301,394.624,0.852539,detected
314,10.477144,near,1,575.000,576.000,2.690529,10.897353,475.825,401.521,604.546,593.022,0.935059,detected
314,10.477144,far,2,556.000,386.000,1.976349,0.944992,499.628,268.000,579.866,396.130,0.804199,detected
315,10.510511,near,1,579.000,574.000,2.724292,10.835897,480.333,405.796,609.458,594.653,0.936035,detected
315,10.510511,far,2,552.000,390.000,1.938971,1.296181,499.509,268.233,582.719,399.412,0.880859,detected
316,10.543877,near,1,580.000,576.000,2.736660,10.896391,488.616,410.899,616.930,596.653,0.932617,detected
316,10.543877,far,2,549.000,391.000,1.902841,1.383102,500.024,269.119,584.369,401.446,0.890137,detected
317,10.577244,near,1,583.000,579.000,2.768823,10.986074,493.789,415.088,621.035,597.933,0.932617,detected
317,10.577244,far,2,545.000,392.000,1.853463,1.469708,497.275,273.352,580.355,402.584,0.900391,detected
318,10.610611,near,1,585.000,579.000,2.787178,10.985688,498.758,417.407,625.130,598.652,0.924805,detected
318,10.610611,far,2,540.000,392.000,1.786355,1.470197,496.101,276.633,577.819,404.087,0.886719,detected
319,10.643977,near,1,588.000,575.000,2.809025,10.864561,502.743,415.794,628.946,597.590,0.928711,detected
319,10.643977,far,2,537.000,391.000,1.741387,1.384253,496.810,279.561,576.256,403.497,0.908203,detected
320,10.677344,near,1,588.000,574.000,2.807592,10.834168,507.669,414.151,632.461,596.444,0.930664,detected
320,10.677344,far,2,538.000,392.000,1.759506,1.470394,495.160,281.211,572.970,403.837,0.898926,detected
321,10.710711,near,1,588.000,570.000,2.801812,10.711562,510.975,413.140,632.145,593.706,0.923340,detected
321,10.710711,far,2,536.000,391.000,1.727929,1.384349,494.491,281.647,571.163,403.953,0.894043,detected
322,10.744077,near,1,588.000,567.000,2.797425,10.618504,510.557,413.514,627.187,589.933,0.918945,detected
322,10.744077,far,2,536.000,393.000,1.737359,1.556407,494.583,281.991,570.355,404.059,0.888672,detected
323,10.777444,near,1,585.000,567.000,2.769327,10.619075,505.007,415.645,617.271,588.792,0.918457,detected
323,10.777444,far,2,541.000,391.000,1.795216,1.383869,496.773,282.231,571.524,403.518,0.830078,detected
324,10.810811,near,1,583.000,564.000,2.745919,10.525431,498.917,418.932,608.570,589.675,0.916016,detected
324,10.810811,far,2,540.000,393.000,1.790927,1.556008,498.440,281.432,573.589,403.808,0.856934,detected
325,10.844178,near,1,585.000,570.000,2.773858,10.712135,492.859,423.212,600.185,589.725,0.919922,detected
325,10.844178,far,2,544.000,395.000,1.853298,1.725960,501.437,281.325,576.651,404.693,0.872559,detected
326,10.877544,near,1,571.000,568.000,2.639906,10.652872,488.956,426.782,594.984,590.040,0.917969,detected
326,10.877544,far,2,548.000,395.000,1.906582,1.725545,507.960,281.478,583.579,405.872,0.884277,detected
327,10.910911,near,1,562.000,569.000,2.557576,10.685616,485.581,428.396,591.921,590.451,0.913574,detected
327,10.910911,far,2,550.000,395.000,1.933220,1.725337,514.951,281.803,590.511,406.875,0.902832,detected
328,10.944278,near,1,546.000,568.000,2.405926,10.657645,483.361,428.999,589.587,589.885,0.926270,detected
328,10.944278,far,2,555.000,395.000,1.999802,1.724819,522.827,282.192,598.101,407.808,0.915527,detected
329,10.977644,near,1,547.000,566.000,2.411028,10.595077,477.393,429.013,584.214,589.245,0.914062,detected
329,10.977644,far,2,561.000,394.000,2.075836,1.639262,528.503,282.608,603.315,408.853,0.903809,detected
330,11.011011,near,1,552.000,560.000,2.445531,10.404398,468.658,430.109,575.963,588.437,0.919434,detected
330,11.011011,far,2,566.000,397.000,2.153530,1.892296,533.063,283.598,607.573,409.656,0.898438,detected
331,11.044378,near,1,523.000,558.000,2.164948,10.345745,460.730,431.613,567.686,585.841,0.909180,detected
331,11.044378,far,2,572.000,397.000,2.232975,1.891652,536.943,285.588,610.006,409.301,0.904785,detected
332,11.077744,near,1,516.000,555.000,2.090009,10.250010,451.354,436.312,556.833,582.425,0.907227,detected
332,11.077744,far,2,579.000,397.000,2.325629,1.890901,539.706,287.322,613.159,412.142,0.915039,detected
333,11.111111,near,1,512.000,556.000,2.054461,10.283228,448.063,443.339,549.514,578.108,0.907227,detected
333,11.111111,far,2,584.000,402.000,2.406893,2.304682,542.599,289.361,616.005,414.172,0.904297,detected
334,11.144478,near,1,508.000,558.000,2.021884,10.348577,446.291,451.160,545.566,578.397,0.917969,detected
334,11.144478,far,2,586.000,405.000,2.441738,2.548307,544.083,291.736,616.509,415.409,0.888184,detected
335,11.177845,near,1,504.000,557.000,1.980801,10.317090,445.978,457.051,543.385,577.653,0.895508,detected
335,11.177845,far,2,585.000,406.000,2.431664,2.628946,547.316,294.876,619.529,416.695,0.906738,detected
336,11.211211,near,1,502.000,553.000,1.949767,10.187361,443.507,460.228,538.477,574.743,0.876953,detected
336,11.211211,far,2,586.000,405.000,2.441738,2.548307,548.411,294.865,621.741,417.140,0.897461,detected
337,11.244578,near,1,504.000,549.000,1.957070,10.055037,442.383,465.076,533.191,571.375,0.911133,detected
337,11.244578,far,2,588.000,405.000,2.467691,2.548064,551.600,298.020,624.744,416.919,0.900391,detected
338,11.277945,near,1,501.000,546.000,1.918756,9.955399,442.369,466.561,531.107,567.537,0.912109,detected
338,11.277945,far,2,590.000,405.000,2.493642,2.547821,551.896,298.656,626.285,416.935,0.906738,detected
339,11.311311,near,1,498.000,538.000,1.863987,9.683440,441.101,465.536,528.643,562.523,0.908203,detected
339,11.311311,far,2,593.000,406.000,2.535221,2.627960,551.677,296.123,629.026,416.700,0.907227,detected
340,11.344678,near,1,495.000,535.000,1.824389,9.579750,438.258,462.476,525.665,557.430,0.876953,detected
340,11.344678,far,2,594.000,400.000,2.532212,2.139023,552.574,293.379,632.900,416.735,0.916016,detected
341,11.378045,near,1,491.000,531.000,1.770909,9.439706,437.608,456.616,522.767,548.001,0.896484,detected
341,11.378045,far,2,597.000,400.000,2.571595,2.138685,552.852,290.764,634.002,414.264,0.895508,detected
342,11.411411,near,1,484.000,532.000,1.704333,9.476360,433.523,450.049,520.502,543.790,0.880371,detected
342,11.411411,far,2,599.000,399.000,2.595302,2.055626,557.412,289.176,638.005,411.595,0.901367,detected
343,11.444778,near,1,482.000,530.000,1.677094,9.405815,428.823,442.399,521.110,543.747,0.804199,detected
343,11.444778,far,2,599.000,399.000,2.595302,2.055626,559.984,287.077,641.361,411.288,0.896484,detected
344,11.478145,near,1,480.000,533.000,1.667946,9.512346,433.059,434.593,534.950,546.324,0.889648,detected
344,11.478145,far,2,599.000,395.000,2.584998,1.720264,562.903,285.944,644.472,411.459,0.895020,detected
345,11.511512,near,1,479.000,534.000,1.661595,9.547661,434.254,427.810,543.468,547.367,0.904297,detected
345,11.511512,far,2,600.000,392.000,2.590521,1.464332,566.535,285.454,646.349,409.414,0.890137,detected
346,11.544878,near,1,481.000,536.000,1.688695,9.617178,432.376,420.331,549.837,549.793,0.912598,detected
346,11.544878,far,2,600.000,391.000,2.587908,1.378218,568.175,284.075,647.458,407.570,0.903320,detected
347,11.578245,near,1,481.000,541.000,1.706373,9.789682,429.944,413.733,553.519,551.475,0.919922,detected
347,11.578245,far,2,603.000,391.000,2.628150,1.377931,571.399,284.284,649.922,405.825,0.897461,detected
348,11.611612,near,1,485.000,540.000,1.742302,9.754695,430.304,407.126,558.566,552.204,0.909180,detected
348,11.611612,far,2,606.000,392.000,2.670802,1.463746,572.066,283.598,650.634,404.544,0.889160,detected
349,11.644978,near,1,487.000,538.000,1.755175,9.685454,431.885,401.068,563.231,552.677,0.895508,detected
349,11.644978,far,2,609.000,390.000,2.706288,1.290838,572.726,280.934,653.456,404.304,0.896973,detected
350,11.678345,near,1,490.000,538.000,1.784856,9.684905,431.878,396.325,563.826,552.634,0.906250,detected
350,11.678345,far,2,613.000,389.000,2.757844,1.203525,573.619,278.899,656.274,404.093,0.898926,detected
351,11.711712,near,1,494.000,539.000,1.827727,9.718669,434.811,391.292,568.486,553.203,0.908203,detected
351,11.711712,far,2,617.000,390.000,2.813802,1.290089,575.300,276.881,659.795,403.755,0.893066,detected
352,11.745078,near,1,498.000,544.000,1.883199,9.888557,436.965,386.559,572.038,553.731,0.914062,detected
352,11.745078,far,2,620.000,390.000,2.854108,1.289809,579.498,275.652,665.030,403.577,0.884277,detected
353,11.778445,near,1,503.000,539.000,1.916573,9.717017,438.382,382.629,573.390,553.969,0.910645,detected
353,11.778445,far,2,629.000,387.000,2.969937,1.026956,587.382,274.937,672.137,401.980,0.902832,detected
354,11.811812,near,1,508.000,543.000,1.978018,9.852831,439.331,380.116,574.315,556.559,0.919434,detected
354,11.811812,far,2,637.000,385.000,3.075268,0.849441,597.964,275.414,680.684,400.117,0.879395,detected
355,11.845179,near,1,515.000,543.000,2.046590,9.851539,440.841,377.334,575.416,558.693,0.912109,detected
355,11.845179,far,2,642.000,385.000,3.143209,0.849025,606.528,278.775,686.525,399.439,0.808594,detected
356,11.878545,near,1,521.000,549.000,2.121821,10.051869,442.818,376.228,577.711,563.663,0.920898,detected
356,11.878545,far,2,646.000,388.000,3.200936,1.113204,609.738,276.834,691.268,399.651,0.878906,detected
357,11.911912,near,1,527.000,550.000,2.182551,10.083907,445.788,376.045,579.383,567.399,0.924805,detected
357,11.911912,far,2,649.000,386.000,3.239329,0.937045,611.809,275.923,694.027,399.179,0.890137,detected
358,11.945279,near,1,531.000,554.000,2.231290,10.214615,451.097,377.751,582.998,570.932,0.927734,detected
358,11.945279,far,2,650.000,386.000,3.252877,0.936960,612.895,275.458,696.296,399.451,0.883301,detected
359,11.978645,near,1,534.000,559.000,2.272222,10.375792,457.812,380.341,588.290,573.546,0.920898,detected
359,11.978645,far,2,654.000,386.000,3.307059,0.936619,614.597,276.296,698.268,399.435,0.883301,detected
360,12.012012,near,1,540.000,556.000,2.322348,10.277959,465.936,383.686,594.213,573.841,0.917969,detected
360,12.012012,far,2,654.000,386.000,3.307059,0.936619,615.675,273.862,701.699,399.522,0.896484,detected
361,12.045379,near,1,546.000,558.000,2.384161,10.341406,473.639,387.331,600.522,574.058,0.912598,detected
361,12.045379,far,2,655.000,384.000,3.318936,0.758913,617.709,272.756,703.687,398.370,0.900391,detected
362,12.078745,near,1,551.000,558.000,2.431791,10.340463,479.102,390.915,604.750,574.249,0.921875,detected
362,12.078745,far,2,659.000,383.000,3.372671,0.669120,621.462,270.731,708.421,397.592,0.891113,detected
363,12.112112,near,1,555.000,557.000,2.467821,10.307480,488.947,393.033,615.116,574.148,0.926270,detected
363,12.112112,far,2,662.000,381.000,3.412383,0.488611,624.246,269.215,710.174,395.551,0.888184,detected
364,12.145479,near,1,561.000,558.000,2.527026,10.338578,498.634,394.571,627.025,576.215,0.925781,detected
364,12.145479,far,2,667.000,378.000,3.479598,0.214438,629.207,268.246,713.622,393.803,0.867188,detected
365,12.178846,near,1,567.000,564.000,2.595226,10.528469,502.745,396.014,635.002,580.934,0.929199,detected
365,12.178846,far,2,671.000,375.000,3.533913,0.000000,638.632,268.200,720.765,391.251,0.898926,detected
366,12.212212,near,1,570.000,568.000,2.630551,10.653063,505.420,398.114,640.256,585.079,0.933594,detected
366,12.212212,far,2,677.000,373.000,3.617180,0.000000,645.129,268.151,724.817,388.892,0.865723,detected
367,12.245579,near,1,573.000,572.000,2.665391,10.775949,508.599,401.455,643.703,587.745,0.938477,detected
367,12.245579,far,2,683.000,370.000,3.701400,0.000000,652.281,268.165,728.745,386.691,0.863770,detected
368,12.278946,near,1,578.000,572.000,2.711839,10.774990,512.258,404.569,647.010,589.975,0.927246,detected
368,12.278946,far,2,687.000,368.000,3.758259,0.000000,658.578,268.000,732.565,385.920,0.876465,detected
369,12.312312,near,1,583.000,570.000,2.755221,10.712518,516.516,406.580,649.019,589.339,0.924805,detected
369,12.312312,far,2,695.000,368.000,3.871456,0.000000,664.914,268.000,736.539,384.678,0.884277,detected
370,12.345679,near,1,586.000,569.000,2.781687,10.681030,519.996,407.167,650.969,589.168,0.924805,detected
370,12.345679,far,2,699.000,369.000,3.927328,0.000000,670.098,268.000,740.592,384.766,0.875977,detected
371,12.379046,near,1,590.000,571.000,2.821867,10.741987,524.186,405.505,654.197,588.625,0.926270,detected
371,12.379046,far,2,706.000,369.000,4.026057,0.000000,674.307,268.508,743.495,384.198,0.861328,detected
372,12.412412,near,1,594.000,572.000,2.860420,10.771924,527.632,402.089,657.788,588.660,0.925293,detected
372,12.412412,far,2,712.000,369.000,4.110652,0.000000,679.387,268.198,749.312,384.173,0.875977,detected
373,12.445779,near,1,597.000,572.000,2.888269,10.771349,532.695,399.305,661.878,588.357,0.922363,detected
373,12.445779,far,2,714.000,368.000,4.140101,0.000000,683.414,268.000,754.731,384.342,0.890625,detected
374,12.479146,near,1,600.000,570.000,2.913596,10.709269,537.668,395.633,665.738,587.924,0.920898,detected
374,12.479146,far,2,719.000,369.000,4.209312,0.000000,687.041,268.000,760.007,384.224,0.882324,detected
375,12.512513,near,1,603.000,571.000,2.942749,10.739500,543.510,392.345,670.284,587.449,0.931152,detected
375,12.512513,far,2,724.000,370.000,4.278148,0.000000,690.193,268.000,764.982,384.209,0.901367,detected
376,12.545879,near,1,606.000,568.000,2.967125,10.646197,547.627,390.264,672.099,586.682,0.926758,detected
376,12.545879,far,2,728.000,372.000,4.330858,0.000000,691.972,268.000,768.192,384.443,0.893555,detected
377,12.579246,near,1,610.000,566.000,3.002263,10.583086,550.786,388.935,672.867,586.366,0.926270,detected
377,12.579246,far,2,731.000,375.000,4.367297,0.000000,693.540,268.160,771.014,385.335,0.897949,detected
378,12.612613,near,1,612.000,565.000,3.019921,10.551372,553.695,388.463,673.413,585.948,0.924316,detected
378,12.612613,far,2,734.000,374.000,4.410821,0.000000,697.169,268.420,774.975,385.050,0.898926,detected
379,12.645979,near,1,615.000,564.000,3.047043,10.519361,557.993,389.520,675.218,584.647,0.927734,detected
379,12.645979,far,2,737.000,377.000,4.446455,0.117668,702.912,268.382,782.594,385.811,0.744141,detected
380,12.679346,near,1,618.000,564.000,3.075255,10.518791,562.694,391.593,678.502,584.139,0.926270,detected
380,12.679346,far,2,736.000,377.000,4.432662,0.117733,705.797,268.089,787.275,385.611,0.913574,detected
381,12.712713,near,1,620.000,566.000,3.095987,10.581185,566.832,394.966,681.647,584.228,0.930664,detected
381,12.712713,far,2,736.000,373.000,4.440628,0.000000,703.005,268.000,785.218,385.474,0.893066,detected
382,12.746079,near,1,620.000,568.000,3.097898,10.643529,569.524,399.393,683.969,585.403,0.932617,detected
382,12.746079,far,2,735.000,372.000,4.428674,0.000000,699.918,268.303,782.186,385.430,0.907227,detected
383,12.779446,near,1,620.000,571.000,3.100741,10.736249,570.184,404.199,684.031,586.126,0.932617,detected
383,12.779446,far,2,733.000,370.000,4.404580,0.000000,696.985,268.642,778.567,385.138,0.915527,detected
384,12.812813,near,1,619.000,576.000,3.096203,10.888887,567.441,406.616,683.871,590.129,0.937012,detected
384,12.812813,far,2,730.000,368.000,4.366114,0.000000,695.073,268.560,776.664,385.748,0.900391,detected
385,12.846180,near,1,621.000,580.000,3.118248,11.008618,567.161,406.191,686.605,592.729,0.940430,detected
385,12.846180,far,2,726.000,370.000,4.306249,0.000000,691.703,268.459,773.360,387.117,0.875977,detected
386,12.879546,near,1,623.000,578.000,3.134805,10.948378,568.355,405.073,690.120,593.538,0.929199,detected
386,12.879546,far,2,723.000,374.000,4.257869,0.000000,688.000,268.564,769.353,389.049,0.874512,detected
387,12.912913,near,1,629.000,576.000,3.188313,10.886965,571.606,401.641,696.112,593.387,0.918945,detected
387,12.912913,far,2,720.000,373.000,4.217577,0.000000,685.909,269.310,764.503,387.385,0.872070,detected
388,12.946280,near,1,639.000,573.000,3.278487,10.793898,579.568,399.192,705.005,593.299,0.927734,detected
388,12.946280,far,2,717.000,371.000,4.178417,0.000000,684.313,271.880,759.382,386.020,0.861328,detected
389,12.979646,near,1,651.000,564.000,3.385392,10.512539,586.468,396.066,711.658,590.421,0.913574,detected
389,12.979646,far,2,714.000,373.000,4.133884,0.000000,682.762,275.506,755.519,387.377,0.848145,detected
390,13.013013,near,1,663.000,561.000,3.497266,10.415323,591.502,393.672,714.932,585.339,0.912109,detected
390,13.013013,far,2,713.000,374.000,4.118744,0.000000,681.406,278.336,753.179,389.750,0.856934,detected
391,13.046380,near,1,675.000,565.000,3.610790,10.539424,597.251,392.633,723.412,586.663,0.915527,detected
391,13.046380,far,2,712.000,383.000,4.094708,0.664947,679.432,279.568,752.685,394.202,0.868164,detected
392,13.079746,near,1,681.000,572.000,3.666847,10.755281,600.677,392.404,730.290,590.127,0.921875,detected
392,13.079746,far,2,710.000,386.000,4.064427,0.931853,677.666,280.632,751.316,396.188,0.872559,detected
393,13.113113,near,1,687.000,573.000,3.722256,10.784714,606.126,393.883,737.469,591.864,0.921875,detected
393,13.113113,far,2,710.000,383.000,4.067498,0.665104,677.572,280.786,750.274,394.860,0.847656,detected
394,13.146480,near,1,694.000,575.000,3.786462,10.844218,611.256,394.546,744.043,592.095,0.927734,detected
394,13.146480,far,2,710.000,379.000,4.071664,0.303158,676.722,280.301,750.196,395.739,0.848145,detected
395,13.179847,near,1,699.000,576.000,3.832178,10.873527,614.129,395.660,747.964,592.449,0.940430,detected
395,13.179847,far,2,706.000,382.000,4.013966,0.575603,673.163,279.740,747.230,397.531,0.837402,detected
396,13.213213,near,1,703.000,575.000,3.869284,10.842495,620.004,397.296,755.226,592.567,0.927734,detected
396,13.213213,far,2,703.000,380.000,3.974638,0.394832,669.043,279.505,742.183,398.324,0.836426,detected
397,13.246580,near,1,707.000,574.000,3.906510,10.811361,625.493,399.055,761.882,592.595,0.922363,detected
397,13.246580,far,2,700.000,381.000,3.932793,0.485782,665.446,278.475,737.845,398.525,0.884277,detected
398,13.279947,near,1,710.000,572.000,3.935102,10.749746,630.125,400.852,767.008,591.452,0.926758,detected
398,13.279947,far,2,698.000,382.000,3.904801,0.576215,663.978,278.488,735.272,398.642,0.859863,detected
399,13.313313,near,1,712.000,569.000,3.955122,10.657022,634.938,404.376,769.895,588.721,0.920410,detected
399,13.313313,far,2,694.000,381.000,3.850692,0.486229,662.482,278.480,733.098,398.728,0.872559,detected
400,13.346680,near,1,713.000,571.000,3.963361,10.718497,634.408,407.553,767.809,588.410,0.931152,detected
400,13.346680,far,2,691.000,387.000,3.807331,1.021545,661.411,280.091,731.775,400.502,0.872559,detected
401,13.380047,near,1,714.000,569.000,3.973706,10.656642,635.543,409.409,766.947,587.293,0.928711,detected
401,13.380047,far,2,687.000,389.000,3.752900,1.196762,658.674,282.175,729.208,402.564,0.882812,detected
402,13.413413,near,1,715.000,570.000,3.982438,10.687337,636.803,410.050,767.345,586.888,0.924316,detected
402,13.413413,far,2,685.000,392.000,3.725533,1.456053,655.010,285.567,726.461,406.148,0.879395,detected
403,13.446780,near,1,717.000,567.000,4.002766,10.593986,638.035,408.662,768.187,585.456,0.923340,detected
403,13.446780,far,2,683.000,397.000,3.698349,1.879772,650.483,287.180,724.167,410.087,0.895020,detected
404,13.480147,near,1,716.000,565.000,3.994607,10.531663,637.723,405.529,769.029,584.650,0.917969,detected
404,13.480147,far,2,681.000,398.000,3.671977,1.963471,648.398,289.798,722.680,412.517,0.879395,detected
405,13.513514,near,1,716.000,561.000,3.996958,10.405340,637.288,401.495,769.464,582.659,0.912598,detected
405,13.513514,far,2,680.000,399.000,3.658832,2.046664,646.329,291.822,721.292,413.670,0.883301,detected
406,13.546880,near,1,714.000,559.000,3.979241,10.341898,636.540,396.915,770.019,580.934,0.911621,detected
406,13.546880,far,2,679.000,400.000,3.645750,2.129463,645.377,294.886,719.961,413.974,0.869141,detected
407,13.580247,near,1,717.000,564.000,4.004562,10.500056,636.046,393.852,770.279,580.306,0.912598,detected
407,13.580247,far,2,677.000,400.000,3.619603,2.129687,644.071,299.780,717.149,413.664,0.853027,detected
408,13.613614,near,1,711.000,558.000,3.951397,10.310384,634.082,390.458,768.621,579.532,0.900391,detected
408,13.613614,far,2,675.000,401.000,3.593601,2.212212,640.320,301.761,712.014,410.727,0.842773,detected
409,13.646980,near,1,705.000,556.000,3.895408,10.247016,631.642,389.694,763.363,577.293,0.907227,detected
409,13.646980,far,2,671.000,401.000,3.541420,2.212668,635.073,301.602,708.936,411.933,0.843750,detected
410,13.680347,near,1,699.000,556.000,3.838372,10.248138,628.706,389.808,757.980,576.469,0.917480,detected
410,13.680347,far,2,670.000,401.000,3.528373,2.212782,629.250,299.785,707.311,415.496,0.878906,detected
411,13.713714,near,1,696.000,552.000,3.810940,10.118345,628.707,391.455,753.221,572.927,0.910645,detected
411,13.713714,far,2,670.000,402.000,3.528674,2.294698,626.355,297.954,707.007,417.707,0.875488,detected
412,13.747080,near,1,693.000,557.000,3.781103,10.281566,624.914,394.421,749.013,575.645,0.917480,detected
412,13.747080,far,2,668.000,405.000,3.503722,2.538360,623.445,294.687,706.637,419.077,0.878906,detected
413,13.780447,near,1,690.000,560.000,3.752114,10.378375,623.117,396.889,746.724,576.824,0.924805,detected
413,13.780447,far,2,664.000,407.000,3.452973,2.699230,620.052,292.709,703.922,419.773,0.853516,detected
414,13.813814,near,1,688.000,561.000,3.733089,10.410612,621.695,400.897,744.076,577.867,0.926758,detected
414,13.813814,far,2,657.000,406.000,3.362204,2.620086,616.982,293.319,699.223,419.856,0.865234,detected
415,13.847181,near,1,687.000,561.000,3.723660,10.410801,620.609,402.973,742.684,577.994,0.936523,detected
415,13.847181,far,2,650.000,407.000,3.272784,2.700973,610.813,290.384,693.023,419.696,0.871094,detected
416,13.880547,near,1,686.000,561.000,3.714231,10.410989,617.769,403.152,741.364,578.341,0.931641,detected
416,13.880547,far,2,641.000,406.000,3.155704,2.622052,604.183,288.223,686.190,419.605,0.893066,detected
417,13.913914,near,1,684.000,563.000,3.695231,10.474760,615.276,401.768,740.946,578.480,0.920898,detected
417,13.913914,far,2,634.000,405.000,3.063911,2.542479,600.433,286.836,681.614,418.978,0.888672,detected
418,13.947281,near,1,682.000,566.000,3.676323,10.569416,611.461,400.094,739.904,579.677,0.919434,detected
418,13.947281,far,2,629.000,403.000,2.996046,2.381051,597.039,285.753,677.005,417.161,0.896484,detected
419,13.980647,near,1,675.000,564.000,3.610715,10.507997,606.997,399.453,736.390,579.850,0.923828,detected
419,13.980647,far,2,628.000,401.000,2.979818,2.217578,591.695,284.931,671.094,416.153,0.903809,detected
420,14.014014,near,1,671.000,564.000,3.573175,10.508753,599.350,398.213,729.764,580.342,0.936035,detected
420,14.014014,far,2,619.000,401.000,2.862120,2.218607,586.113,284.073,665.322,415.896,0.847168,detected
421,14.047381,near,1,664.000,564.000,3.507466,10.510077,590.576,397.390,720.824,580.669,0.930664,detected
421,14.047381,far,2,611.000,400.000,2.755301,2.137107,575.585,283.555,652.360,415.505,0.831055,detected
422,14.080747,near,1,657.000,568.000,3.443197,10.636485,582.173,395.598,711.501,581.073,0.918945,detected
422,14.080747,far,2,607.000,401.000,2.705107,2.219980,568.082,282.108,643.877,415.559,0.857910,detected
423,14.114114,near,1,650.000,567.000,3.377431,10.606706,576.505,393.870,704.318,581.224,0.910156,detected
423,14.114114,far,2,603.000,400.000,2.650342,2.138009,562.560,280.735,636.630,414.518,0.857422,detected
424,14.147481,near,1,645.000,570.000,3.332361,10.700676,571.110,391.816,697.750,581.558,0.915039,detected
424,14.147481,far,2,596.000,398.000,2.553175,1.972720,554.357,279.460,626.805,412.774,0.865723,detected
425,14.180848,near,1,638.000,568.000,3.265939,10.640101,566.568,389.506,692.103,581.963,0.920410,detected
425,14.180848,far,2,591.000,388.000,2.458330,1.118128,545.797,277.305,617.593,410.481,0.855957,detected
426,14.214214,near,1,631.000,572.000,3.203688,10.764840,562.624,387.455,687.387,583.375,0.914062,detected
426,14.214214,far,2,585.000,385.000,2.367637,0.853774,541.606,275.882,611.517,405.940,0.818359,detected
427,14.247581,near,1,628.000,570.000,3.174240,10.703920,559.022,385.440,682.640,584.609,0.920410,detected
427,14.247581,far,2,582.000,384.000,2.323434,0.764838,539.741,274.812,608.307,403.085,0.803223,detected
428,14.280948,near,1,623.000,568.000,3.125912,10.642958,556.870,384.141,678.240,585.072,0.907715,detected
428,14.280948,far,2,577.000,385.000,2.258600,0.854441,537.946,272.163,606.365,400.982,0.705078,detected
429,14.314314,near,1,618.000,566.000,3.077245,10.581566,554.201,383.541,672.810,584.814,0.902832,detected
429,14.314314,far,2,570.000,385.000,2.163156,0.855025,537.498,271.568,604.649,399.170,0.842285,detected
430,14.347681,near,1,614.000,566.000,3.039756,10.582326,552.330,384.196,667.948,584.701,0.916992,detected
430,14.347681,far,2,566.000,378.000,2.081127,0.221304,530.548,270.822,597.508,394.894,0.775391,detected
431,14.381048,near,1,608.000,567.000,2.984664,10.614695,547.504,385.192,661.766,585.068,0.920898,detected
431,14.381048,far,2,562.000,376.000,2.017273,0.036239,522.488,270.161,590.330,390.031,0.860840,detected
432,14.414414,near,1,602.000,568.000,2.929749,10.646959,541.812,387.581,655.383,585.479,0.928223,detected
432,14.414414,far,2,559.000,370.000,1.949284,0.000000,520.244,269.892,588.537,385.767,0.755859,detected
433,14.447781,near,1,598.000,567.000,2.891061,10.616598,536.878,392.346,649.255,585.765,0.921387,detected
433,14.447781,far,2,554.000,364.000,1.850326,0.000000,517.353,269.255,586.326,380.872,0.872559,detected
434,14.481148,near,1,591.000,570.000,2.829762,10.710988,531.363,398.023,644.105,589.149,0.918945,detected
434,14.481148,far,2,554.000,365.000,1.855064,0.000000,515.513,269.651,586.742,379.776,0.882812,detected
435,14.514515,near,1,588.000,574.000,2.807592,10.834168,528.104,404.412,641.158,592.682,0.922363,detected
435,14.514515,far,2,552.000,373.000,1.863949,0.000000,514.175,271.640,589.633,383.324,0.901367,detected
436,14.547881,near,1,587.000,578.000,2.804103,10.955317,527.719,411.996,640.169,595.408,0.921875,detected
436,14.547881,far,2,551.000,374.000,1.854506,0.000000,512.408,274.248,589.911,384.538,0.893555,detected
437,14.581248,near,1,587.000,580.000,2.806956,11.015187,527.909,418.150,640.145,597.247,0.928711,detected
437,14.581248,far,2,549.000,377.000,1.840394,0.130000,510.311,276.470,589.463,385.502,0.892090,detected
438,14.614615,near,1,585.000,578.000,2.785718,10.955703,527.958,423.220,639.329,597.009,0.924805,detected
438,14.614615,far,2,546.000,380.000,1.812668,0.406205,507.585,278.876,587.171,385.836,0.886230,detected
439,14.647981,near,1,582.000,577.000,2.756627,10.926195,526.793,427.221,637.614,596.285,0.918457,detected
439,14.647981,far,2,544.000,377.000,1.770728,0.130330,505.088,280.115,584.878,385.351,0.883301,detected
440,14.681348,near,1,579.000,579.000,2.732109,10.986848,525.921,430.958,637.116,596.849,0.920410,detected
440,14.681348,far,2,542.000,377.000,1.742856,0.130462,501.557,280.711,583.407,388.100,0.876465,detected
441,14.714715,near,1,574.000,580.000,2.687835,11.017700,524.102,433.720,635.761,597.601,0.920410,detected
441,14.714715,far,2,539.000,379.000,1.710944,0.315162,498.997,282.390,580.593,389.404,0.863281,detected
442,14.748081,near,1,572.000,582.000,2.672798,11.077562,520.516,435.112,633.468,599.292,0.927246,detected
442,14.748081,far,2,539.000,381.000,1.720745,0.497803,497.957,283.140,579.558,390.198,0.879883,detected
443,14.781448,near,1,572.000,582.000,2.672798,11.077562,518.459,433.209,633.552,599.594,0.926758,detected
443,14.781448,far,2,539.000,378.000,1.706006,0.223145,497.549,282.463,579.396,389.928,0.874023,detected
444,14.814815,near,1,574.000,578.000,2.684579,10.957826,516.590,429.411,634.009,598.960,0.921387,detected
444,14.814815,far,2,540.000,377.000,1.714981,0.130594,497.763,281.329,579.724,388.903,0.875488,detected
445,14.848182,near,1,575.000,578.000,2.693775,10.957633,517.060,425.430,636.010,597.417,0.920898,detected
445,14.848182,far,2,539.000,376.000,1.696055,0.037702,497.662,280.046,580.201,388.450,0.876465,detected
446,14.881548,near,1,580.000,580.000,2.742821,11.016541,521.510,424.010,641.147,597.376,0.921875,detected
446,14.881548,far,2,540.000,378.000,1.719909,0.223077,498.494,279.818,582.487,389.849,0.890625,detected
447,14.914915,near,1,585.000,583.000,2.792970,11.104630,527.248,422.234,648.236,598.478,0.918457,detected
447,14.914915,far,2,542.000,377.000,1.742856,0.130462,499.608,276.830,586.052,389.957,0.892578,detected
448,14.948282,near,1,589.000,584.000,2.830805,11.133341,534.234,421.754,654.609,598.035,0.916504,detected
448,14.948282,far,2,543.000,378.000,1.761613,0.222872,502.991,274.365,591.250,389.578,0.893066,detected
449,14.981648,near,1,592.000,585.000,2.859427,11.162147,537.556,422.120,658.104,598.980,0.917969,detected
449,14.981648,far,2,549.000,377.000,1.840394,0.130000,508.802,272.094,598.340,388.943,0.902832,detected
450,15.015015,near,1,592.000,590.000,2.865986,11.307632,538.192,423.662,660.289,602.437,0.920410,detected
450,15.015015,far,2,555.000,376.000,1.919553,0.036684,515.691,270.258,605.118,388.421,0.901367,detected
451,15.048382,near,1,593.000,591.000,2.876278,11.336247,538.878,424.868,662.304,604.854,0.927734,detected
451,15.048382,far,2,561.000,372.000,1.986285,0.000000,524.304,268.736,612.377,387.875,0.838867,detected
452,15.081748,near,1,592.000,593.000,2.869869,11.393778,539.158,425.803,663.551,606.311,0.936523,detected
452,15.081748,far,2,570.000,372.000,2.113178,0.000000,530.612,268.040,617.124,388.163,0.852051,detected
453,15.115115,near,1,593.000,595.000,2.881371,11.450542,541.142,426.210,667.163,607.677,0.928223,detected
453,15.115115,far,2,579.000,372.000,2.240009,0.000000,537.693,268.000,621.448,389.474,0.724121,detected
454,15.148482,near,1,599.000,596.000,2.936146,11.477706,547.865,425.990,676.612,608.725,0.936035,detected
454,15.148482,far,2,588.000,372.000,2.366778,0.000000,546.708,268.000,627.860,390.259,0.800781,detected
455,15.181849,near,1,602.000,598.000,2.965149,11.533519,553.154,424.830,684.989,609.368,0.934570,detected
455,15.181849,far,2,595.000,372.000,2.465334,0.000000,552.120,268.133,630.143,389.857,0.765625,detected
456,15.215215,near,1,605.000,597.000,2.990730,11.504775,556.978,421.556,692.981,609.858,0.941895,detected
456,15.215215,far,2,603.000,375.000,2.586179,0.000000,556.327,269.333,631.751,390.830,0.822266,detected
457,15.248582,near,1,609.000,597.000,3.026333,11.503990,560.061,417.151,700.396,610.854,0.936523,detected
457,15.248582,far,2,609.000,379.000,2.679903,0.310235,563.936,271.150,637.712,393.035,0.834473,detected
458,15.281949,near,1,615.000,597.000,3.079728,11.502813,562.995,409.127,708.134,611.205,0.921387,detected
458,15.281949,far,2,615.000,379.000,2.762790,0.309813,571.849,272.627,644.317,394.004,0.819336,detected
459,15.315315,near,1,625.000,592.000,3.164702,11.358709,564.910,390.295,719.416,610.761,0.902832,detected
459,15.315315,far,2,620.000,382.000,2.838037,0.582197,581.286,275.319,653.726,397.476,0.851562,detected
460,15.348682,near,1,635.000,586.000,3.250385,11.183084,573.090,379.821,729.214,610.307,0.898926,detected
460,15.348682,far,2,623.000,381.000,2.877196,0.491519,586.722,276.262,659.644,398.910,0.866211,detected
461,15.382049,near,1,649.000,581.000,3.374797,11.032987,585.419,373.244,735.880,604.912,0.913574,detected
461,15.382049,far,2,626.000,386.000,2.927548,0.939007,590.511,276.890,664.354,399.850,0.888184,detected
462,15.415415,near,1,659.000,577.000,3.464770,10.911374,597.810,374.088,739.039,600.786,0.875000,detected
462,15.415415,far,2,631.000,387.000,2.996991,1.026781,593.540,277.822,668.732,400.812,0.887695,detected
463,15.448782,near,1,661.000,571.000,3.481388,10.728415,606.775,378.237,739.129,596.640,0.888184,detected
463,15.448782,far,2,634.000,390.000,3.042121,1.288500,595.843,278.301,672.290,401.075,0.897461,detected
464,15.482149,near,1,669.000,575.000,3.556265,10.849010,613.680,378.417,743.366,596.058,0.907715,detected
464,15.482149,far,2,635.000,389.000,3.054068,1.201512,597.469,277.119,676.087,401.992,0.895020,detected
465,15.515516,near,1,678.000,576.000,3.639185,10.877555,620.355,377.504,749.451,597.412,0.903809,detected
465,15.515516,far,2,638.000,389.000,3.094436,1.201237,600.314,278.843,678.253,402.032,0.888672,detected
466,15.548882,near,1,688.000,579.000,3.730719,10.965833,634.136,376.887,764.922,599.769,0.922363,detected
466,15.548882,far,2,641.000,389.000,3.134798,1.200963,603.716,279.279,680.947,402.010,0.881348,detected
467,15.582249,near,1,698.000,581.000,3.821584,11.023534,645.094,376.942,778.248,602.507,0.920898,detected
467,15.582249,far,2,645.000,388.000,3.187453,1.113294,608.081,279.995,684.266,401.976,0.880371,detected
468,15.615616,near,1,711.000,586.000,3.937626,11.168348,662.382,376.409,801.815,606.365,0.920410,detected
468,15.615616,far,2,649.000,386.000,3.239329,0.937045,613.169,281.101,688.459,402.081,0.863281,detected
469,15.648982,near,1,722.000,590.000,4.034427,11.282320,673.214,379.065,816.225,609.791,0.922363,detected
469,15.648982,far,2,654.000,387.000,3.307920,1.024772,616.854,282.995,692.094,402.740,0.897461,detected
470,15.682349,near,1,737.000,596.000,4.163883,11.450706,681.607,388.310,824.239,614.463,0.925781,detected
470,15.682349,far,2,660.000,388.000,3.389626,1.111954,622.011,285.826,698.081,403.395,0.907227,detected
471,15.715716,near,1,749.000,600.000,4.266383,11.560705,688.104,396.469,828.952,617.356,0.921387,detected
471,15.715716,far,2,667.000,389.000,3.484340,1.198587,629.195,288.865,706.646,404.550,0.916016,detected
472,15.749082,near,1,762.000,605.000,4.375119,11.696550,697.891,405.335,837.536,621.821,0.923828,detected
472,15.749082,far,2,671.000,393.000,3.539212,1.542969,634.070,292.254,714.186,406.897,0.909180,detected
473,15.782449,near,1,772.000,610.000,4.456075,11.830765,708.088,415.058,844.997,625.435,0.920898,detected
473,15.782449,far,2,672.000,394.000,3.552761,1.628006,636.849,296.548,718.671,408.172,0.907227,detected
474,15.815816,near,1,783.000,623.000,4.533221,12.172702,717.187,426.759,854.438,636.791,0.943359,detected
474,15.815816,far,2,676.000,397.000,3.606181,1.880520,638.401,300.975,721.709,409.116,0.914062,detected
475,15.849183,near,1,789.000,626.000,4.579823,12.248944,726.444,440.049,858.872,642.319,0.939453,detected
475,15.849183,far,2,677.000,397.000,3.619350,1.880413,639.019,303.888,723.972,409.571,0.915039,detected
476,15.882549,near,1,795.000,627.000,4.628995,12.273401,735.982,450.385,862.315,643.953,0.937988,detected
476,15.882549,far,2,679.000,397.000,3.645685,1.880200,640.028,307.587,725.267,409.483,0.914062,detected
477,15.915916,near,1,798.000,626.000,4.655846,12.247154,742.259,457.972,863.527,644.541,0.928223,detected
477,15.915916,far,2,681.000,397.000,3.672019,1.879986,640.480,309.315,726.602,408.754,0.907227,detected
478,15.949283,near,1,800.000,626.000,4.672736,12.246757,746.559,463.555,863.588,644.472,0.922363,detected
478,15.949283,far,2,681.000,398.000,3.671977,1.963471,639.650,310.226,727.936,408.975,0.911621,detected
479,15.982649,near,1,801.000,627.000,4.679591,12.272208,750.013,467.670,863.417,643.743,0.920410,detected
479,15.982649,far,2,680.000,398.000,3.658842,1.963579,638.225,310.690,728.586,408.891,0.907227,detected
480,16.016016,near,1,802.000,627.000,4.688022,12.272009,752.048,470.086,863.160,643.376,0.918945,detected
480,16.016016,far,2,680.000,397.000,3.658852,1.880093,635.998,309.910,729.728,409.275,0.912598,detected
481,16.049383,near,1,801.000,627.000,4.679591,12.272208,751.826,470.231,862.378,643.166,0.919434,detected
481,16.049383,far,2,679.000,397.000,3.645685,1.880200,633.279,307.772,730.599,408.900,0.912598,detected
482,16.082749,near,1,800.000,626.000,4.672736,12.246757,749.762,468.508,861.369,643.318,0.926270,detected
482,16.082749,far,2,677.000,398.000,3.619435,1.963905,631.131,305.945,732.203,409.245,0.917480,detected
483,16.116116,near,1,800.000,628.000,4.669586,12.297977,747.072,466.005,860.321,643.324,0.933105,detected
483,16.116116,far,2,676.000,398.000,3.606297,1.964014,629.349,304.230,733.523,409.363,0.920898,detected
484,16.149483,near,1,798.000,624.000,4.658963,12.195614,744.569,461.593,860.022,642.995,0.920410,detected
484,16.149483,far,2,675.000,397.000,3.593011,1.880626,626.795,301.560,734.666,409.538,0.920410,detected
485,16.182850,near,1,797.000,624.000,4.650491,12.195812,741.889,456.452,860.316,643.118,0.928711,detected
485,16.182850,far,2,675.000,398.000,3.593160,1.964122,624.571,298.781,735.715,409.665,0.922363,detected
486,16.216216,near,1,795.000,620.000,4.639680,12.092158,738.037,450.509,859.724,642.571,0.925293,detected
486,16.216216,far,2,674.000,397.000,3.579841,1.880733,622.331,296.454,735.757,409.704,0.917969,detected
487,16.249583,near,1,790.000,612.000,4.609011,11.881080,733.410,443.162,855.791,636.733,0.907227,detected
487,16.249583,far,2,673.000,397.000,3.566670,1.880840,618.571,293.190,734.279,409.640,0.911133,detected
488,16.282950,near,1,786.000,608.000,4.580344,11.773800,724.457,436.373,848.924,634.734,0.916016,detected
488,16.282950,far,2,671.000,396.000,3.540050,1.797146,615.281,291.185,731.483,409.747,0.906738,detected
489,16.316316,near,1,781.000,607.000,4.538294,11.747550,715.427,429.619,840.715,632.019,0.913574,detected
489,16.316316,far,2,668.000,397.000,3.500806,1.881374,612.500,289.665,727.979,409.851,0.909180,detected
490,16.349683,near,1,775.000,607.000,4.486049,11.748730,706.705,423.149,830.511,627.909,0.901367,detected
490,16.349683,far,2,665.000,397.000,3.461279,1.881694,609.261,288.061,723.766,410.302,0.909180,detected
491,16.383050,near,1,769.000,609.000,4.431307,11.804294,695.988,415.747,819.433,626.342,0.913086,detected
491,16.383050,far,2,664.000,397.000,3.448102,1.881801,606.479,285.939,719.941,410.818,0.900391,detected
492,16.416416,near,1,760.000,601.000,4.362182,11.586410,687.877,409.021,809.870,624.376,0.920410,detected
492,16.416416,far,2,661.000,397.000,3.408568,1.882122,604.562,283.623,716.852,411.496,0.897461,detected
493,16.449783,near,1,751.000,600.000,4.284012,11.560314,681.591,402.337,802.258,622.255,0.910645,detected
493,16.449783,far,2,660.000,397.000,3.395388,1.882229,603.919,281.374,714.647,411.819,0.895020,detected
494,16.483150,near,1,743.000,597.000,4.216217,11.477757,677.166,397.770,795.960,621.329,0.915039,detected
494,16.483150,far,2,660.000,397.000,3.395388,1.882229,605.122,280.959,712.966,412.073,0.874023,detected
495,16.516517,near,1,737.000,590.000,4.168911,11.279407,673.150,394.311,788.833,618.920,0.908691,detected
495,16.516517,far,2,661.000,398.000,3.409161,1.965643,606.053,279.451,711.931,412.161,0.863281,detected
496,16.549883,near,1,729.000,585.000,4.100867,11.135599,670.154,392.265,782.760,617.749,0.909668,detected
496,16.549883,far,2,661.000,399.000,3.409751,2.048763,607.064,277.655,711.364,412.394,0.869629,detected
497,16.583250,near,1,721.000,588.000,4.026684,11.224655,667.588,391.746,776.518,616.082,0.912598,detected
497,16.583250,far,2,662.000,400.000,3.423422,2.131372,608.078,275.681,710.719,412.196,0.884277,detected
498,16.616617,near,1,714.000,585.000,3.965231,11.138499,665.134,392.452,770.268,614.503,0.913574,detected
498,16.616617,far,2,663.000,399.000,3.435981,2.048542,608.932,273.779,710.062,412.110,0.883301,detected
499,16.649983,near,1,707.000,588.000,3.900685,11.227370,661.830,395.318,763.778,615.649,0.909180,detected
499,16.649983,far,2,664.000,400.000,3.449588,2.131147,610.361,272.326,709.735,412.139,0.880859,detected
500,16.683350,near,1,702.000,583.000,3.857344,11.081988,660.958,398.059,755.582,605.499,0.904785,detected
500,16.683350,far,2,664.000,400.000,3.449588,2.131147,611.862,271.536,708.980,411.864,0.889648,detected
501,16.716717,near,1,699.000,584.000,3.829815,11.112034,657.362,398.506,748.058,600.656,0.905273,detected
501,16.716717,far,2,666.000,399.000,3.475322,2.048211,614.466,271.005,708.244,410.630,0.868164,detected
502,16.750083,near,1,696.000,584.000,3.802620,11.112614,651.976,397.999,741.616,601.430,0.905762,detected
502,16.750083,far,2,667.000,398.000,3.488033,1.964991,617.751,270.431,708.525,410.081,0.873047,detected
503,16.783450,near,1,693.000,586.000,3.775022,11.171835,648.552,396.853,737.557,602.209,0.895020,detected
503,16.783450,far,2,670.000,396.000,3.526845,1.797251,620.827,270.258,709.077,410.719,0.853027,detected
504,16.816817,near,1,689.000,585.000,3.739014,11.143337,642.004,393.624,729.110,600.009,0.902832,detected
504,16.816817,far,2,671.000,399.000,3.540876,2.047658,622.901,269.953,708.384,410.822,0.876465,detected
505,16.850184,near,1,684.000,582.000,3.693943,11.055899,637.595,391.602,722.522,598.675,0.904297,detected
505,16.850184,far,2,671.000,399.000,3.540876,2.047658,625.187,269.736,708.307,411.143,0.886230,detected
506,16.883550,near,1,680.000,580.000,3.657552,10.997238,631.591,389.617,715.084,597.526,0.897461,detected
506,16.883550,far,2,671.000,399.000,3.540876,2.047658,626.620,269.690,707.700,411.687,0.877441,detected
507,16.916917,near,1,675.000,578.000,3.611748,10.938368,626.313,387.650,708.849,596.445,0.901367,detected
507,16.916917,far,2,671.000,399.000,3.540876,2.047658,627.442,269.636,706.607,412.104,0.851074,detected
508,16.950284,near,1,671.000,574.000,3.574553,10.818251,622.609,386.967,704.476,595.246,0.906250,detected
508,16.950284,far,2,670.000,398.000,3.527461,1.964665,627.777,268.799,705.583,412.188,0.857910,detected
509,16.983650,near,1,669.000,572.000,3.555764,10.757574,621.286,387.483,702.155,594.143,0.908203,detected
509,16.983650,far,2,670.000,398.000,3.527461,1.964665,628.151,268.579,704.365,412.144,0.854980,detected
510,17.017017,near,1,667.000,570.000,3.536845,10.696480,620.169,388.450,700.020,593.645,0.914551,detected
510,17.017017,far,2,671.000,397.000,3.540326,1.881053,629.983,268.382,704.457,412.193,0.863281,detected
511,17.050384,near,1,663.000,570.000,3.499678,10.697243,619.170,389.005,697.877,592.801,0.904785,detected
511,17.050384,far,2,670.000,395.000,3.526535,1.712935,630.396,268.616,703.069,411.996,0.868652,detected
512,17.083750,near,1,661.000,569.000,3.480797,10.666727,617.764,389.752,694.444,590.397,0.910156,detected
512,17.083750,far,2,670.000,396.000,3.526845,1.797251,629.913,268.376,701.466,411.917,0.873047,detected
513,17.117117,near,1,657.000,569.000,3.443558,10.667488,615.259,390.355,689.741,586.971,0.903809,detected
513,17.117117,far,2,670.000,396.000,3.526845,1.797251,628.836,268.518,699.340,412.097,0.874023,detected
514,17.150484,near,1,656.000,570.000,3.434623,10.698577,612.321,390.033,685.138,584.604,0.896484,detected
514,17.150484,far,2,669.000,396.000,3.513639,1.797356,626.839,269.157,696.301,412.021,0.868164,detected
515,17.183851,near,1,652.000,570.000,3.397441,10.699340,607.634,388.713,679.286,583.792,0.895020,detected
515,17.183851,far,2,667.000,396.000,3.487226,1.797566,624.218,269.417,692.911,412.131,0.878906,detected
516,17.217217,near,1,649.000,567.000,3.368087,10.606895,605.360,386.672,675.784,582.552,0.891113,detected
516,17.217217,far,2,665.000,398.000,3.461745,1.965208,621.680,269.456,689.954,412.739,0.869141,detected
517,17.250584,near,1,643.000,565.000,3.310833,10.545489,601.793,384.934,671.503,581.721,0.843750,detected
517,17.250584,far,2,664.000,397.000,3.448102,1.881801,619.559,269.338,687.225,413.036,0.846680,detected
518,17.283951,near,1,637.000,565.000,3.254553,10.546627,595.177,383.245,665.362,581.468,0.871582,detected
518,17.283951,far,2,661.000,397.000,3.408568,1.882122,616.736,269.515,683.325,412.790,0.825684,detected
519,17.317317,near,1,634.000,569.000,3.229333,10.671871,590.914,382.713,661.706,582.137,0.900391,detected
519,17.317317,far,2,658.000,398.000,3.369715,1.965969,613.687,270.016,679.232,413.259,0.860840,detected
520,17.350684,near,1,629.000,566.000,3.180309,10.579475,587.106,382.690,658.299,581.730,0.893555,detected
520,17.350684,far,2,657.000,399.000,3.357282,2.049205,610.569,270.211,674.651,413.148,0.850098,detected
521,17.384051,near,1,626.000,565.000,3.151341,10.548714,585.324,383.002,657.109,581.336,0.901367,detected
521,17.384051,far,2,653.000,399.000,3.304803,2.049647,608.819,269.721,671.346,412.817,0.774414,detected
522,17.417417,near,1,623.000,565.000,3.123185,10.549283,583.285,383.294,656.065,581.086,0.900391,detected
522,17.417417,far,2,651.000,399.000,3.278560,2.049868,612.354,269.397,672.285,412.121,0.779785,detected
523,17.450784,near,1,622.000,564.000,3.112867,10.518033,581.458,384.140,655.311,581.171,0.903320,detected
523,17.450784,far,2,650.000,398.000,3.264499,1.966839,613.740,269.350,671.600,411.998,0.801270,detected
524,17.484151,near,1,619.000,562.000,3.082688,10.455394,578.461,384.410,653.623,581.237,0.899414,detected
524,17.484151,far,2,647.000,398.000,3.225032,1.967165,614.551,269.266,670.592,411.526,0.810059,detected
525,17.517518,near,1,617.000,562.000,3.063816,10.455772,575.762,384.598,651.964,581.291,0.906738,detected
525,17.517518,far,2,643.000,399.000,3.173560,2.050753,613.915,269.524,668.976,412.131,0.806152,detected
526,17.550884,near,1,615.000,558.000,3.040696,10.328410,572.341,384.397,649.435,581.052,0.903809,detected
526,17.550884,far,2,641.000,398.000,3.146080,1.967818,613.677,269.341,667.881,412.149,0.803223,detected
