frame,time_s,role,track_id,x_px,y_px,court_x_m,court_y_m,bbox_x1,bbox_y1,bbox_x2,bbox_y2,confidence,source
0,0.000000,near,1,503.000,572.000,2.014241,10.789387,461.621,404.104,554.434,593.273,0.912109,detected
0,0.000000,far,2,659.000,415.000,3.393561,3.326608,625.332,284.328,678.828,433.645,0.859863,detected
1,0.033367,near,1,502.000,572.000,2.004926,10.789578,461.372,404.570,554.310,594.019,0.912598,detected
1,0.033367,far,2,659.000,417.000,3.394764,3.479686,625.362,284.887,678.984,434.577,0.862305,detected
2,0.066733,near,1,502.000,572.000,2.004926,10.789578,461.014,404.649,553.934,594.147,0.910156,detected
2,0.066733,far,2,658.000,416.000,3.381562,3.403462,625.198,284.314,679.013,434.569,0.859863,detected
3,0.100100,near,1,502.000,572.000,2.004926,10.789578,461.303,405.240,554.078,594.501,0.912598,detected
3,0.100100,far,2,658.000,415.000,3.380930,3.326746,625.349,284.778,678.980,434.550,0.860840,detected
4,0.133467,near,1,502.000,572.000,2.004926,10.789578,461.992,405.106,554.498,593.654,0.918945,detected
4,0.133467,far,2,659.000,419.000,3.395957,3.631358,625.456,283.826,679.547,435.012,0.875000,detected
5,0.166834,near,1,502.000,572.000,2.004926,10.789578,462.210,405.125,554.655,593.360,0.917969,detected
5,0.166834,far,2,659.000,419.000,3.395957,3.631358,625.484,283.354,679.742,435.162,0.875977,detected
6,0.200200,near,1,502.000,572.000,2.004926,10.789578,462.382,405.124,554.902,593.262,0.918945,detected
6,0.200200,far,2,659.000,416.000,3.394164,3.403324,625.311,283.200,679.384,434.606,0.873047,detected
7,0.233567,near,1,502.000,572.000,2.004926,10.789578,462.326,404.970,555.094,593.382,0.917480,detected
7,0.233567,far,2,659.000,419.000,3.395957,3.631358,625.202,283.379,679.293,434.990,0.875977,detected
8,0.266934,near,1,502.000,572.000,2.004926,10.789578,462.179,404.983,555.277,593.869,0.917969,detected
8,0.266934,far,2,659.000,416.000,3.394164,3.403324,624.876,283.090,678.958,434.836,0.873047,detected
9,0.300300,near,1,502.000,571.000,2.002112,10.758857,462.040,404.477,555.417,593.761,0.916992,detected
9,0.300300,far,2,659.000,419.000,3.395957,3.631358,624.745,283.281,678.846,435.065,0.871094,detected
10,0.333667,near,1,502.000,571.000,2.002112,10.758857,461.945,404.649,555.504,594.297,0.916992,detected
10,0.333667,far,2,659.000,416.000,3.394164,3.403324,624.580,283.433,678.492,434.859,0.869629,detected
11,0.367034,near,1,502.000,570.000,1.999289,10.728029,462.192,404.139,555.820,593.922,0.915039,detected
11,0.367034,far,2,659.000,419.000,3.395957,3.631358,624.691,283.495,678.624,434.923,0.871582,detected
12,0.400400,near,1,502.000,572.000,2.004926,10.789578,462.212,404.451,556.003,594.353,0.920410,detected
12,0.400400,far,2,659.000,416.000,3.394164,3.403324,624.789,283.235,678.623,434.515,0.862305,detected
13,0.433767,near,1,502.000,572.000,2.004926,10.789578,462.202,404.570,555.793,593.941,0.917480,detected
13,0.433767,far,2,660.000,416.000,3.406765,3.403185,624.725,283.714,678.299,434.360,0.863281,detected
14,0.467134,near,1,502.000,571.000,2.002112,10.758857,462.466,404.473,556.297,594.213,0.919434,detected
14,0.467134,far,2,660.000,416.000,3.406765,3.403185,624.637,284.112,677.958,434.446,0.858887,detected
15,0.500501,near,1,502.000,571.000,2.002112,10.758857,462.284,403.938,556.474,594.457,0.916504,detected
15,0.500501,far,2,660.000,415.000,3.406192,3.326471,624.732,284.405,677.850,434.337,0.857910,detected
16,0.533867,near,1,502.000,571.000,2.002112,10.758857,462.034,403.808,556.428,594.548,0.916992,detected
16,0.533867,far,2,660.000,416.000,3.406765,3.403185,625.133,284.657,678.022,434.296,0.856934,detected
17,0.567234,near,1,502.000,571.000,2.002112,10.758857,461.969,403.763,556.373,594.579,0.916504,detected
17,0.567234,far,2,660.000,416.000,3.406765,3.403185,625.072,284.464,677.875,434.282,0.855957,detected
18,0.600601,near,1,502.000,571.000,2.002112,10.758857,462.322,403.677,556.539,594.020,0.917480,detected
18,0.600601,far,2,659.000,417.000,3.394764,3.479686,625.316,284.673,677.982,434.420,0.858887,detected
19,0.633967,near,1,502.000,571.000,2.002112,10.758857,462.401,403.648,556.649,593.807,0.915039,detected
19,0.633967,far,2,659.000,419.000,3.395957,3.631358,624.931,284.110,677.933,435.042,0.869629,detected
20,0.667334,near,1,502.000,571.000,2.002112,10.758857,462.396,403.640,556.720,593.728,0.915527,detected
20,0.667334,far,2,659.000,420.000,3.396549,3.706674,624.809,283.897,677.893,435.276,0.872070,detected
21,0.700701,near,1,502.000,571.000,2.002112,10.758857,462.645,403.640,557.057,593.699,0.912109,detected
21,0.700701,far,2,659.000,419.000,3.395957,3.631358,624.784,283.816,677.859,435.362,0.867676,detected
22,0.734067,near,1,502.000,571.000,2.002112,10.758857,462.709,403.643,557.208,593.689,0.911621,detected
22,0.734067,far,2,659.000,419.000,3.395957,3.631358,624.825,283.716,677.800,435.391,0.865723,detected
23,0.767434,near,1,502.000,570.000,1.999289,10.728029,462.781,403.291,557.493,593.829,0.907715,detected
23,0.767434,far,2,659.000,419.000,3.395957,3.631358,624.852,283.751,677.769,435.399,0.865723,detected
24,0.800801,near,1,502.000,571.000,2.002112,10.758857,462.590,403.444,557.244,593.883,0.906738,detected
24,0.800801,far,2,659.000,419.000,3.395957,3.631358,624.864,283.553,677.758,435.541,0.873047,detected
25,0.834168,near,1,502.000,571.000,2.002112,10.758857,462.638,403.079,557.305,593.762,0.901367,detected
25,0.834168,far,2,659.000,419.000,3.395957,3.631358,624.909,283.337,677.716,435.450,0.863770,detected
26,0.867534,near,1,502.000,571.000,2.002112,10.758857,462.358,402.944,557.053,593.717,0.908203,detected
26,0.867534,far,2,659.000,419.000,3.395957,3.631358,624.951,283.187,677.677,435.413,0.867676,detected
27,0.900901,near,1,502.000,570.000,1.999289,10.728029,462.230,402.967,556.975,593.700,0.910645,detected
27,0.900901,far,2,659.000,419.000,3.395957,3.631358,624.980,282.992,677.651,435.397,0.858887,detected
28,0.934268,near,1,502.000,570.000,1.999289,10.728029,462.309,403.051,557.099,593.837,0.909180,detected
28,0.934268,far,2,659.000,419.000,3.395957,3.631358,625.034,282.992,677.600,435.389,0.865234,detected
29,0.967634,near,1,502.000,570.000,1.999289,10.728029,462.187,403.014,557.012,593.747,0.910645,detected
29,0.967634,far,2,659.000,419.000,3.395957,3.631358,624.820,283.066,677.249,435.313,0.861328,detected
30,1.001001,near,1,502.000,570.000,1.999289,10.728029,462.277,403.145,557.126,593.997,0.904785,detected
30,1.001001,far,2,659.000,419.000,3.395957,3.631358,624.378,283.026,676.770,435.354,0.856445,detected
31,1.034368,near,1,502.000,570.000,1.999289,10.728029,462.492,403.055,557.270,593.808,0.904297,detected
31,1.034368,far,2,659.000,419.000,3.395957,3.631358,624.626,283.014,676.888,435.440,0.856934,detected
32,1.067734,near,1,502.000,570.000,1.999289,10.728029,462.436,403.022,557.176,593.736,0.904785,detected
32,1.067734,far,2,659.000,419.000,3.395957,3.631358,624.431,283.011,676.660,435.542,0.856934,detected
33,1.101101,near,1,502.000,570.000,1.999289,10.728029,462.257,403.012,557.011,593.710,0.908203,detected
33,1.101101,far,2,659.000,419.000,3.395957,3.631358,624.096,282.941,676.273,435.509,0.856445,detected
34,1.134468,near,1,502.000,570.000,1.999289,10.728029,462.127,402.938,557.009,593.984,0.911621,detected
34,1.134468,far,2,660.000,418.000,3.407905,3.555554,623.918,282.420,676.185,435.211,0.860840,detected
35,1.167835,near,1,502.000,570.000,1.999289,10.728029,462.091,402.912,556.996,594.088,0.911621,detected
35,1.167835,far,2,660.000,418.000,3.407905,3.555554,623.831,282.297,676.179,435.026,0.863281,detected
36,1.201201,near,1,502.000,570.000,1.999289,10.728029,462.149,403.188,556.919,594.126,0.912598,detected
36,1.201201,far,2,660.000,418.000,3.407905,3.555554,623.870,282.325,676.114,434.673,0.864258,detected
37,1.234568,near,1,502.000,570.000,1.999289,10.728029,462.161,403.222,556.900,594.140,0.912109,detected
37,1.234568,far,2,660.000,419.000,3.408471,3.631215,623.587,282.411,675.826,434.683,0.868164,detected
38,1.267935,near,1,502.000,570.000,1.999289,10.728029,462.227,403.165,556.832,594.002,0.909668,detected
38,1.267935,far,2,660.000,419.000,3.408471,3.631215,623.186,282.376,675.453,434.405,0.872559,detected
39,1.301301,near,1,502.000,570.000,1.999289,10.728029,462.217,402.859,556.841,593.949,0.910156,detected
39,1.301301,far,2,660.000,418.000,3.407905,3.555554,622.705,282.578,675.082,434.373,0.875000,detected
40,1.334668,near,1,502.000,570.000,1.999289,10.728029,462.282,403.028,556.777,593.929,0.911621,detected
40,1.334668,far,2,660.000,418.000,3.407905,3.555554,621.840,282.728,674.500,434.364,0.875488,detected
41,1.368035,near,1,502.000,569.000,1.996456,10.697096,462.256,402.810,556.803,593.921,0.911621,detected
41,1.368035,far,2,659.000,419.000,3.395957,3.631358,620.731,282.786,673.800,434.434,0.879883,detected
42,1.401401,near,1,502.000,569.000,1.996456,10.697096,462.356,402.941,556.704,593.777,0.913574,detected
42,1.401401,far,2,659.000,420.000,3.396549,3.706674,619.403,282.879,672.903,434.534,0.886719,detected
43,1.434768,near,1,502.000,568.000,1.993613,10.666057,462.679,402.637,556.948,593.438,0.912598,detected
43,1.434768,far,2,659.000,420.000,3.396549,3.706674,618.489,283.270,672.434,434.574,0.890625,detected
44,1.468135,near,1,502.000,568.000,1.993613,10.666057,462.676,402.523,556.882,593.311,0.913574,detected
44,1.468135,far,2,658.000,422.000,3.385295,3.856423,618.771,283.559,673.369,434.803,0.895508,detected
45,1.501502,near,1,502.000,568.000,1.993613,10.666057,462.688,402.483,556.842,593.266,0.913574,detected
45,1.501502,far,2,658.000,422.000,3.385295,3.856423,617.667,283.737,673.256,434.890,0.896484,detected
46,1.534868,near,1,502.000,569.000,1.996456,10.697096,462.684,402.469,556.832,593.251,0.916992,detected
46,1.534868,far,2,657.000,420.000,3.371575,3.706963,615.306,283.659,672.342,434.923,0.897949,detected
47,1.568235,near,1,502.000,570.000,1.999289,10.728029,462.502,402.183,556.725,593.247,0.916504,detected
47,1.568235,far,2,657.000,419.000,3.370926,3.631645,615.166,283.698,672.838,434.935,0.872070,detected
48,1.601602,near,1,502.000,570.000,1.999289,10.728029,462.607,402.715,556.510,593.532,0.917969,detected
48,1.601602,far,2,657.000,417.000,3.369618,3.479966,614.592,283.426,672.589,434.939,0.857910,detected
49,1.634968,near,1,501.000,572.000,1.995612,10.789771,462.725,402.990,556.350,593.783,0.913574,detected
49,1.634968,far,2,657.000,420.000,3.371575,3.706963,608.524,282.895,668.160,434.798,0.870117,detected
50,1.668335,near,1,501.000,572.000,1.995612,10.789771,463.083,403.094,556.545,593.878,0.911621,detected
50,1.668335,far,2,657.000,419.000,3.370926,3.631645,611.611,282.553,671.361,434.886,0.826172,detected
51,1.701702,near,1,501.000,572.000,1.995612,10.789771,462.736,402.422,555.965,593.771,0.911133,detected
51,1.701702,far,2,658.000,420.000,3.384062,3.706819,611.592,282.425,671.695,434.778,0.840332,detected
52,1.735068,near,1,502.000,572.000,2.004926,10.789578,462.321,400.609,555.463,593.304,0.908203,detected
52,1.735068,far,2,658.000,421.000,3.384680,3.781792,612.665,282.450,672.906,434.949,0.833008,detected
53,1.768435,near,1,504.000,565.000,2.003878,10.571917,461.490,398.017,554.253,592.421,0.913086,detected
53,1.768435,far,2,660.000,420.000,3.409035,3.706529,612.227,281.611,673.103,434.802,0.848145,detected
54,1.801802,near,1,504.000,558.000,1.983721,10.349332,462.534,395.068,551.877,583.895,0.907227,detected
54,1.801802,far,2,661.000,419.000,3.420985,3.631072,611.847,281.510,673.410,434.745,0.867676,detected
55,1.835169,near,1,506.000,561.000,2.011402,10.445008,462.208,391.956,549.991,579.773,0.902832,detected
55,1.835169,far,2,661.000,418.000,3.420448,3.555413,612.201,281.832,673.614,434.299,0.863770,detected
56,1.868535,near,1,507.000,559.000,2.015204,10.380895,461.137,388.337,548.550,577.717,0.902832,detected
56,1.868535,far,2,661.000,416.000,3.419366,3.403046,611.081,282.599,672.119,433.847,0.854004,detected
57,1.901902,near,1,509.000,558.000,2.031425,10.348388,460.103,385.320,546.967,576.145,0.915039,detected
57,1.901902,far,2,663.000,412.000,3.442607,3.093784,611.308,284.743,671.492,432.326,0.876465,detected
58,1.935269,near,1,511.000,558.000,2.050503,10.348010,459.049,383.239,545.367,575.605,0.912598,detected
58,1.935269,far,2,664.000,410.000,3.454390,2.936991,610.958,286.483,670.568,431.039,0.864746,detected
59,1.968635,near,1,512.000,556.000,2.054461,10.283228,457.963,379.678,544.356,575.172,0.903809,detected
59,1.968635,far,2,662.000,413.000,3.430413,3.171703,607.385,288.412,667.506,430.646,0.884766,detected
60,2.002002,near,1,513.000,556.000,2.064033,10.283040,457.443,377.117,543.562,574.772,0.891602,detected
60,2.002002,far,2,659.000,416.000,3.394164,3.403324,604.811,290.044,665.785,430.371,0.883789,detected
61,2.035369,near,1,514.000,557.000,2.076367,10.315205,457.659,375.925,543.176,574.384,0.900879,detected
61,2.035369,far,2,658.000,417.000,3.382191,3.479826,603.364,292.135,665.122,430.428,0.892090,detected
62,2.068735,near,1,515.000,555.000,2.080421,10.250197,458.104,375.683,542.717,573.434,0.906738,detected
62,2.068735,far,2,657.000,417.000,3.369618,3.479966,601.619,293.960,664.427,430.320,0.874512,detected
63,2.102102,near,1,517.000,555.000,2.099596,10.249822,458.308,375.944,542.272,573.116,0.907227,detected
63,2.102102,far,2,657.000,417.000,3.369618,3.479966,602.906,293.445,667.499,430.293,0.893066,detected
64,2.135469,near,1,518.000,550.000,2.095517,10.085587,458.361,376.813,541.034,571.477,0.904785,detected
64,2.135469,far,2,654.000,417.000,3.331893,3.480388,603.378,293.080,669.833,431.009,0.890137,detected
65,2.168836,near,1,518.000,547.000,2.087201,9.985758,458.477,377.200,540.226,569.474,0.906738,detected
65,2.168836,far,2,653.000,416.000,3.318543,3.404157,602.190,292.630,670.394,431.356,0.911621,detected
66,2.202202,near,1,520.000,550.000,2.114861,10.085214,457.935,376.392,540.263,569.621,0.910645,detected
66,2.202202,far,2,651.000,411.000,3.289108,3.017209,602.128,292.578,671.382,430.993,0.895508,detected
67,2.235569,near,1,523.000,546.000,2.133110,9.951318,457.694,375.415,540.349,568.152,0.905762,detected
67,2.235569,far,2,644.000,408.000,3.196602,2.781381,602.609,294.248,671.703,430.076,0.875977,detected
68,2.268936,near,1,524.000,544.000,2.137445,9.883750,456.580,373.379,540.302,567.069,0.901367,detected
68,2.268936,far,2,637.000,409.000,3.107934,2.861562,602.067,295.860,670.986,428.946,0.895020,detected
69,2.302302,near,1,524.000,543.000,2.134728,9.849877,455.919,372.083,540.558,566.133,0.902344,detected
69,2.302302,far,2,634.000,414.000,3.076257,3.252934,600.421,297.081,669.587,428.320,0.901367,detected
70,2.335669,near,1,526.000,540.000,2.146208,9.747163,455.082,370.926,540.708,565.537,0.909180,detected
70,2.335669,far,2,624.000,415.000,2.951104,3.331420,596.710,298.438,666.148,427.886,0.906250,detected
71,2.369036,near,1,528.000,538.000,2.160516,9.677949,454.762,369.255,541.365,564.642,0.908203,detected
71,2.369036,far,2,620.000,416.000,2.902233,3.408746,591.904,299.629,662.006,428.243,0.901367,detected
72,2.402402,near,1,527.000,537.000,2.147914,9.643522,454.487,368.525,541.798,563.775,0.903809,detected
72,2.402402,far,2,616.000,416.000,2.851726,3.409303,588.338,301.472,658.594,428.029,0.904785,detected
73,2.435769,near,1,527.000,537.000,2.147914,9.643522,454.426,368.010,542.512,563.485,0.903320,detected
73,2.435769,far,2,612.000,415.000,2.799231,3.333072,583.995,303.921,654.391,428.033,0.898926,detected
74,2.469136,near,1,527.000,537.000,2.147914,9.643522,455.346,368.851,543.562,563.270,0.902832,detected
74,2.469136,far,2,610.000,416.000,2.775948,3.410139,580.417,303.917,652.047,428.118,0.899414,detected
75,2.502503,near,1,524.000,533.000,2.107017,9.504363,457.971,369.069,543.973,556.401,0.887695,detected
75,2.502503,far,2,611.000,411.000,2.778447,3.022459,578.341,302.800,650.930,427.583,0.904785,detected
76,2.535869,near,1,524.000,537.000,2.118222,9.644070,458.837,370.060,545.999,558.738,0.895020,detected
76,2.535869,far,2,610.000,414.000,2.771864,3.256200,574.431,296.702,650.651,428.463,0.901367,detected
77,2.569236,near,1,524.000,537.000,2.118222,9.644070,459.583,371.152,548.008,561.906,0.903320,detected
77,2.569236,far,2,609.000,413.000,2.757088,3.178827,571.681,293.324,649.414,428.582,0.901855,detected
78,2.602603,near,1,523.000,538.000,2.111117,9.678864,461.947,374.841,549.496,563.272,0.903320,detected
78,2.602603,far,2,608.000,410.000,2.737962,2.944249,568.618,290.404,646.042,426.253,0.895020,detected
79,2.635969,near,1,523.000,541.000,2.119439,9.781952,464.005,378.546,550.298,563.817,0.906250,detected
79,2.635969,far,2,608.000,408.000,2.733642,2.785930,566.584,287.390,644.062,424.511,0.902344,detected
80,2.669336,near,1,524.000,543.000,2.134728,9.849877,465.032,380.644,550.868,564.179,0.907227,detected
80,2.669336,far,2,608.000,406.000,2.729281,2.626113,565.917,284.933,642.785,421.469,0.902832,detected
81,2.702703,near,1,525.000,546.000,2.152588,9.950947,466.255,382.549,551.622,564.322,0.910156,detected
81,2.702703,far,2,605.000,403.000,2.683583,2.383881,563.144,281.556,640.455,418.558,0.897461,detected
82,2.736069,near,1,526.000,547.000,2.164979,9.984272,467.287,382.800,552.993,564.526,0.909668,detected
82,2.736069,far,2,602.000,403.000,2.644498,2.384235,561.322,279.331,638.510,415.791,0.899902,detected
83,2.769436,near,1,528.000,547.000,2.184421,9.983901,469.207,382.293,555.629,565.178,0.913574,detected
83,2.769436,far,2,597.000,401.000,2.574191,2.221125,559.575,278.183,636.433,413.574,0.896973,detected
84,2.802803,near,1,529.000,549.000,2.199315,10.050379,471.284,380.796,558.612,565.567,0.914062,detected
84,2.802803,far,2,592.000,395.000,2.491987,1.720988,556.383,277.732,632.086,411.147,0.869629,detected
85,2.836170,near,1,532.000,551.000,2.233404,10.116012,474.292,379.220,562.259,565.714,0.912598,detected
85,2.836170,far,2,589.000,397.000,2.457935,1.889828,552.615,278.118,626.897,409.642,0.864258,detected
86,2.869536,near,1,536.000,549.000,2.267103,10.049075,477.972,378.894,565.823,565.485,0.909180,detected
86,2.869536,far,2,587.000,397.000,2.431479,1.890043,548.212,278.670,622.405,409.421,0.871094,detected
87,2.902903,near,1,540.000,549.000,2.305831,10.048330,481.444,380.041,568.678,565.964,0.908203,detected
87,2.902903,far,2,582.000,395.000,2.359055,1.722022,543.155,278.629,616.907,409.389,0.854980,detected
88,2.936270,near,1,543.000,550.000,2.337207,10.080923,485.101,382.033,571.831,567.423,0.915039,detected
88,2.936270,far,2,580.000,394.000,2.329237,1.637331,539.505,278.362,611.968,408.640,0.866699,detected
89,2.969636,near,1,547.000,558.000,2.393687,10.341217,489.808,383.911,576.942,570.101,0.909180,detected
89,2.969636,far,2,572.000,393.000,2.219070,1.552814,536.435,277.437,608.338,408.830,0.884277,detected
90,3.003003,near,1,551.000,556.000,2.427514,10.275890,493.402,386.728,580.863,572.799,0.916504,detected
90,3.003003,far,2,569.000,392.000,2.175344,1.467360,532.288,276.975,602.815,407.306,0.833496,detected
91,3.036370,near,1,553.000,559.000,2.452935,10.372203,495.478,391.176,582.583,575.503,0.918945,detected
91,3.036370,far,2,565.000,390.000,2.114172,1.294961,528.714,276.476,597.860,405.271,0.860840,detected
92,3.069736,near,1,555.000,559.000,2.471951,10.371826,496.457,394.889,582.838,576.494,0.917969,detected
92,3.069736,far,2,562.000,387.000,2.061979,1.032822,525.400,275.890,593.384,403.333,0.860840,detected
93,3.103103,near,1,556.000,562.000,2.487549,10.467319,496.205,398.305,583.931,581.547,0.912598,detected
93,3.103103,far,2,559.000,386.000,2.017186,0.944735,521.488,275.055,588.934,401.367,0.869141,detected
94,3.136470,near,1,557.000,565.000,2.502985,10.561824,494.391,400.233,584.218,586.652,0.912598,detected
94,3.136470,far,2,555.000,384.000,1.954272,0.767035,516.655,273.625,583.766,399.679,0.867676,detected
95,3.169837,near,1,558.000,569.000,2.520205,10.686380,492.243,402.172,583.967,590.924,0.914062,detected
95,3.169837,far,2,550.000,380.000,1.867973,0.405914,509.234,271.334,575.162,396.814,0.823730,detected
96,3.203203,near,1,559.000,574.000,2.539086,10.839741,490.160,404.397,583.322,593.187,0.916504,detected
96,3.203203,far,2,546.000,378.000,1.803311,0.222668,505.649,269.794,569.902,394.081,0.795898,detected
97,3.236570,near,1,561.000,577.000,2.563163,10.930243,489.699,406.448,584.330,594.107,0.916504,detected
97,3.236570,far,2,545.000,375.000,1.775090,0.000000,504.462,268.541,566.404,390.113,0.801758,detected
98,3.269937,near,1,563.000,579.000,2.585202,10.989939,489.220,407.580,586.068,595.366,0.924805,detected
98,3.269937,far,2,541.000,375.000,1.719060,0.000000,500.197,268.910,560.939,387.984,0.744629,detected
99,3.303303,near,1,563.000,578.000,2.583401,10.959949,489.023,407.656,587.802,595.484,0.927734,detected
99,3.303303,far,2,536.000,374.000,1.643858,0.000000,498.819,269.017,559.055,386.555,0.667969,detected
100,3.336670,near,1,565.000,577.000,2.600025,10.929472,489.240,406.910,589.796,595.033,0.932129,detected
100,3.336670,far,2,534.000,373.000,1.610512,0.000000,497.779,269.018,558.633,385.527,0.687500,detected
101,3.370037,near,1,566.000,576.000,2.607473,10.899087,490.790,405.721,593.264,595.083,0.937012,detected
101,3.370037,far,2,531.000,371.000,1.557453,0.000000,489.897,268.760,553.607,384.933,0.708008,detected
102,3.403403,near,1,567.000,573.000,2.611416,10.807703,494.880,405.297,598.637,594.626,0.936035,detected
102,3.403403,far,2,528.000,368.000,1.498226,0.000000,485.930,268.547,551.055,381.839,0.844238,detected
103,3.436770,near,1,568.000,573.000,2.620692,10.807511,499.491,405.166,604.329,594.118,0.936523,detected
103,3.436770,far,2,527.000,365.000,1.466836,0.000000,486.642,268.641,553.183,378.807,0.856934,detected
104,3.470137,near,1,568.000,574.000,2.622445,10.838011,505.542,405.722,611.703,594.167,0.925781,detected
104,3.470137,far,2,525.000,362.000,1.420439,0.000000,488.335,268.845,556.340,376.101,0.902344,detected
105,3.503504,near,1,570.000,574.000,2.640965,10.837626,512.493,407.180,620.175,594.433,0.928711,detected
105,3.503504,far,2,524.000,360.000,1.393955,0.000000,487.076,268.850,557.299,373.961,0.901367,detected
106,3.536870,near,1,572.000,579.000,2.667848,10.988200,515.357,409.407,625.208,596.208,0.927734,detected
106,3.536870,far,2,522.000,363.000,1.382936,0.000000,484.696,268.359,558.602,375.009,0.913574,detected
107,3.570237,near,1,574.000,580.000,2.687835,11.017700,516.200,413.056,627.389,597.413,0.921387,detected
107,3.570237,far,2,522.000,363.000,1.382936,0.000000,481.105,269.338,557.338,375.374,0.845215,detected
108,3.603604,near,1,574.000,582.000,2.691068,11.077175,517.796,417.747,630.101,598.258,0.922363,detected
108,3.603604,far,2,519.000,366.000,1.357732,0.000000,480.079,270.099,557.579,375.367,0.886230,detected
109,3.636970,near,1,578.000,582.000,2.727604,11.076400,518.958,422.391,632.024,598.104,0.926758,detected
109,3.636970,far,2,517.000,366.000,1.329015,0.000000,478.648,272.114,556.291,375.349,0.885254,detected
110,3.670337,near,1,580.000,581.000,2.744348,11.046326,519.577,424.693,634.326,597.719,0.926270,detected
110,3.670337,far,2,516.000,366.000,1.314655,0.000000,477.852,275.683,555.369,376.986,0.865234,detected
111,3.703704,near,1,579.000,579.000,2.732109,10.986848,519.068,425.173,635.415,595.818,0.924316,detected
111,3.703704,far,2,514.000,367.000,1.292128,0.000000,475.188,278.380,553.785,380.308,0.856445,detected
112,3.737070,near,1,578.000,576.000,2.718209,10.896776,518.669,426.134,636.403,594.514,0.923828,detected
112,3.737070,far,2,515.000,369.000,1.318669,0.000000,473.930,281.475,552.739,382.974,0.842285,detected
113,3.770437,near,1,576.000,575.000,2.698141,10.866869,514.926,426.126,635.567,593.443,0.926758,detected
113,3.770437,far,2,515.000,368.000,1.312576,0.000000,473.457,282.883,552.205,383.693,0.831055,detected
114,3.803804,near,1,573.000,570.000,2.662014,10.714431,510.835,425.267,632.929,588.728,0.930664,detected
114,3.803804,far,2,514.000,367.000,1.292128,0.000000,472.903,282.305,551.940,382.881,0.855957,detected
115,3.837171,near,1,567.000,566.000,2.598867,10.591268,504.397,424.443,629.492,585.527,0.936523,detected
115,3.837171,far,2,513.000,371.000,1.302411,0.000000,471.446,279.740,552.633,383.004,0.875000,detected
116,3.870537,near,1,563.000,567.000,2.563186,10.623268,496.620,425.394,625.781,584.955,0.925293,detected
116,3.870537,far,2,512.000,369.000,1.275920,0.000000,470.628,279.334,552.112,383.120,0.854492,detected
117,3.903904,near,1,562.000,572.000,2.563174,10.778058,484.272,428.084,618.612,586.654,0.920898,detected
117,3.903904,far,2,513.000,370.000,1.296307,0.000000,470.514,278.660,552.388,383.020,0.888184,detected
118,3.937271,near,1,559.000,574.000,2.539086,10.839741,472.841,430.980,612.243,588.032,0.928223,detected
118,3.937271,far,2,513.000,369.000,1.290171,0.000000,470.718,276.992,553.467,382.697,0.896484,detected
119,3.970637,near,1,556.000,574.000,2.511293,10.840318,465.707,434.524,608.314,588.276,0.929199,detected
119,3.970637,far,2,517.000,369.000,1.347165,0.000000,474.615,275.824,557.749,382.927,0.888184,detected
120,4.004004,near,1,551.000,574.000,2.464966,10.841279,463.035,438.017,607.396,588.380,0.932617,detected
120,4.004004,far,2,520.000,370.000,1.395778,0.000000,479.129,274.762,561.751,383.015,0.885254,detected
121,4.037371,near,1,550.000,574.000,2.455700,10.841472,461.767,439.303,608.166,588.428,0.929688,detected
121,4.037371,far,2,523.000,369.000,1.432632,0.000000,484.218,273.515,566.686,383.399,0.896973,detected
122,4.070737,near,1,548.000,573.000,2.435098,10.811353,462.369,439.848,609.888,588.308,0.932617,detected
122,4.070737,far,2,528.000,372.000,1.520485,0.000000,488.689,273.187,570.788,384.247,0.885742,detected
123,4.104104,near,1,547.000,573.000,2.425815,10.811544,463.465,439.548,612.422,588.990,0.929199,detected
123,4.104104,far,2,533.000,374.000,1.601708,0.000000,494.317,274.126,575.416,385.201,0.871582,detected
124,4.137471,near,1,546.000,572.000,2.414425,10.781128,461.355,435.375,614.578,588.961,0.913574,detected
124,4.137471,far,2,539.000,377.000,1.701043,0.130660,499.380,275.272,580.401,387.676,0.880371,detected
125,4.170838,near,1,545.000,574.000,2.409363,10.842434,461.570,432.938,616.732,588.669,0.933105,detected
125,4.170838,far,2,544.000,380.000,1.785011,0.406350,502.976,276.342,583.602,389.307,0.877441,detected
126,4.204204,near,1,546.000,572.000,2.414425,10.781128,460.694,428.022,620.027,588.843,0.932129,detected
126,4.204204,far,2,546.000,382.000,1.821931,0.587895,507.276,278.512,587.113,390.124,0.889160,detected
127,4.237571,near,1,546.000,570.000,2.410190,10.719598,459.523,423.637,621.891,588.631,0.934082,detected
127,4.237571,far,2,549.000,379.000,1.849587,0.314457,510.433,279.550,590.744,390.695,0.881348,detected
128,4.270938,near,1,546.000,568.000,2.405926,10.657645,458.456,418.884,623.281,587.712,0.936523,detected
128,4.270938,far,2,549.000,381.000,1.858686,0.497054,511.920,280.284,594.488,393.015,0.895020,detected
129,4.304304,near,1,546.000,568.000,2.405926,10.657645,457.683,414.357,624.225,586.524,0.935547,detected
129,4.304304,far,2,553.000,382.000,1.918219,0.587355,512.431,279.842,597.486,394.712,0.889648,detected
130,4.337671,near,1,549.000,567.000,2.431920,10.625937,459.541,411.116,626.103,585.235,0.932129,detected
130,4.337671,far,2,556.000,385.000,1.972162,0.856195,518.836,279.730,606.297,396.172,0.909180,detected
131,4.371038,near,1,553.000,567.000,2.469431,10.625175,464.881,408.099,630.916,584.468,0.930176,detected
131,4.371038,far,2,562.000,385.000,2.054033,0.855694,528.788,280.307,616.608,396.980,0.882324,detected
132,4.404404,near,1,556.000,570.000,2.503487,10.717683,470.449,407.067,635.412,584.885,0.936523,detected
132,4.404404,far,2,570.000,387.000,2.170558,1.032121,541.696,281.503,629.286,397.675,0.893555,detected
133,4.437771,near,1,556.000,571.000,2.505448,10.748499,472.976,407.363,635.891,585.200,0.937012,detected
133,4.437771,far,2,577.000,387.000,2.265528,1.031507,548.876,282.512,636.658,398.045,0.897949,detected
134,4.471138,near,1,555.000,570.000,2.494159,10.717875,474.196,408.172,634.927,585.614,0.937988,detected
134,4.471138,far,2,581.000,382.000,2.303014,0.585198,556.371,283.516,644.526,398.221,0.810059,detected
135,4.504505,near,1,555.000,571.000,2.496136,10.748691,474.805,408.958,633.793,586.205,0.927734,detected
135,4.504505,far,2,591.000,386.000,2.452381,0.941997,566.741,283.877,657.761,403.581,0.856445,detected
136,4.537871,near,1,556.000,572.000,2.507403,10.779209,475.853,408.877,633.624,586.295,0.936035,detected
136,4.537871,far,2,601.000,392.000,2.603903,1.464234,571.527,283.791,664.872,407.505,0.891602,detected
137,4.571238,near,1,557.000,570.000,2.512815,10.717492,476.455,408.672,633.310,586.615,0.928711,detected
137,4.571238,far,2,612.000,398.000,2.764140,1.970975,578.259,283.949,672.911,411.206,0.878418,detected
138,4.604605,near,1,559.000,567.000,2.525688,10.624030,478.074,408.345,632.888,585.327,0.924805,detected
138,4.604605,far,2,624.000,400.000,2.925769,2.135644,586.584,285.592,680.884,414.254,0.864258,detected
139,4.637971,near,1,562.000,567.000,2.553812,10.623458,480.395,408.750,633.246,584.840,0.930664,detected
139,4.637971,far,2,636.000,405.000,3.089803,2.542237,596.701,287.332,690.042,417.187,0.894531,detected
140,4.671338,near,1,565.000,567.000,2.581933,10.622887,484.655,408.649,635.347,584.379,0.931152,detected
140,4.671338,far,2,655.000,403.000,3.334127,2.377989,608.524,289.660,699.314,419.646,0.861328,detected
141,4.704705,near,1,570.000,568.000,2.630551,10.653063,487.912,408.281,638.128,586.200,0.928711,detected
141,4.704705,far,2,659.000,405.000,3.387373,2.539449,620.958,293.970,707.548,420.727,0.848145,detected
142,4.738071,near,1,575.000,568.000,2.677323,10.652109,492.314,406.821,642.142,587.738,0.922852,detected
142,4.738071,far,2,665.000,403.000,3.464041,2.376813,628.100,297.508,709.282,420.765,0.726562,detected
143,4.771438,near,1,579.000,566.000,2.711505,10.588983,498.679,404.318,647.332,588.040,0.918457,detected
143,4.771438,far,2,673.000,407.000,3.568744,2.698110,639.687,299.147,719.302,420.841,0.822266,detected
144,4.804805,near,1,583.000,567.000,2.750594,10.619455,508.031,400.718,654.926,586.605,0.916016,detected
144,4.804805,far,2,684.000,408.000,3.710041,2.776335,645.138,296.420,725.935,421.022,0.847656,detected
145,4.838172,near,1,587.000,566.000,2.786571,10.587461,516.297,396.843,661.149,585.769,0.915039,detected
145,4.838172,far,2,693.000,409.000,3.825024,2.854406,657.580,302.280,736.746,422.387,0.889160,detected
146,4.871538,near,1,592.000,565.000,2.832062,10.555170,523.699,392.392,666.385,585.310,0.906738,detected
146,4.871538,far,2,701.000,410.000,3.926667,2.932207,663.470,307.445,743.645,425.856,0.901367,detected
147,4.904905,near,1,600.000,562.000,2.903344,10.458988,532.512,388.850,671.144,584.299,0.916504,detected
147,4.904905,far,2,704.000,419.000,3.958522,3.624910,667.108,311.120,751.047,431.457,0.888184,detected
148,4.938272,near,1,605.000,561.000,2.949333,10.426270,539.824,386.429,673.289,582.234,0.906738,detected
148,4.938272,far,2,709.000,420.000,4.020117,3.699437,670.129,314.864,756.201,434.040,0.910645,detected
149,4.971638,near,1,609.000,565.000,2.991750,10.551941,548.673,385.713,676.779,581.026,0.902832,detected
149,4.971638,far,2,715.000,422.000,4.092841,3.848009,677.002,319.263,762.625,435.999,0.913086,detected
150,5.005005,near,1,615.000,567.000,3.050167,10.613362,556.210,385.514,680.427,581.426,0.900391,detected
150,5.005005,far,2,719.000,422.000,4.142421,3.847419,680.540,322.608,765.190,436.712,0.903809,detected
151,5.038372,near,1,622.000,570.000,3.118409,10.705066,563.055,387.688,685.427,586.807,0.909668,detected
151,5.038372,far,2,720.000,420.000,4.157102,3.697847,682.664,324.931,766.481,437.176,0.889160,detected
152,5.071738,near,1,626.000,573.000,3.158170,10.796388,569.379,390.737,687.248,588.016,0.909180,detected
152,5.071738,far,2,719.000,416.000,4.149173,3.395000,684.544,326.224,767.659,436.838,0.895508,detected
153,5.105105,near,1,629.000,576.000,3.188313,10.886965,575.656,395.294,689.663,591.020,0.909180,detected
153,5.105105,far,2,723.000,419.000,4.195685,3.622193,680.044,327.281,764.168,436.930,0.905762,detected
154,5.138472,near,1,629.000,579.000,3.190662,10.977198,579.955,399.672,690.869,594.696,0.902832,detected
154,5.138472,far,2,724.000,420.000,4.206896,3.697269,678.453,325.456,765.280,436.906,0.900879,detected
155,5.171839,near,1,629.000,585.000,3.195289,11.154964,582.632,402.890,692.213,600.170,0.916016,detected
155,5.171839,far,2,723.000,421.000,4.193217,3.772292,678.331,322.368,767.818,436.500,0.896484,detected
156,5.205205,near,1,633.000,585.000,3.231573,11.154188,588.012,405.995,694.278,602.055,0.914551,detected
156,5.205205,far,2,722.000,422.000,4.179600,3.846977,677.608,319.738,769.204,436.309,0.903809,detected
157,5.238572,near,1,642.000,578.000,3.309174,10.944717,595.437,409.144,697.306,601.864,0.897461,detected
157,5.238572,far,2,720.000,422.000,4.154815,3.847272,678.031,317.675,771.043,436.412,0.911621,detected
158,5.271939,near,1,650.000,577.000,3.382099,10.913105,603.032,412.012,700.751,600.587,0.898926,detected
158,5.271939,far,2,719.000,423.000,4.141314,3.921624,676.725,313.979,771.869,436.139,0.915039,detected
159,5.305305,near,1,657.000,573.000,3.444989,10.790452,609.146,413.542,701.440,594.032,0.904785,detected
159,5.305305,far,2,715.000,421.000,4.093841,3.773460,673.708,309.660,771.175,435.592,0.909668,detected
160,5.338672,near,1,662.000,581.000,3.493407,11.030478,614.741,416.083,706.531,597.049,0.911133,detected
160,5.338672,far,2,715.000,420.000,4.094844,3.698570,670.290,306.677,768.553,434.664,0.922363,detected
161,5.372039,near,1,669.000,587.000,3.558218,11.205666,620.977,417.750,713.663,600.424,0.916504,detected
161,5.372039,far,2,709.000,418.000,4.021795,3.548607,666.820,305.395,765.056,434.563,0.897461,detected
162,5.405405,near,1,669.000,587.000,3.558218,11.205666,623.493,413.546,718.096,601.377,0.903809,detected
162,5.405405,far,2,706.000,416.000,3.985773,3.396801,663.919,304.575,761.798,433.669,0.884766,detected
163,5.438772,near,1,669.000,587.000,3.558218,11.205666,625.352,412.776,719.687,601.708,0.910645,detected
163,5.438772,far,2,705.000,417.000,3.972466,3.473232,661.754,304.709,758.138,433.453,0.879395,detected
164,5.472139,near,1,670.000,587.000,3.567247,11.205471,627.024,414.004,720.094,601.657,0.911133,detected
164,5.472139,far,2,705.000,417.000,3.972466,3.473232,661.443,304.647,756.178,433.220,0.884277,detected
165,5.505506,near,1,671.000,587.000,3.576276,11.205277,627.408,414.159,719.586,601.321,0.910645,detected
165,5.505506,far,2,705.000,417.000,3.972466,3.473232,661.106,304.364,754.501,433.267,0.883789,detected
166,5.538872,near,1,672.000,586.000,3.585189,11.175904,626.693,412.770,718.836,601.453,0.907715,detected
166,5.538872,far,2,706.000,417.000,3.985011,3.473092,661.556,304.490,753.276,432.856,0.890137,detected
167,5.572239,near,1,673.000,589.000,3.594531,11.262958,624.328,412.369,716.321,603.607,0.909180,detected
167,5.572239,far,2,705.000,417.000,3.972466,3.473232,660.356,303.427,751.347,432.270,0.892578,detected
168,5.605606,near,1,673.000,591.000,3.594728,11.320643,621.081,413.050,712.026,606.094,0.912109,detected
168,5.605606,far,2,702.000,417.000,3.934829,3.473652,657.990,298.451,750.837,431.905,0.887695,detected
169,5.638972,near,1,676.000,596.000,3.621901,11.462625,619.994,415.272,710.071,609.553,0.910645,detected
169,5.638972,far,2,698.000,414.000,3.886238,3.244244,654.350,295.479,746.708,431.070,0.891602,detected
170,5.672339,near,1,678.000,591.000,3.639566,11.319670,620.193,417.302,709.720,612.810,0.911621,detected
170,5.672339,far,2,694.000,413.000,3.836108,3.167411,649.643,296.046,738.351,429.488,0.892090,detected
171,5.705706,near,1,676.000,594.000,3.621794,11.405878,619.719,418.969,708.346,613.863,0.911621,detected
171,5.705706,far,2,686.000,411.000,3.735118,3.012623,645.505,295.119,731.821,428.243,0.877930,detected
172,5.739072,near,1,675.000,597.000,3.613074,11.491055,617.825,420.142,706.046,614.208,0.904785,detected
172,5.739072,far,2,678.000,411.000,3.633240,3.013670,642.302,295.301,726.010,426.723,0.831055,detected
173,5.772439,near,1,674.000,604.000,3.604762,11.686349,613.353,419.348,704.889,620.385,0.900879,detected
173,5.772439,far,2,669.000,409.000,3.517941,2.857471,640.411,296.337,720.640,423.389,0.803223,detected
174,5.805806,near,1,671.000,609.000,3.579029,11.823626,608.144,419.243,702.522,626.850,0.907227,detected
174,5.805806,far,2,662.000,405.000,3.426162,2.539086,636.603,296.699,714.990,422.081,0.738770,detected
175,5.839173,near,1,669.000,613.000,3.562196,11.931809,604.028,421.059,699.667,631.786,0.900391,detected
175,5.839173,far,2,655.000,410.000,3.339383,2.938157,631.098,298.432,708.570,422.917,0.868164,detected
176,5.872539,near,1,669.000,615.000,3.562489,11.985191,598.892,423.418,694.281,634.734,0.893066,detected
176,5.872539,far,2,650.000,410.000,3.275468,2.938804,623.197,300.528,700.206,423.259,0.866699,detected
177,5.905906,near,1,664.000,610.000,3.518263,11.852086,594.007,426.335,687.706,636.334,0.900391,detected
177,5.905906,far,2,645.000,410.000,3.211537,2.939452,614.659,301.683,691.997,422.697,0.890137,detected
178,5.939273,near,1,657.000,614.000,3.458612,11.960922,589.890,429.956,680.882,637.126,0.890137,detected
178,5.939273,far,2,639.000,408.000,3.132351,2.782012,605.882,302.687,683.914,422.151,0.865723,detected
179,5.972639,near,1,649.000,621.000,3.392346,12.147315,585.740,434.125,674.749,637.044,0.908203,detected
179,5.972639,far,2,636.000,409.000,3.095111,2.861690,597.831,302.408,677.845,422.330,0.893555,detected
180,6.006006,near,1,639.000,618.000,3.305156,12.070601,580.345,438.853,668.428,637.202,0.900391,detected
180,6.006006,far,2,635.000,408.000,3.080939,2.782517,592.083,302.369,673.124,421.842,0.895020,detected
181,6.039373,near,1,629.000,616.000,3.217799,12.019703,570.770,443.850,659.758,637.177,0.853027,detected
181,6.039373,far,2,634.000,409.000,3.069463,2.861946,588.357,301.489,670.461,421.464,0.888184,detected
182,6.072739,near,1,619.000,615.000,3.130691,11.995120,561.935,447.712,653.101,637.091,0.917480,detected
182,6.072739,far,2,632.000,407.000,3.040928,2.703216,586.087,301.157,668.992,421.482,0.890137,detected
183,6.106106,near,1,607.000,619.000,3.030904,12.103293,553.104,451.567,647.835,638.723,0.920898,detected
183,6.106106,far,2,631.000,407.000,3.028041,2.703341,584.596,300.249,668.866,422.004,0.894531,detected
184,6.139473,near,1,597.000,620.000,2.946085,12.131527,540.425,454.689,639.501,638.694,0.934082,detected
184,6.139473,far,2,629.000,408.000,3.003802,2.783276,583.288,299.414,668.166,422.071,0.899902,detected
185,6.172840,near,1,587.000,626.000,2.867679,12.289255,527.647,457.898,632.153,640.497,0.941895,detected
185,6.172840,far,2,626.000,407.000,2.963597,2.703965,580.966,297.474,666.629,422.108,0.891602,detected
186,6.206206,near,1,579.000,634.000,2.810162,12.494037,517.239,461.854,630.354,650.031,0.941895,detected
186,6.206206,far,2,623.000,406.000,2.923196,2.624266,578.066,295.480,663.522,421.848,0.895020,detected
187,6.239573,near,1,573.000,638.000,2.765223,12.594971,511.131,466.488,630.006,657.312,0.933594,detected
187,6.239573,far,2,617.000,404.000,2.841799,2.463697,575.356,294.103,659.408,420.912,0.880859,detected
188,6.272940,near,1,564.000,643.000,2.697369,12.719746,503.711,472.454,625.227,661.974,0.929199,detected
188,6.272940,far,2,613.000,403.000,2.787779,2.382937,570.323,291.834,654.761,420.564,0.892578,detected
189,6.306306,near,1,556.000,638.000,2.623211,12.598397,492.819,479.290,614.286,663.338,0.933594,detected
189,6.306306,far,2,608.000,403.000,2.722661,2.383527,568.169,290.576,652.070,419.739,0.899414,detected
190,6.339673,near,1,550.000,636.000,2.569752,12.549891,473.969,484.945,597.210,663.419,0.935059,detected
190,6.339673,far,2,601.000,403.000,2.631469,2.384353,564.892,289.773,648.131,419.647,0.909180,detected
191,6.373040,near,1,542.000,637.000,2.504442,12.576400,467.257,487.739,593.483,663.615,0.929688,detected
191,6.373040,far,2,596.000,405.000,2.571480,2.547092,561.307,289.288,644.712,420.823,0.897949,detected
192,6.406406,near,1,538.000,638.000,2.472761,12.602027,469.708,488.038,599.002,663.593,0.930664,detected
192,6.406406,far,2,591.000,408.000,2.514736,2.788082,558.131,289.836,641.246,421.561,0.894043,detected
193,6.439773,near,1,537.000,640.000,2.468031,12.651643,475.242,485.285,608.376,663.648,0.926758,detected
193,6.439773,far,2,586.000,409.000,2.453150,2.868097,553.835,289.866,637.067,422.485,0.881348,detected
194,6.473140,near,1,536.000,641.000,2.461516,12.676438,468.481,481.812,599.118,662.893,0.889648,detected
194,6.473140,far,2,583.000,410.000,2.417492,2.947496,547.619,290.817,631.294,423.894,0.898926,detected
195,6.506507,near,1,534.000,640.000,2.443024,12.652248,467.273,477.219,596.585,662.261,0.819336,detected
195,6.506507,far,2,580.000,411.000,2.381996,3.026535,543.433,293.105,626.947,425.135,0.884766,detected
196,6.539873,near,1,535.000,639.000,2.449522,12.627377,481.631,471.193,614.943,661.692,0.926758,detected
196,6.539873,far,2,576.000,413.000,2.336969,3.183272,540.152,294.775,622.751,425.034,0.900879,detected
197,6.573240,near,1,537.000,639.000,2.466219,12.626973,485.306,464.665,620.889,659.475,0.912598,detected
197,6.573240,far,2,579.000,412.000,2.372200,3.104950,538.183,292.849,621.351,425.055,0.901855,detected
198,6.606607,near,1,538.000,636.000,2.469134,12.552309,483.647,457.943,620.801,657.747,0.918945,detected
198,6.606607,far,2,578.000,411.000,2.356398,3.026798,535.271,291.990,617.868,425.127,0.896484,detected
199,6.639973,near,1,542.000,636.000,2.502677,12.551503,482.862,453.700,619.333,656.782,0.924316,detected
199,6.639973,far,2,577.000,409.000,2.337429,2.869252,532.194,290.329,613.982,425.005,0.900391,detected
200,6.673340,near,1,547.000,632.000,2.537746,12.450144,484.534,449.861,618.004,655.275,0.902832,detected
200,6.673340,far,2,576.000,404.000,2.308735,2.468607,531.604,287.806,612.180,422.979,0.894043,detected
201,6.706707,near,1,551.000,631.000,2.569813,12.424057,486.190,446.190,615.456,653.844,0.896484,detected
201,6.706707,far,2,576.000,402.000,2.302295,2.305613,530.463,284.318,609.858,419.518,0.885742,detected
202,6.740073,near,1,559.000,631.000,2.637387,12.422450,490.011,445.394,613.614,652.731,0.898438,detected
202,6.740073,far,2,573.000,398.000,2.249615,1.975229,527.818,281.674,606.065,416.014,0.873047,detected
203,6.773440,near,1,566.000,632.000,2.697979,12.446324,493.532,444.875,612.627,653.147,0.900391,detected
203,6.773440,far,2,568.000,395.000,2.172837,1.723472,522.808,279.076,600.937,413.497,0.880859,detected
204,6.806807,near,1,572.000,636.000,2.754117,12.545461,496.946,444.312,612.488,654.856,0.892090,detected
204,6.806807,far,2,565.000,396.000,2.136611,1.808298,521.943,277.289,599.628,411.443,0.902344,detected
205,6.840174,near,1,579.000,642.000,2.820428,12.692275,501.353,446.534,612.178,656.490,0.903320,detected
205,6.840174,far,2,563.000,397.000,2.113799,1.892618,516.605,276.591,595.323,410.561,0.918945,detected
206,6.873540,near,1,581.000,641.000,2.835781,12.667356,502.141,447.867,609.612,656.972,0.907227,detected
206,6.873540,far,2,562.000,396.000,2.096781,1.808614,512.858,276.520,592.828,410.127,0.903320,detected
207,6.906907,near,1,582.000,639.000,2.841617,12.617899,501.368,447.706,607.179,657.003,0.919434,detected
207,6.906907,far,2,560.000,395.000,2.066368,1.724301,508.892,275.760,590.715,409.790,0.906738,detected
208,6.940274,near,1,582.000,637.000,2.839127,12.568341,501.089,445.978,605.982,656.156,0.911133,detected
208,6.940274,far,2,559.000,394.000,2.049148,1.639466,504.036,275.514,587.849,409.769,0.922363,detected
209,6.973640,near,1,581.000,632.000,2.824409,12.443310,501.648,443.656,606.023,655.262,0.921875,detected
209,6.973640,far,2,560.000,395.000,2.066368,1.724301,499.129,273.194,585.547,409.654,0.915527,detected
210,7.007007,near,1,580.000,626.000,2.808146,12.290657,501.605,440.478,604.914,651.250,0.905762,detected
210,7.007007,far,2,554.000,394.000,1.982416,1.639974,494.300,271.297,582.240,409.495,0.915039,detected
211,7.040374,near,1,580.000,627.000,2.809462,12.316331,500.537,436.333,605.288,651.702,0.911133,detected
211,7.040374,far,2,549.000,392.000,1.907137,1.469317,490.311,269.700,578.585,408.828,0.917969,detected
212,7.073740,near,1,580.000,620.000,2.800161,12.134919,500.592,433.059,603.871,645.987,0.905762,detected
212,7.073740,far,2,546.000,392.000,1.866883,1.469610,484.524,268.150,572.410,407.541,0.903809,detected
213,7.107107,near,1,580.000,608.000,2.783731,11.814459,502.786,429.455,601.187,631.174,0.904785,detected
213,7.107107,far,2,540.000,392.000,1.786355,1.470197,477.948,268.000,565.093,407.077,0.866211,detected
214,7.140474,near,1,580.000,609.000,2.785124,11.841634,500.967,426.076,602.285,634.104,0.904785,detected
214,7.140474,far,2,535.000,391.000,1.714469,1.384445,472.588,268.000,557.546,405.939,0.830078,detected
215,7.173841,near,1,579.000,603.000,2.767874,11.677464,502.191,423.132,603.635,631.234,0.910156,detected
215,7.173841,far,2,530.000,390.000,1.642210,1.298248,467.693,268.000,550.490,405.677,0.784180,detected
216,7.207207,near,1,577.000,606.000,2.754590,11.760441,505.307,421.244,606.078,628.225,0.920898,detected
216,7.207207,far,2,527.000,389.000,1.596641,1.211418,465.559,268.000,546.173,404.542,0.847656,detected
217,7.240574,near,1,577.000,600.000,2.745824,11.594474,510.356,420.191,609.409,623.891,0.926758,detected
217,7.240574,far,2,520.000,388.000,1.496562,1.124504,463.853,268.000,542.672,402.932,0.290283,detected
218,7.273941,near,1,575.000,600.000,2.728091,11.594868,517.253,419.886,614.238,619.483,0.922852,detected
218,7.273941,far,2,517.000,390.000,1.466693,1.299470,459.791,268.000,538.847,402.428,0.875488,detected
219,7.307307,near,1,574.000,596.000,2.713110,11.482611,521.203,420.934,616.914,615.491,0.919922,detected
219,7.307307,far,2,511.000,387.000,1.368727,1.037302,459.931,268.000,539.487,402.057,0.879395,detected
220,7.340674,near,1,573.000,599.000,2.708821,11.567286,520.761,423.637,616.253,614.694,0.915527,detected
220,7.340674,far,2,509.000,390.000,1.358624,1.300222,461.790,268.000,541.937,402.305,0.895020,detected
221,7.374041,near,1,573.000,600.000,2.710356,11.595262,520.282,425.554,616.505,615.659,0.913574,detected
221,7.374041,far,2,503.000,392.000,1.289216,1.473824,461.519,268.000,541.812,402.496,0.856934,detected
222,7.407407,near,1,574.000,598.000,2.716177,11.539021,520.979,426.582,617.362,615.527,0.915527,detected
222,7.407407,far,2,500.000,391.000,1.242944,1.387807,459.133,269.720,538.020,402.806,0.888672,detected
223,7.440774,near,1,576.000,597.000,2.732467,11.510469,521.786,426.056,619.061,615.846,0.916504,detected
223,7.440774,far,2,501.000,392.000,1.262317,1.474020,461.049,271.584,538.853,402.517,0.829102,detected
224,7.474141,near,1,578.000,592.000,2.742850,11.367895,519.559,424.234,617.574,614.885,0.922852,detected
224,7.474141,far,2,497.000,386.000,1.171927,0.950054,459.292,273.078,535.841,402.786,0.867188,detected
225,7.507508,near,1,577.000,581.000,2.716902,11.046906,516.114,421.859,612.712,608.598,0.915039,detected
225,7.507508,far,2,496.000,385.000,1.152034,0.861216,457.700,273.415,533.256,402.902,0.901367,detected
226,7.540874,near,1,574.000,579.000,2.686210,10.987813,512.913,420.560,606.385,599.248,0.915527,detected
226,7.540874,far,2,495.000,389.000,1.163246,1.214364,456.505,274.390,530.492,402.886,0.886230,detected
227,7.574241,near,1,572.000,579.000,2.667848,10.988200,507.112,419.244,599.890,594.995,0.916016,detected
227,7.574241,far,2,493.000,390.000,1.142352,1.301728,455.982,274.459,528.570,402.821,0.836426,detected
228,7.607608,near,1,566.000,577.000,2.609239,10.929279,499.764,418.221,592.706,593.272,0.909180,detected
228,7.607608,far,2,492.000,391.000,1.135048,1.388576,457.599,275.259,529.059,403.092,0.868164,detected
229,7.640974,near,1,561.000,575.000,2.559469,10.869755,487.281,416.584,580.666,592.031,0.916992,detected
229,7.640974,far,2,496.000,391.000,1.189002,1.388191,462.492,276.618,532.544,404.131,0.830078,detected
230,7.674341,near,1,557.000,576.000,2.524390,10.900821,475.036,415.441,569.947,591.678,0.918457,detected
230,7.674341,far,2,502.000,390.000,1.264027,1.300881,470.387,278.183,537.614,404.526,0.680176,detected
231,7.707708,near,1,553.000,575.000,2.485481,10.871295,464.876,413.839,563.227,592.504,0.907227,detected
231,7.707708,far,2,506.000,391.000,1.323837,1.387230,474.869,279.180,540.936,407.322,0.781250,detected
232,7.741074,near,1,536.000,573.000,2.323678,10.813658,457.196,411.928,558.365,592.041,0.920898,detected
232,7.741074,far,2,509.000,390.000,1.358624,1.300222,479.822,280.453,542.572,404.741,0.773926,detected
233,7.774441,near,1,526.000,569.000,2.221048,10.692501,451.563,410.184,555.930,591.943,0.928711,detected
233,7.774441,far,2,516.000,390.000,1.453187,1.299564,483.694,280.331,546.661,406.473,0.838867,detected
234,7.807808,near,1,516.000,564.000,2.114313,10.538164,445.894,409.358,552.958,591.548,0.927246,detected
234,7.807808,far,2,521.000,392.000,1.531185,1.472059,486.260,279.559,550.089,408.737,0.866211,detected
235,7.841175,near,1,508.000,562.000,2.033197,10.476425,438.889,409.378,547.984,590.327,0.924805,detected
235,7.841175,far,2,524.000,395.000,1.586717,1.728035,489.973,279.390,554.765,409.652,0.848633,detected
236,7.874541,near,1,508.000,552.000,2.004616,10.153424,433.072,411.071,543.106,589.216,0.924316,detected
236,7.874541,far,2,527.000,396.000,1.631649,1.812310,492.556,279.732,557.834,410.055,0.877930,detected
237,7.907908,near,1,495.000,559.000,1.900892,10.383164,428.511,413.682,538.329,587.143,0.922363,detected
237,7.907908,far,2,530.000,394.000,1.661866,1.642417,499.279,280.200,565.035,409.906,0.909180,detected
238,7.941275,near,1,489.000,556.000,1.834205,10.287560,425.050,416.995,533.330,584.129,0.929199,detected
238,7.941275,far,2,535.000,394.000,1.728679,1.641908,504.501,280.505,570.625,409.263,0.892578,detected
239,7.974641,near,1,492.000,552.000,1.850308,10.156421,422.673,421.141,528.813,581.341,0.919922,detected
239,7.974641,far,2,543.000,395.000,1.839975,1.726063,505.994,281.671,573.027,409.503,0.907715,detected
240,8.008008,near,1,482.000,559.000,1.776998,10.385625,420.851,425.211,524.240,578.646,0.911621,detected
240,8.008008,far,2,549.000,396.000,1.924114,1.809986,509.802,282.593,577.604,409.867,0.895508,detected
241,8.041375,near,1,480.000,562.000,1.767794,10.481743,418.563,430.623,518.760,576.285,0.923340,detected
241,8.041375,far,2,556.000,396.000,2.017103,1.809248,512.771,284.487,581.289,410.348,0.898438,detected
242,8.074741,near,1,477.000,557.000,1.722599,10.322185,418.671,436.667,514.886,573.754,0.922852,detected
242,8.074741,far,2,563.000,396.000,2.110058,1.808509,515.404,286.678,584.936,411.874,0.901367,detected
243,8.108108,near,1,476.000,552.000,1.695909,10.159419,417.691,441.199,510.787,571.013,0.919922,detected
243,8.108108,far,2,569.000,396.000,2.189708,1.807876,518.439,288.825,588.032,412.074,0.907227,detected
244,8.141475,near,1,474.000,547.000,1.659003,9.993937,415.243,441.704,507.267,567.605,0.914062,detected
244,8.141475,far,2,576.000,398.000,2.289230,1.974902,519.975,291.244,590.850,412.918,0.898926,detected
245,8.174842,near,1,473.000,544.000,1.638499,9.893185,413.050,441.113,504.342,564.129,0.911621,detected
245,8.174842,far,2,581.000,400.000,2.361487,2.140489,523.062,295.044,594.896,414.291,0.902344,detected
246,8.208208,near,1,469.000,539.000,1.580773,9.723257,410.436,438.443,502.277,561.225,0.912598,detected
246,8.208208,far,2,586.000,402.000,2.433035,2.304450,524.337,297.489,597.768,414.710,0.903809,detected
247,8.241575,near,1,465.000,538.000,1.537416,9.689487,406.331,434.876,498.748,558.823,0.898438,detected
247,8.241575,far,2,586.000,406.000,2.444611,2.628823,525.577,298.764,602.154,416.427,0.905762,detected
248,8.274942,near,1,461.000,536.000,1.489973,9.620831,404.665,430.870,493.624,550.797,0.893066,detected
248,8.274942,far,2,585.000,407.000,2.434554,2.709083,525.103,299.824,604.223,416.823,0.902344,detected
249,8.308308,near,1,460.000,537.000,1.483974,9.655772,406.275,426.938,496.909,549.133,0.888184,detected
249,8.308308,far,2,586.000,407.000,2.447471,2.708958,526.452,300.874,607.257,417.301,0.904297,detected
250,8.341675,near,1,455.000,540.000,1.446365,9.760213,407.120,421.375,505.731,554.667,0.903809,detected
250,8.341675,far,2,584.000,404.000,2.412832,2.467648,526.805,300.777,609.483,417.239,0.888672,detected
251,8.375042,near,1,451.000,540.000,1.406882,9.760949,408.853,416.724,511.721,556.425,0.905762,detected
251,8.375042,far,2,583.000,403.000,2.396828,2.386478,526.394,299.975,610.955,417.049,0.895508,detected
252,8.408408,near,1,452.000,544.000,1.432774,9.897075,410.816,411.818,518.138,557.888,0.908203,detected
252,8.408408,far,2,577.000,402.000,2.315372,2.305497,524.508,299.132,610.790,416.958,0.897949,detected
253,8.441775,near,1,454.000,547.000,1.464135,9.997661,409.632,406.231,522.227,559.751,0.911621,detected
253,8.441775,far,2,575.000,403.000,2.292476,2.387423,522.686,298.566,609.982,416.907,0.889648,detected
254,8.475142,near,1,456.000,548.000,1.487486,10.030700,408.048,401.573,524.834,560.784,0.919434,detected
254,8.475142,far,2,569.000,405.000,2.221029,2.550375,522.374,303.363,606.898,416.518,0.874023,detected
255,8.508509,near,1,458.000,544.000,1.491570,9.895963,408.386,398.512,528.019,561.498,0.923340,detected
255,8.508509,far,2,566.000,408.000,2.192482,2.791249,518.932,301.106,606.858,418.882,0.880371,detected
256,8.541875,near,1,460.000,544.000,1.511165,9.895593,410.575,395.051,532.964,561.805,0.917480,detected
256,8.541875,far,2,563.000,411.000,2.164332,3.028773,515.532,299.864,605.889,422.046,0.893066,detected
257,8.575242,near,1,465.000,550.000,1.582395,10.095487,411.786,390.470,537.367,562.498,0.920410,detected
257,8.575242,far,2,559.000,410.000,2.109470,2.950617,512.736,299.646,603.335,424.005,0.898438,detected
258,8.608609,near,1,469.000,547.000,1.610299,9.994868,412.682,386.290,540.013,562.370,0.927734,detected
258,8.608609,far,2,557.000,410.000,2.083786,2.950877,510.843,299.402,600.039,424.030,0.890137,detected
259,8.641975,near,1,471.000,547.000,1.629782,9.994496,414.298,382.817,541.685,561.506,0.915527,detected
259,8.641975,far,2,552.000,409.000,2.015713,2.872462,509.726,298.939,597.743,423.791,0.900879,detected
260,8.675342,near,1,474.000,547.000,1.659003,9.993937,415.712,381.149,543.177,563.263,0.905273,detected
260,8.675342,far,2,548.000,409.000,1.964202,2.872976,509.059,297.057,597.125,424.304,0.894531,detected
261,8.708709,near,1,479.000,549.000,1.714601,10.059700,417.601,379.213,544.588,564.650,0.911621,detected
261,8.708709,far,2,547.000,408.000,1.947302,2.793658,511.037,293.534,599.170,424.335,0.890625,detected
262,8.742075,near,1,485.000,552.000,1.782769,10.157733,419.550,379.111,545.257,566.999,0.915039,detected
262,8.742075,far,2,547.000,407.000,1.943263,2.713836,512.367,289.818,600.233,423.907,0.889648,detected
263,8.775442,near,1,490.000,556.000,1.843785,10.287373,421.917,380.559,546.351,570.972,0.924805,detected
263,8.775442,far,2,547.000,402.000,1.922779,2.308991,513.904,286.864,599.906,421.980,0.897461,detected
264,8.808809,near,1,495.000,557.000,1.894762,10.318788,425.316,383.012,548.126,574.452,0.922852,detected
264,8.808809,far,2,548.000,401.000,1.931750,2.226742,515.971,284.414,599.427,419.183,0.885742,detected
265,8.842176,near,1,502.000,564.000,1.982142,10.540829,428.217,386.556,549.392,578.155,0.924316,detected
265,8.842176,far,2,549.000,402.000,1.948970,2.308758,518.498,282.451,598.912,415.493,0.878906,detected
266,8.875542,near,1,505.000,564.000,2.010470,10.540257,431.285,390.085,551.211,581.374,0.922852,detected
266,8.875542,far,2,551.000,400.000,1.967079,2.143875,521.846,281.320,600.567,414.156,0.871094,detected
267,8.908909,near,1,507.000,558.000,2.012344,10.348765,435.502,394.153,551.587,579.616,0.923828,detected
267,8.908909,far,2,552.000,404.000,1.996191,2.471486,524.508,281.499,601.468,414.162,0.879395,detected
268,8.942276,near,1,512.000,560.000,2.065585,10.411965,439.056,396.892,552.524,578.025,0.922363,detected
268,8.942276,far,2,551.000,404.000,1.983161,2.471606,526.881,280.405,602.955,413.898,0.880371,detected
269,8.975642,near,1,516.000,564.000,2.114313,10.538164,441.497,398.640,555.081,580.109,0.909180,detected
269,8.975642,far,2,550.000,401.000,1.958003,2.226512,528.146,278.686,603.952,414.026,0.589844,detected
270,9.009009,near,1,521.000,569.000,2.174274,10.693458,441.525,400.066,560.217,590.800,0.919434,detected
270,9.009009,far,2,550.000,400.000,1.953922,2.143988,523.982,276.661,597.949,413.947,0.714844,detected
271,9.042376,near,1,526.000,575.000,2.235615,10.876495,443.617,402.331,563.879,596.708,0.925293,detected
271,9.042376,far,2,549.000,397.000,1.928307,1.894122,524.042,274.944,596.485,413.157,0.844727,detected
272,9.075742,near,1,530.000,578.000,2.279632,10.966324,446.772,404.878,567.025,600.055,0.929688,detected
272,9.075742,far,2,547.000,393.000,1.884643,1.555309,523.038,272.080,594.687,411.812,0.862305,detected
273,9.109109,near,1,532.000,581.000,2.304874,11.055624,449.395,406.964,568.936,601.534,0.931641,detected
273,9.109109,far,2,547.000,390.000,1.871555,1.296651,519.215,270.189,587.884,409.346,0.832031,detected
274,9.142476,near,1,537.000,583.000,2.355044,11.113945,453.026,408.718,571.963,602.143,0.934082,detected
274,9.142476,far,2,546.000,389.000,1.853631,1.209671,519.719,269.028,585.290,406.371,0.844727,detected
275,9.175843,near,1,543.000,585.000,2.413970,11.171673,456.704,409.208,575.469,602.143,0.928711,detected
275,9.175843,far,2,546.000,387.000,1.844686,1.034226,520.429,268.859,582.985,402.925,0.846680,detected
276,9.209209,near,1,547.000,583.000,2.446339,11.112003,461.365,408.365,580.159,601.638,0.919434,detected
276,9.209209,far,2,546.000,380.000,1.812668,0.406205,522.455,268.428,582.704,399.376,0.854004,detected
277,9.242576,near,1,552.000,583.000,2.491975,11.111032,466.380,406.315,585.865,601.660,0.902832,detected
277,9.242576,far,2,547.000,377.000,1.812530,0.130132,523.238,268.751,581.477,396.955,0.824219,detected
278,9.275943,near,1,558.000,584.000,2.548574,11.139360,472.301,403.260,592.277,601.047,0.917969,detected
278,9.275943,far,2,549.000,377.000,1.840394,0.130000,524.774,268.990,581.545,395.109,0.819336,detected
279,9.309309,near,1,563.000,579.000,2.585202,10.989939,478.975,400.605,599.097,600.902,0.921387,detected
279,9.309309,far,2,550.000,377.000,1.854326,0.129935,526.342,269.191,582.334,394.202,0.836914,detected
280,9.342676,near,1,566.000,579.000,2.612754,10.989359,487.428,399.027,606.804,599.676,0.937012,detected
280,9.342676,far,2,554.000,374.000,1.896615,0.000000,528.011,269.657,582.996,392.347,0.842285,detected
281,9.376043,near,1,572.000,577.000,2.664520,10.928123,495.004,397.796,613.598,598.598,0.919434,detected
281,9.376043,far,2,557.000,369.000,1.916423,0.000000,529.316,269.358,583.725,390.713,0.799316,detected
282,9.409409,near,1,575.000,576.000,2.690529,10.897353,503.849,398.400,620.924,597.026,0.915527,detected
282,9.409409,far,2,560.000,370.000,1.963462,0.000000,530.688,269.054,584.540,389.091,0.699219,detected
283,9.442776,near,1,580.000,575.000,2.735107,10.866099,513.325,399.145,630.016,595.690,0.928223,detected
283,9.442776,far,2,561.000,373.000,1.990576,0.000000,532.448,269.325,585.881,388.482,0.799316,detected
284,9.476143,near,1,585.000,578.000,2.785718,10.955703,520.832,401.999,636.527,594.885,0.932617,detected
284,9.476143,far,2,566.000,371.000,2.052659,0.000000,535.018,269.804,588.463,388.246,0.839355,detected
285,9.509510,near,1,588.000,581.000,2.817521,11.044778,526.362,405.371,642.124,595.430,0.934082,detected
285,9.509510,far,2,570.000,374.000,2.121083,0.000000,537.076,269.927,591.154,387.569,0.854492,detected
286,9.542876,near,1,592.000,582.000,2.855439,11.073688,531.193,409.056,647.312,595.484,0.935547,detected
286,9.542876,far,2,573.000,376.000,2.170760,0.035540,539.234,271.277,595.012,389.666,0.880859,detected
287,9.576243,near,1,595.000,581.000,2.881531,11.043424,534.630,411.559,652.329,596.072,0.931641,detected
287,9.576243,far,2,575.000,377.000,2.202361,0.128287,540.727,272.499,598.252,391.410,0.893555,detected
288,9.609610,near,1,600.000,581.000,2.927243,11.042457,536.606,412.523,656.227,595.709,0.934082,detected
288,9.609610,far,2,574.000,379.000,2.195873,0.312696,542.073,276.165,599.733,392.024,0.754883,detected
289,9.642976,near,1,603.000,578.000,2.951133,10.952231,537.481,412.196,659.135,594.993,0.930664,detected
289,9.642976,far,2,576.000,379.000,2.223556,0.312555,542.570,277.908,600.759,391.994,0.878418,detected
290,9.676343,near,1,607.000,577.000,2.986754,10.921378,539.416,409.462,663.382,594.149,0.932617,detected
290,9.676343,far,2,576.000,379.000,2.223556,0.312555,543.749,279.323,602.345,391.999,0.879883,detected
291,9.709710,near,1,611.000,570.000,3.016023,10.707167,542.349,405.785,666.417,590.422,0.925293,detected
291,9.709710,far,2,577.000,378.000,2.233799,0.220554,544.856,279.964,604.467,392.446,0.885742,detected
292,9.743076,near,1,618.000,567.000,3.078234,10.612791,542.678,401.602,668.551,589.302,0.919434,detected
292,9.743076,far,2,578.000,379.000,2.251236,0.312415,545.223,280.103,606.060,392.622,0.872559,detected
293,9.776443,near,1,621.000,561.000,3.100601,10.423248,543.023,398.908,666.594,583.809,0.908691,detected
293,9.776443,far,2,579.000,378.000,2.261549,0.220418,546.066,278.984,608.424,391.981,0.898926,detected
294,9.809810,near,1,622.000,555.000,3.104336,10.230121,538.227,397.188,659.554,581.306,0.897461,detected
294,9.809810,far,2,581.000,378.000,2.289294,0.220282,546.554,277.474,611.036,391.749,0.897461,detected
295,9.843177,near,1,622.000,560.000,3.109108,10.391182,535.305,397.001,654.971,581.696,0.907227,detected
295,9.843177,far,2,582.000,379.000,2.306587,0.312133,546.897,277.320,612.899,391.812,0.882812,detected
296,9.876543,near,1,628.000,559.000,3.165059,10.358064,537.776,398.950,655.500,581.601,0.906738,detected
296,9.876543,far,2,584.000,378.000,2.330908,0.220078,547.366,277.254,614.580,391.703,0.867676,detected
297,9.909910,near,1,624.000,553.000,3.121571,10.164531,539.916,402.361,656.349,581.040,0.918945,detected
297,9.909910,far,2,586.000,378.000,2.358647,0.219941,548.019,276.796,616.344,391.883,0.852051,detected
298,9.943277,near,1,612.000,561.000,3.015523,10.424948,539.769,406.461,655.460,580.584,0.923340,detected
298,9.943277,far,2,589.000,377.000,2.397059,0.127366,549.989,276.406,619.162,392.453,0.861328,detected
299,9.976643,near,1,608.000,561.000,2.977702,10.425703,537.606,410.291,653.637,580.454,0.933105,detected
299,9.976643,far,2,591.000,377.000,2.424861,0.127235,551.964,276.186,621.165,392.532,0.827637,detected
300,10.010010,near,1,600.000,562.000,2.903344,10.458988,534.729,413.704,651.466,580.152,0.932129,detected
300,10.010010,far,2,593.000,377.000,2.452661,0.127103,555.067,275.109,623.996,392.210,0.882324,detected
301,10.043377,near,1,593.000,558.000,2.831545,10.332550,527.636,416.443,646.197,579.493,0.925293,detected
301,10.043377,far,2,597.000,377.000,2.508250,0.126840,558.006,273.006,627.152,392.020,0.895020,detected
302,10.076743,near,1,590.000,556.000,2.800035,10.268562,520.082,420.298,640.770,579.862,0.917969,detected
302,10.076743,far,2,600.000,377.000,2.549934,0.126643,559.935,271.794,629.105,392.233,0.872070,detected
303,10.110110,near,1,586.000,557.000,2.763410,10.301647,510.129,424.411,633.797,579.446,0.926270,detected
303,10.110110,far,2,602.000,374.000,2.569443,0.000000,561.581,270.852,631.063,392.317,0.878906,detected
304,10.143477,near,1,585.000,555.000,2.750726,10.237054,501.012,428.830,627.484,579.027,0.927246,detected
304,10.143477,far,2,605.000,376.000,2.616755,0.033509,562.102,270.438,632.348,392.915,0.892578,detected
305,10.176844,near,1,581.000,554.000,2.710816,10.205242,494.440,433.567,622.483,578.023,0.933594,detected
305,10.176844,far,2,606.000,376.000,2.630680,0.033445,562.530,270.297,633.887,394.552,0.890137,detected
306,10.210210,near,1,578.000,554.000,2.682070,10.205804,488.699,437.086,618.698,577.243,0.935059,detected
306,10.210210,far,2,608.000,381.000,2.671062,0.492639,562.913,272.576,635.260,398.402,0.895996,detected
307,10.243577,near,1,574.000,556.000,2.647270,10.271567,484.745,438.824,616.861,575.813,0.939453,detected
307,10.243577,far,2,611.000,385.000,2.721692,0.851606,562.653,275.357,635.516,401.972,0.893555,detected
308,10.276944,near,1,573.000,556.000,2.637719,10.271755,483.201,438.970,618.067,574.594,0.941895,detected
308,10.276944,far,2,613.000,388.000,2.755626,1.116157,562.240,278.466,635.811,405.356,0.894531,detected
309,10.310310,near,1,576.000,551.000,2.657656,10.107800,483.904,436.957,621.858,572.872,0.934082,detected
309,10.310310,far,2,614.000,391.000,2.775652,1.376880,561.071,280.986,635.141,407.531,0.895020,detected
310,10.343677,near,1,570.000,552.000,2.601701,10.141829,484.538,432.966,626.234,571.119,0.929199,detected
310,10.343677,far,2,616.000,393.000,2.806624,1.548432,559.882,285.107,634.122,409.163,0.904785,detected
311,10.377044,near,1,568.000,552.000,2.582462,10.142202,486.462,427.368,632.589,570.078,0.923828,detected
311,10.377044,far,2,618.000,394.000,2.835301,1.633474,557.675,287.786,633.120,410.371,0.902832,detected
312,10.410410,near,1,566.000,551.000,2.561296,10.109665,485.427,421.089,635.371,569.015,0.926270,detected
312,10.410410,far,2,619.000,397.000,2.854453,1.886614,553.211,288.891,631.195,411.274,0.917480,detected
313,10.443777,near,1,564.000,546.000,2.532119,9.943721,483.349,414.637,634.515,566.259,0.926270,detected
313,10.443777,far,2,620.000,397.000,2.867660,1.886507,550.117,289.403,630.445,411.139,0.917969,detected
314,10.477144,near,1,563.000,544.000,2.518350,9.876548,481.443,409.940,633.663,565.800,0.929199,detected
314,10.477144,far,2,620.000,397.000,2.867660,1.886507,548.103,290.403,630.719,411.752,0.914551,detected
315,10.510511,near,1,564.000,545.000,2.530118,9.910102,478.393,405.529,631.797,566.921,0.925293,detected
315,10.510511,far,2,622.000,397.000,2.894072,1.886293,548.063,289.811,632.963,411.870,0.919434,detected
316,10.543877,near,1,565.000,546.000,2.541843,9.943536,476.779,402.080,629.354,567.523,0.915527,detected
316,10.543877,far,2,622.000,397.000,2.894072,1.886293,547.785,288.486,635.214,412.021,0.911133,detected
317,10.577244,near,1,567.000,548.000,2.565168,10.010045,474.743,399.972,626.549,570.568,0.909668,detected
317,10.577244,far,2,620.000,396.000,2.865752,1.802504,547.311,286.260,637.565,412.258,0.895020,detected
318,10.610611,near,1,563.000,550.000,2.530397,10.077196,476.540,398.943,621.844,568.442,0.900879,detected
318,10.610611,far,2,618.000,394.000,2.835301,1.633474,545.622,283.005,639.116,412.742,0.908203,detected
319,10.643977,near,1,559.000,555.000,2.501956,10.241932,475.846,397.788,618.702,571.834,0.897461,detected
319,10.643977,far,2,614.000,397.000,2.788409,1.887149,542.377,281.197,636.988,412.133,0.902344,detected
320,10.677344,near,1,557.000,555.000,2.482810,10.242308,477.178,396.844,614.593,572.574,0.892578,detected
320,10.677344,far,2,607.000,399.000,2.700535,2.054739,538.281,280.569,633.379,412.780,0.884277,detected
321,10.710711,near,1,555.000,561.000,2.476051,10.435725,476.810,396.687,609.793,574.962,0.904785,detected
321,10.710711,far,2,602.000,399.000,2.634769,2.055293,530.660,281.881,625.712,415.112,0.879395,detected
322,10.744077,near,1,551.000,560.000,2.436039,10.404588,476.990,395.150,607.159,576.301,0.894531,detected
322,10.744077,far,2,596.000,396.000,2.547832,1.805030,525.179,283.866,618.085,415.700,0.896484,detected
323,10.777444,near,1,552.000,562.000,2.449716,10.468078,478.176,393.777,606.799,578.205,0.913574,detected
323,10.777444,far,2,591.000,407.000,2.512042,2.708333,520.327,286.614,612.921,418.582,0.896484,detected
324,10.810811,near,1,557.000,564.000,2.500999,10.530369,478.485,392.465,605.230,579.207,0.912598,detected
324,10.810811,far,2,584.000,411.000,2.433185,3.026009,517.319,289.199,610.019,421.265,0.875000,detected
325,10.844178,near,1,559.000,565.000,2.521801,10.561443,479.287,391.946,604.031,580.417,0.917969,detected
325,10.844178,far,2,573.000,412.000,2.295574,3.105749,515.818,290.870,606.612,419.136,0.895996,detected
326,10.877544,near,1,561.000,567.000,2.544438,10.623649,481.113,391.452,603.813,581.006,0.917969,detected
326,10.877544,far,2,572.000,414.000,2.289182,3.261379,514.381,293.269,602.953,416.763,0.888672,detected
327,10.910911,near,1,565.000,568.000,2.583770,10.654017,483.266,389.984,604.039,580.511,0.917969,detected
327,10.910911,far,2,578.000,404.000,2.334763,2.468367,512.280,296.874,599.312,415.986,0.880859,detected
328,10.944278,near,1,567.000,566.000,2.598867,10.591268,485.775,388.558,605.030,580.723,0.921875,detected
328,10.944278,far,2,557.000,421.000,2.123343,3.796612,505.982,300.771,597.601,425.332,0.878906,detected
329,10.977644,near,1,570.000,567.000,2.628794,10.621933,487.356,383.504,606.797,580.929,0.917480,detected
329,10.977644,far,2,552.000,421.000,2.060741,3.797348,499.185,303.908,594.553,433.597,0.876465,detected
330,11.011011,near,1,573.000,565.000,2.653472,10.558782,491.493,380.297,609.529,580.577,0.915039,detected
330,11.011011,far,2,537.000,422.000,1.876920,3.874362,492.610,307.747,589.145,438.735,0.788086,detected
331,11.044378,near,1,573.000,563.000,2.650014,10.495769,498.362,381.212,613.159,580.565,0.917969,detected
331,11.044378,far,2,504.000,425.000,1.478956,4.101796,475.923,312.717,567.641,440.283,0.834473,detected
332,11.077744,near,1,572.000,559.000,2.633524,10.368618,505.179,382.631,616.584,580.125,0.913086,detected
332,11.077744,far,2,505.000,425.000,1.491392,4.101643,469.744,316.569,557.133,440.825,0.829102,detected
333,11.111111,near,1,572.000,564.000,2.642327,10.527519,511.502,383.942,621.183,581.217,0.913574,detected
333,11.111111,far,2,521.000,423.000,1.681323,3.951231,470.275,319.563,554.219,441.358,0.854004,detected
334,11.144478,near,1,570.000,562.000,2.619919,10.464667,517.706,386.178,624.959,581.340,0.907227,detected
334,11.144478,far,2,520.000,424.000,1.673359,4.025532,471.069,320.180,553.521,440.679,0.886230,detected
335,11.177845,near,1,569.000,568.000,2.621195,10.653254,518.985,389.056,626.213,584.779,0.918945,detected
335,11.177845,far,2,533.000,421.000,1.822721,3.800144,472.812,320.997,554.464,440.569,0.891602,detected
336,11.211211,near,1,568.000,573.000,2.620692,10.807511,518.687,395.536,625.352,590.588,0.909180,detected
336,11.211211,far,2,530.000,424.000,1.797879,4.024015,476.178,320.172,557.865,440.462,0.861328,detected
337,11.244578,near,1,567.000,581.000,2.625397,11.048842,517.823,399.991,624.213,595.318,0.901367,detected
337,11.244578,far,2,532.000,422.000,1.814403,3.875106,481.324,317.051,564.307,439.801,0.872559,detected
338,11.277945,near,1,566.000,587.000,2.626578,11.225693,519.077,407.888,623.789,599.891,0.908203,detected
338,11.277945,far,2,534.000,422.000,1.839411,3.874808,486.704,313.884,571.348,439.372,0.895508,detected
339,11.311311,near,1,567.000,588.000,2.637326,11.254600,519.781,414.989,622.143,602.273,0.896484,detected
339,11.311311,far,2,535.000,423.000,1.856025,3.949128,488.023,311.095,574.294,439.453,0.898926,detected
340,11.344678,near,1,567.000,586.000,2.633946,11.196300,519.955,421.313,619.502,602.796,0.902832,detected
340,11.344678,far,2,535.000,421.000,1.847786,3.799850,488.194,306.991,576.369,438.962,0.895996,detected
341,11.378045,near,1,567.000,584.000,2.630543,11.137612,520.037,423.128,618.704,601.892,0.907715,detected
341,11.378045,far,2,534.000,421.000,1.835254,3.799997,488.745,304.364,576.991,437.212,0.894531,detected
342,11.411411,near,1,571.000,586.000,2.670248,11.195521,517.768,421.676,618.927,602.649,0.910645,detected
342,11.411411,far,2,532.000,419.000,1.801699,3.649630,490.269,302.650,577.354,435.384,0.890137,detected
343,11.444778,near,1,571.000,583.000,2.665317,11.107345,513.462,417.858,617.884,601.742,0.909668,detected
343,11.444778,far,2,537.000,421.000,1.872848,3.799555,492.352,301.727,577.422,434.244,0.878906,detected
344,11.478145,near,1,571.000,575.000,2.651925,10.867830,508.170,415.359,612.633,595.681,0.898926,detected
344,11.478145,far,2,535.000,420.000,1.843638,3.724697,492.777,301.537,575.567,433.239,0.872559,detected
345,11.511512,near,1,565.000,570.000,2.587425,10.715961,499.724,413.905,603.280,589.009,0.928711,detected
345,11.511512,far,2,539.000,413.000,1.865121,3.188265,493.915,300.778,575.304,432.642,0.858887,detected
346,11.544878,near,1,562.000,567.000,2.553812,10.623458,490.436,413.680,595.587,588.532,0.911133,detected
346,11.544878,far,2,535.000,415.000,1.822609,3.343695,494.982,301.643,574.855,433.056,0.837402,detected
347,11.578245,near,1,558.000,568.000,2.518262,10.655354,480.627,414.078,586.693,587.800,0.922852,detected
347,11.578245,far,2,544.000,410.000,1.916772,2.952569,502.701,302.062,575.312,423.932,0.779785,detected
348,11.611612,near,1,552.000,569.000,2.464140,10.687528,469.302,415.852,574.609,586.831,0.918457,detected
348,11.611612,far,2,543.000,412.000,1.912108,3.109749,505.236,302.395,576.510,424.876,0.855957,detected
349,11.644978,near,1,547.000,568.000,2.415289,10.657454,461.138,416.921,565.102,585.198,0.916016,detected
349,11.644978,far,2,542.000,420.000,1.931548,3.723677,505.888,302.304,578.016,428.449,0.895020,detected
350,11.678345,near,1,542.000,569.000,2.370670,10.689440,457.834,417.936,560.480,585.193,0.897461,detected
350,11.678345,far,2,545.000,420.000,1.969215,3.723239,508.959,302.841,580.230,429.651,0.898438,detected
351,11.711712,near,1,536.000,565.000,2.305340,10.565821,454.965,417.349,556.756,585.218,0.895020,detected
351,11.711712,far,2,549.000,418.000,2.011889,3.571352,511.085,301.922,582.340,430.548,0.890137,detected
352,11.745078,near,1,529.000,565.000,2.239424,10.567154,453.163,416.104,554.157,585.391,0.902832,detected
352,11.745078,far,2,554.000,416.000,2.067617,3.417947,512.927,301.298,583.728,430.326,0.884766,detected
353,11.778445,near,1,524.000,558.000,2.174483,10.345556,452.726,413.482,552.702,583.625,0.885254,detected
353,11.778445,far,2,557.000,411.000,2.087466,3.029563,514.526,300.644,584.410,428.826,0.860352,detected
354,11.811812,near,1,518.000,552.000,2.101012,10.151552,450.044,411.700,549.587,583.263,0.897461,detected
354,11.811812,far,2,560.000,413.000,2.133031,3.185430,516.436,299.412,587.254,429.820,0.888184,detected
355,11.845179,near,1,507.000,551.000,1.992044,10.120684,446.015,409.894,545.189,580.880,0.894531,detected
355,11.845179,far,2,562.000,416.000,2.168925,3.416830,517.597,297.975,589.495,430.760,0.904297,detected
356,11.878545,near,1,517.000,546.000,2.074667,9.952431,440.111,411.209,537.393,576.871,0.876953,detected
356,11.878545,far,2,561.000,415.000,2.152786,3.340104,517.487,297.442,589.690,431.682,0.885742,detected
357,11.911912,near,1,507.000,547.000,1.980217,9.987802,431.393,413.451,528.048,574.241,0.906250,detected
357,11.911912,far,2,562.000,414.000,2.162012,3.262743,519.308,296.835,591.742,431.189,0.904785,detected
358,11.945279,near,1,495.000,549.000,1.869807,10.056716,426.440,418.043,521.772,572.452,0.926758,detected
358,11.945279,far,2,563.000,414.000,2.174732,3.262607,520.671,296.906,593.464,431.347,0.902832,detected
359,11.978645,near,1,489.000,547.000,1.805058,9.991148,424.766,423.880,517.417,569.668,0.920898,detected
359,11.978645,far,2,565.000,415.000,2.203545,3.339551,522.039,297.800,595.435,432.040,0.907227,detected
360,12.012012,near,1,488.000,546.000,1.792010,9.957811,427.008,430.766,515.531,567.101,0.912109,detected
360,12.012012,far,2,568.000,416.000,2.244880,3.415993,523.408,299.995,596.934,433.148,0.910156,detected
361,12.045379,near,1,486.000,545.000,1.769145,9.924541,429.557,441.138,510.891,563.131,0.893066,detected
361,12.045379,far,2,573.000,419.000,2.317445,3.643720,524.651,302.401,598.377,434.840,0.895508,detected
362,12.078745,near,1,486.000,541.000,1.755582,9.788761,431.298,450.493,506.792,560.614,0.879883,detected
362,12.078745,far,2,574.000,421.000,2.336074,3.794112,526.171,304.871,599.473,435.680,0.875488,detected
363,12.112112,near,1,483.000,537.000,1.712084,9.651564,429.480,456.066,502.009,557.250,0.872559,detected
363,12.112112,far,2,575.000,422.000,2.351564,3.868717,529.702,307.861,601.954,435.837,0.878906,detected
364,12.145479,near,1,482.000,535.000,1.695071,9.582119,427.915,456.436,501.739,554.702,0.879395,detected
364,12.145479,far,2,574.000,424.000,2.345064,4.017352,531.641,312.299,602.731,436.522,0.904297,detected
365,12.178846,near,1,473.000,521.000,1.551977,9.081775,425.396,454.133,493.806,541.912,0.526367,detected
365,12.178846,far,2,573.000,424.000,2.332641,4.017503,533.808,316.407,603.751,436.758,0.897461,detected
366,12.212212,near,1,482.000,524.000,1.655082,9.189933,424.411,451.400,498.776,543.495,0.819824,detected
366,12.212212,far,2,572.000,426.000,2.326255,4.164804,535.734,317.796,606.931,437.333,0.905762,detected
367,12.245579,near,1,472.000,515.000,1.517840,8.858694,423.512,448.503,499.463,539.524,0.726562,detected
367,12.245579,far,2,572.000,422.000,2.314123,3.869162,539.125,318.321,611.053,436.591,0.806152,detected
368,12.278946,near,1,482.000,514.000,1.617286,8.819247,417.474,445.579,496.386,536.469,0.856934,detected
368,12.278946,far,2,572.000,419.000,2.304878,3.643864,541.405,314.420,616.608,435.722,0.891113,detected
369,12.312312,near,1,482.000,514.000,1.617286,8.819247,415.040,441.199,496.489,531.982,0.841797,detected
369,12.312312,far,2,574.000,418.000,2.326959,3.567786,541.965,312.602,617.678,433.196,0.763672,detected
370,12.345679,near,1,476.000,515.000,1.559161,8.857994,413.224,435.377,497.285,527.429,0.903809,detected
370,12.345679,far,2,575.000,416.000,2.333466,3.415016,547.792,309.732,624.850,430.441,0.901367,detected
371,12.379046,near,1,473.000,513.000,1.520115,8.782973,410.032,427.944,498.227,524.891,0.905762,detected
371,12.379046,far,2,579.000,412.000,2.372200,3.104950,550.159,305.295,629.183,427.565,0.892578,detected
372,12.412412,near,1,470.000,512.000,1.484893,8.745505,413.551,420.602,508.041,523.903,0.810059,detected
372,12.412412,far,2,581.000,411.000,2.394794,3.026403,551.660,299.244,634.268,425.657,0.811035,detected
373,12.445779,near,1,466.000,509.000,1.430663,8.631356,415.881,414.120,517.029,524.312,0.907227,detected
373,12.445779,far,2,583.000,411.000,2.420389,3.026140,552.334,294.251,638.165,424.260,0.855957,detected
374,12.479146,near,1,465.000,508.000,1.415937,8.592955,417.661,407.276,525.178,524.005,0.914062,detected
374,12.479146,far,2,588.000,406.000,2.470503,2.628576,558.277,292.442,643.855,421.797,0.860840,detected
375,12.512513,near,1,461.000,514.000,1.399918,8.822911,406.460,401.666,517.515,526.710,0.854980,detected
375,12.512513,far,2,592.000,405.000,2.519590,2.547578,562.107,290.467,647.973,420.600,0.797363,detected
376,12.545879,near,1,461.000,517.000,1.412637,8.935606,415.076,396.695,534.935,531.906,0.907227,detected
376,12.545879,far,2,596.000,402.000,2.563710,2.303287,568.534,289.490,653.086,418.564,0.862793,detected
377,12.579246,near,1,462.000,518.000,1.427122,8.972713,419.485,391.440,545.696,534.008,0.898926,detected
377,12.579246,far,2,600.000,401.000,2.613472,2.220781,573.425,288.403,656.879,415.990,0.840820,detected
378,12.612613,near,1,463.000,519.000,1.441552,9.009679,418.961,382.134,553.385,535.174,0.895020,detected
378,12.612613,far,2,604.000,403.000,2.670555,2.383999,576.931,287.910,660.653,416.345,0.876953,detected
379,12.645979,near,1,464.000,523.000,1.468191,9.156689,417.112,373.422,558.025,535.930,0.910645,detected
379,12.645979,far,2,608.000,402.000,2.720433,2.301892,578.481,286.075,663.581,416.732,0.761230,detected
380,12.679346,near,1,466.000,524.000,1.492570,9.192787,415.936,368.924,558.637,536.263,0.921875,detected
380,12.679346,far,2,613.000,402.000,2.785707,2.301311,579.521,284.653,665.414,416.634,0.891602,detected
381,12.712713,near,1,469.000,525.000,1.526997,9.228570,417.004,369.203,557.515,536.702,0.926758,detected
381,12.712713,far,2,618.000,400.000,2.847105,2.136319,579.828,282.192,666.235,415.788,0.863770,detected
382,12.746079,near,1,472.000,526.000,1.561292,9.264217,417.888,368.290,557.339,537.596,0.925293,detected
382,12.746079,far,2,627.000,399.000,2.963432,2.052524,592.784,281.234,681.052,414.513,0.832031,detected
383,12.779446,near,1,476.000,528.000,1.609331,9.335464,417.585,367.922,556.197,539.480,0.924316,detected
383,12.779446,far,2,635.000,397.000,3.065683,1.884901,595.953,280.859,682.632,413.002,0.883301,detected
384,12.812813,near,1,483.000,530.000,1.687136,9.405634,417.312,367.591,555.841,542.716,0.925781,detected
384,12.812813,far,2,644.000,393.000,3.179835,1.545649,604.345,281.555,688.775,411.117,0.881836,detected
385,12.846180,near,1,488.000,532.000,1.744346,9.475636,417.596,368.434,555.257,546.467,0.923340,detected
385,12.846180,far,2,651.000,398.000,3.277653,1.966730,613.287,282.875,696.421,410.733,0.893066,detected
386,12.879546,near,1,490.000,536.000,1.778070,9.615535,418.152,369.671,553.701,549.869,0.913574,detected
386,12.879546,far,2,654.000,399.000,3.317924,2.049537,618.702,284.696,701.013,410.630,0.903809,detected
387,12.912913,near,1,494.000,536.000,1.817783,9.614805,420.998,370.533,553.466,551.739,0.920898,detected
387,12.912913,far,2,653.000,395.000,3.301406,1.714687,620.186,286.628,701.458,410.059,0.913574,detected
388,12.946280,near,1,495.000,535.000,1.824389,9.579750,425.697,371.798,553.914,552.723,0.913574,detected
388,12.946280,far,2,654.000,398.000,3.317112,1.966404,620.201,287.011,701.912,410.316,0.912109,detected
389,12.979646,near,1,499.000,535.000,1.864167,9.579021,430.456,373.771,555.853,556.156,0.920898,detected
389,12.979646,far,2,656.000,400.000,3.344908,2.132046,620.496,284.373,704.791,410.654,0.898926,detected
390,13.013013,near,1,501.000,544.000,1.912548,9.888002,435.839,377.525,557.727,559.262,0.913574,detected
390,13.013013,far,2,658.000,396.000,3.368335,1.798511,622.264,281.210,708.647,410.589,0.852539,detected
391,13.046380,near,1,505.000,548.000,1.963768,10.021571,440.415,381.141,559.798,562.529,0.917969,detected
391,13.046380,far,2,664.000,390.000,3.444550,1.285697,623.936,277.353,711.118,408.615,0.889648,detected
392,13.079746,near,1,512.000,551.000,2.040334,10.119749,444.713,384.247,561.879,564.576,0.919434,detected
392,13.079746,far,2,664.000,387.000,3.442990,1.023899,626.924,271.543,714.942,405.276,0.840820,detected
393,13.113113,near,1,518.000,552.000,2.101012,10.151552,449.036,387.572,564.106,565.867,0.933594,detected
393,13.113113,far,2,668.000,383.000,3.495422,0.668411,633.623,269.229,719.733,400.171,0.897461,detected
394,13.146480,near,1,525.000,555.000,2.176284,10.248318,452.832,389.834,568.334,569.419,0.925293,detected
394,13.146480,far,2,672.000,381.000,3.549434,0.487866,638.687,268.000,723.342,397.675,0.901367,detected
395,13.179847,near,1,533.000,548.000,2.235539,10.016362,457.217,390.111,570.792,566.471,0.920898,detected
395,13.179847,far,2,679.000,371.000,3.645087,0.000000,644.152,268.000,724.276,391.460,0.378418,detected
396,13.213213,near,1,541.000,554.000,2.327266,10.212739,458.742,390.554,577.961,577.233,0.903809,detected
396,13.213213,far,2,682.000,356.000,3.688544,0.000000,652.339,268.000,727.391,384.843,0.852051,detected
397,13.246580,near,1,546.000,559.000,2.386371,10.373525,462.060,391.197,583.881,583.390,0.900879,detected
397,13.246580,far,,683.000,355.000,3.703285,0.000000,,,,,0.000000,tracked
398,13.279947,near,1,555.000,563.000,2.480124,10.499184,469.078,392.823,591.411,586.550,0.910645,detected
398,13.279947,far,,684.000,354.000,3.718106,0.000000,,,,,0.000000,tracked
399,13.313313,near,1,560.000,568.000,2.536981,10.654972,474.711,394.138,596.549,588.933,0.911621,detected
399,13.313313,far,,687.000,353.000,3.762459,0.000000,,,,,0.000000,tracked
400,13.346680,near,1,566.000,573.000,2.602139,10.807896,478.250,395.535,598.878,589.609,0.922852,detected
400,13.346680,far,,692.000,353.000,3.836079,0.000000,,,,,0.000000,tracked
401,13.380047,near,1,571.000,570.000,2.643369,10.714813,484.177,395.553,603.668,588.919,0.895020,detected
401,13.380047,far,,698.000,352.000,3.925126,0.000000,,,,,0.000000,tracked
402,13.413413,near,1,574.000,567.000,2.666277,10.621171,490.005,396.450,607.877,588.000,0.922852,detected
402,13.413413,far,,704.000,352.000,4.013651,0.000000,,,,,0.000000,tracked
403,13.446780,near,1,577.000,564.000,2.689419,10.526570,496.754,398.112,613.447,587.849,0.923340,detected
403,13.446780,far,,710.000,352.000,4.102146,0.000000,,,,,0.000000,tracked
404,13.480147,near,1,581.000,570.000,2.736582,10.712900,506.440,400.986,622.327,588.005,0.932129,detected
404,13.480147,far,2,722.000,354.000,4.275685,0.000000,700.563,268.748,760.417,366.032,0.700684,detected
405,13.513514,near,1,581.000,567.000,2.731859,10.619837,517.089,404.319,632.044,586.858,0.931152,detected
405,13.513514,far,,729.000,353.000,4.380219,0.000000,,,,,0.000000,tracked
406,13.546880,near,1,583.000,574.000,2.761318,10.835129,525.329,407.967,641.962,590.238,0.916504,detected
406,13.546880,far,2,736.000,352.000,4.485278,0.000000,713.999,268.528,772.814,369.232,0.777832,detected
407,13.580247,near,1,587.000,576.000,2.801230,10.895043,531.275,413.979,650.077,593.301,0.906250,detected
407,13.580247,far,2,741.000,357.000,4.546827,0.000000,717.693,268.370,777.015,372.440,0.673828,detected
408,13.613614,near,1,590.000,580.000,2.834438,11.014607,535.924,422.411,656.822,596.686,0.921875,detected
408,13.613614,far,2,750.000,362.000,4.664052,0.000000,719.829,268.669,780.351,377.184,0.830078,detected
409,13.646980,near,1,593.000,582.000,2.864568,11.073494,538.300,430.014,661.639,599.176,0.931641,detected
409,13.646980,far,2,756.000,368.000,4.732966,0.000000,724.149,268.652,786.729,382.205,0.795898,detected
410,13.680347,near,1,594.000,585.000,2.877593,11.161758,539.704,437.187,663.836,598.999,0.925293,detected
410,13.680347,far,2,764.000,373.000,4.830507,0.000000,724.669,269.273,790.611,388.355,0.847656,detected
411,13.713714,near,1,599.000,590.000,2.929035,11.306267,541.700,443.169,669.945,601.769,0.923828,detected
411,13.713714,far,2,770.000,378.000,4.898077,0.207475,725.268,269.520,794.193,391.349,0.886230,detected
412,13.747080,near,1,604.000,589.000,2.972937,11.276388,545.331,451.072,675.552,603.867,0.922363,detected
412,13.747080,far,2,774.000,379.000,4.949739,0.298692,725.149,269.138,796.716,392.833,0.884766,detected
413,13.780447,near,1,605.000,593.000,2.986372,11.391234,553.226,459.115,685.517,605.282,0.926270,detected
413,13.780447,far,2,774.000,382.000,4.940027,0.570410,737.234,270.934,806.905,394.267,0.849121,detected
414,13.813814,near,1,612.000,594.000,3.050075,11.418389,562.848,467.405,696.629,606.000,0.920898,detected
414,13.813814,far,2,775.000,381.000,4.956876,0.480217,743.883,275.832,809.708,394.772,0.833496,detected
415,13.847181,near,1,617.000,593.000,3.093867,11.388888,573.885,477.477,707.183,606.318,0.922852,detected
415,13.847181,far,2,774.000,378.000,4.953008,0.207205,747.087,279.855,809.702,394.547,0.829102,detected
416,13.880547,near,1,622.000,592.000,3.137795,11.359296,581.388,480.510,718.248,605.587,0.921875,detected
416,13.880547,far,2,774.000,377.000,4.956295,0.115255,748.619,282.987,808.977,394.769,0.845703,detected
417,13.913914,near,1,627.000,593.000,3.183412,11.386933,584.947,480.515,726.509,605.141,0.916504,detected
417,13.913914,far,2,775.000,380.000,4.960147,0.389648,748.470,284.470,807.941,395.456,0.811035,detected
418,13.947281,near,1,633.000,590.000,3.235060,11.299637,587.853,481.578,732.400,605.830,0.916016,detected
418,13.947281,far,2,773.000,382.000,4.926433,0.570486,745.887,285.193,806.385,398.462,0.800781,detected
419,13.980647,near,1,637.000,593.000,3.272927,11.384979,589.601,480.307,738.087,607.211,0.917480,detected
419,13.980647,far,2,772.000,385.000,4.903472,0.838248,744.228,284.579,806.314,401.387,0.815918,detected
420,14.014014,near,1,640.000,595.000,3.300935,11.441338,592.226,478.927,741.341,606.818,0.914062,detected
420,14.014014,far,2,771.000,382.000,4.899241,0.570639,742.186,280.806,806.404,401.964,0.829102,detected
421,14.047381,near,1,648.000,593.000,3.371357,11.382831,597.736,474.536,748.867,605.773,0.916016,detected
421,14.047381,far,2,772.000,382.000,4.912837,0.570562,740.926,278.845,806.209,402.977,0.845703,detected
422,14.080747,near,1,655.000,591.000,3.433249,11.324150,604.516,469.845,757.347,605.364,0.923340,detected
422,14.080747,far,2,771.000,383.000,4.896138,0.660314,740.194,277.999,805.669,403.949,0.840820,detected
423,14.114114,near,1,660.000,592.000,3.478405,11.351879,613.270,468.020,764.664,605.757,0.914551,detected
423,14.114114,far,2,771.000,387.000,4.883877,1.014589,737.142,278.224,802.512,404.837,0.856934,detected
424,14.147481,near,1,667.000,591.000,3.540913,11.321812,620.869,466.570,770.635,606.736,0.918945,detected
424,14.147481,far,2,768.000,385.000,4.849487,0.838578,733.046,277.117,798.493,405.341,0.866211,detected
425,14.180848,near,1,673.000,593.000,3.594924,11.377951,628.289,466.200,774.687,606.812,0.922852,detected
425,14.180848,far,2,767.000,384.000,4.838928,0.749866,730.499,276.063,795.634,405.424,0.849121,detected
426,14.214214,near,1,686.000,592.000,3.711197,11.346810,634.901,465.821,777.608,606.539,0.920898,detected
426,14.214214,far,2,765.000,390.000,4.794844,1.276294,727.570,272.717,793.086,405.134,0.870117,detected
427,14.247581,near,1,688.000,591.000,3.729218,11.317722,639.876,464.667,780.306,606.702,0.915039,detected
427,14.247581,far,2,764.000,387.000,4.789857,1.015197,725.601,270.609,790.723,404.784,0.854004,detected
428,14.280948,near,1,690.000,582.000,3.748534,11.054741,646.087,465.134,782.221,605.905,0.918457,detected
428,14.280948,far,2,761.000,386.000,4.752263,0.927525,722.793,269.113,787.392,404.684,0.871582,detected
429,14.314314,near,1,694.000,589.000,3.783417,11.258876,651.232,466.010,784.223,606.580,0.921875,detected
429,14.314314,far,2,759.000,389.000,4.717430,1.190206,720.019,268.349,784.467,405.527,0.878418,detected
430,14.347681,near,1,702.000,589.000,3.855338,11.257321,656.391,467.178,785.883,606.542,0.914062,detected
430,14.347681,far,2,756.000,388.000,4.679832,1.103400,717.652,268.291,781.329,404.918,0.844727,detected
431,14.381048,near,1,705.000,589.000,3.882303,11.256739,660.107,467.035,787.152,605.662,0.915039,detected
431,14.381048,far,2,753.000,386.000,4.644487,0.928203,716.337,268.438,778.896,403.880,0.830078,detected
432,14.414414,near,1,711.000,594.000,3.933923,11.399048,663.879,469.669,787.705,605.751,0.914062,detected
432,14.414414,far,2,750.000,389.000,4.597059,1.191024,713.366,268.661,776.558,407.066,0.830078,detected
433,14.447781,near,1,714.000,593.000,3.961160,11.369956,665.988,471.789,789.664,608.644,0.916504,detected
433,14.447781,far,2,746.000,391.000,4.539194,1.364307,710.530,268.830,774.100,410.140,0.849121,detected
434,14.481148,near,1,712.000,604.000,3.938197,11.678873,666.375,476.819,793.335,618.525,0.923828,detected
434,14.481148,far,2,743.000,396.000,4.489038,1.789606,708.441,268.982,772.007,412.344,0.871582,detected
435,14.514515,near,1,718.000,605.000,3.990266,11.705199,667.988,479.373,796.378,623.738,0.934082,detected
435,14.514515,far,2,739.000,397.000,4.434523,1.873804,706.075,268.915,769.504,413.579,0.850098,detected
436,14.547881,near,1,719.000,606.000,3.998466,11.732421,671.036,482.133,798.178,625.828,0.932129,detected
436,14.547881,far,2,737.000,399.000,4.404649,2.040380,703.232,271.425,765.538,414.084,0.837402,detected
437,14.581248,near,1,722.000,609.000,4.022909,11.813558,675.832,484.265,800.569,626.267,0.935059,detected
437,14.581248,far,2,735.000,402.000,4.373342,2.287181,701.248,273.256,763.335,416.282,0.802734,detected
438,14.614615,near,1,725.000,608.000,4.049627,11.785810,679.609,485.010,802.624,626.355,0.940430,detected
438,14.614615,far,2,731.000,405.000,4.316708,2.530744,699.347,275.498,761.518,418.767,0.871582,detected
439,14.647981,near,1,728.000,606.000,4.077104,11.730649,682.932,484.094,804.628,625.757,0.938477,detected
439,14.647981,far,2,731.000,407.000,4.313589,2.690904,696.555,279.096,758.513,422.280,0.881348,detected
440,14.681348,near,1,731.000,604.000,4.104754,11.675138,686.976,483.413,807.431,626.328,0.928711,detected
440,14.681348,far,2,729.000,409.000,4.284971,2.849816,693.709,281.227,755.899,425.474,0.846680,detected
441,14.714715,near,1,734.000,605.000,4.130278,11.702053,690.711,482.407,809.423,626.638,0.927246,detected
441,14.714715,far,2,727.000,410.000,4.258026,2.928850,690.670,282.572,752.492,426.770,0.854004,detected
442,14.748081,near,1,735.000,605.000,4.139027,11.701857,694.304,481.353,810.571,626.287,0.919434,detected
442,14.748081,far,2,724.000,410.000,4.219813,2.929237,687.025,283.051,748.182,427.197,0.859863,detected
443,14.781448,near,1,738.000,606.000,4.164451,11.728682,697.440,480.922,811.237,626.675,0.895508,detected
443,14.781448,far,2,722.000,403.000,4.203319,2.370117,685.127,284.825,744.961,426.943,0.868164,detected
444,14.814815,near,1,740.000,606.000,4.181917,11.728288,699.915,480.665,810.526,626.221,0.907227,detected
444,14.814815,far,2,719.000,409.000,4.157290,2.851090,683.116,285.676,742.378,427.493,0.863281,detected
445,14.848182,near,1,741.000,607.000,4.189791,11.755419,701.617,480.406,809.814,626.720,0.897461,detected
445,14.848182,far,2,717.000,407.000,4.133994,2.692641,678.595,285.463,737.960,427.794,0.792969,detected
446,14.881548,near,1,744.000,607.000,4.215945,11.754827,703.079,480.294,808.520,626.881,0.895020,detected
446,14.881548,far,2,715.000,405.000,4.110476,2.532676,672.851,285.491,732.006,427.721,0.857910,detected
447,14.914915,near,1,746.000,606.000,4.234307,11.727108,703.505,480.096,807.392,628.470,0.893066,detected
447,14.914915,far,2,709.000,410.000,4.028668,2.931173,669.497,284.973,728.298,427.790,0.878906,detected
448,14.948282,near,1,747.000,607.000,4.242096,11.754237,704.119,479.730,806.917,630.456,0.887695,detected
448,14.948282,far,2,707.000,412.000,4.001548,3.087953,666.451,284.255,724.929,427.426,0.860352,detected
449,14.981648,near,1,748.000,611.000,4.247020,11.862475,705.062,479.301,805.885,630.903,0.891602,detected
449,14.981648,far,2,703.000,412.000,3.950785,3.088483,663.344,282.758,721.869,427.255,0.872559,detected
450,15.015015,near,1,749.000,615.000,4.251882,11.969341,705.932,479.200,805.398,632.447,0.901367,detected
450,15.015015,far,2,699.000,416.000,3.897746,3.397772,662.051,281.612,721.047,428.435,0.850586,detected
451,15.048382,near,1,749.000,613.000,4.253776,11.915979,707.089,478.525,804.834,632.723,0.900391,detected
451,15.048382,far,2,696.000,415.000,3.860487,3.321529,660.667,280.045,719.582,427.733,0.853516,detected
452,15.081748,near,1,749.000,613.000,4.253776,11.915979,708.137,478.545,803.899,632.794,0.904785,detected
452,15.081748,far,2,693.000,416.000,3.822271,3.398604,657.768,280.711,717.097,428.777,0.884277,detected
453,15.115115,near,1,749.000,614.000,4.252827,11.942702,709.475,479.117,803.627,633.917,0.910645,detected
453,15.115115,far,2,690.000,417.000,3.784226,3.475335,654.944,281.815,715.250,431.058,0.894531,detected
454,15.148482,near,1,749.000,614.000,4.252827,11.942702,710.079,477.569,803.336,634.314,0.910156,detected
454,15.148482,far,2,687.000,418.000,3.746350,3.551724,652.605,283.078,713.752,432.888,0.905273,detected
455,15.181849,near,1,749.000,612.000,4.254727,11.889172,711.413,476.207,803.169,633.594,0.908203,detected
455,15.181849,far,2,685.000,419.000,3.721143,3.627631,651.557,284.473,712.971,433.413,0.893066,detected
456,15.215215,near,1,749.000,613.000,4.253776,11.915979,712.244,475.267,802.701,633.430,0.913574,detected
456,15.215215,far,2,684.000,420.000,3.708519,3.703053,649.592,286.482,711.046,434.002,0.889648,detected
457,15.248582,near,1,749.000,614.000,4.252827,11.942702,712.913,475.412,802.096,634.332,0.911621,detected
457,15.248582,far,2,682.000,425.000,3.683248,4.074643,644.917,288.648,707.048,435.185,0.866211,detected
458,15.281949,near,1,748.000,614.000,4.244207,11.942900,713.693,474.138,801.836,634.232,0.910645,detected
458,15.281949,far,2,679.000,422.000,3.646194,3.853321,641.899,289.086,704.140,435.100,0.868652,detected
459,15.315315,near,1,749.000,613.000,4.253776,11.915979,714.432,472.396,801.798,634.033,0.909180,detected
459,15.315315,far,2,676.000,424.000,3.609145,4.001960,639.018,289.224,701.005,435.107,0.880371,detected
460,15.348682,near,1,749.000,613.000,4.253776,11.915979,714.930,470.761,801.513,633.799,0.908691,detected
460,15.348682,far,2,672.000,419.000,3.558600,3.629494,634.877,287.901,696.828,435.081,0.884766,detected
461,15.382049,near,1,749.000,614.000,4.252827,11.942702,715.269,469.172,801.202,634.116,0.909180,detected
461,15.382049,far,2,668.000,421.000,3.509234,3.780329,629.725,287.100,691.112,435.473,0.867676,detected
462,15.415415,near,1,749.000,612.000,4.254727,11.889172,715.653,466.973,800.782,633.382,0.907227,detected
462,15.415415,far,2,666.000,416.000,3.482361,3.402351,625.040,286.075,686.092,435.175,0.860840,detected
463,15.448782,near,1,749.000,613.000,4.253776,11.915979,715.995,465.596,800.383,633.650,0.908203,detected
463,15.448782,far,2,661.000,419.000,3.420985,3.631072,622.287,286.242,683.135,435.889,0.834473,detected
464,15.482149,near,1,749.000,614.000,4.252827,11.942702,715.756,464.189,799.438,634.025,0.912109,detected
464,15.482149,far,2,656.000,426.000,3.363091,4.151886,623.445,286.725,685.292,438.970,0.860840,detected
465,15.515516,near,1,749.000,615.000,4.251882,11.969341,716.144,461.228,799.688,634.440,0.911621,detected
465,15.515516,far,2,653.000,426.000,3.326132,4.152346,622.864,286.621,685.640,440.819,0.795898,detected
466,15.548882,near,1,749.000,613.000,4.253776,11.915979,716.538,459.781,798.954,634.031,0.911621,detected
466,15.548882,far,2,648.000,425.000,3.263639,4.079812,620.481,287.489,683.633,440.863,0.872559,detected
467,15.582249,near,1,749.000,613.000,4.253776,11.915979,716.718,458.217,798.053,633.582,0.909668,detected
467,15.582249,far,2,644.000,427.000,3.216214,4.226705,616.455,289.090,680.521,440.701,0.891602,detected
468,15.615616,near,1,750.000,614.000,4.261447,11.942505,716.926,455.907,797.547,633.683,0.904785,detected
468,15.615616,far,2,642.000,428.000,3.192658,4.299666,612.120,290.042,677.658,441.247,0.894043,detected
469,15.648982,near,1,751.000,614.000,4.270066,11.942307,716.758,453.877,796.465,633.437,0.907227,detected
469,15.648982,far,2,640.000,429.000,3.169205,4.372307,607.243,291.096,673.914,442.987,0.890137,detected
470,15.682349,near,1,752.000,614.000,4.278685,11.942109,717.166,451.395,796.125,633.198,0.904297,detected
470,15.682349,far,2,638.000,428.000,3.143567,4.300291,603.532,291.619,670.605,443.618,0.878906,detected
471,15.715716,near,1,752.000,615.000,4.277699,11.968747,717.250,449.584,795.497,633.804,0.905762,detected
471,15.715716,far,2,637.000,430.000,3.133637,4.444788,601.041,291.514,668.530,444.251,0.899414,detected
472,15.749082,near,1,753.000,616.000,4.285307,11.995104,717.553,447.823,794.979,634.033,0.907227,detected
472,15.749082,far,2,633.000,431.000,3.086028,4.517117,598.651,291.316,665.868,444.320,0.888672,detected
473,15.782449,near,1,755.000,615.000,4.303513,11.968154,718.444,446.293,795.122,633.837,0.906738,detected
473,15.782449,far,2,630.000,431.000,3.049442,4.517597,595.792,291.082,662.214,444.317,0.853516,detected
474,15.815816,near,1,756.000,616.000,4.311080,11.994510,719.478,445.624,795.602,634.178,0.908203,detected
474,15.815816,far,2,627.000,426.000,3.005601,4.156340,593.210,291.193,658.011,444.007,0.866699,detected
475,15.849183,near,1,757.000,616.000,4.319670,11.994312,720.291,444.020,796.486,634.305,0.905762,detected
475,15.849183,far,2,626.000,425.000,2.991767,4.083161,589.045,290.159,652.451,444.078,0.794434,detected
476,15.882549,near,1,757.000,616.000,4.319670,11.994312,720.365,442.267,797.047,635.051,0.908203,detected
476,15.882549,far,2,619.000,429.000,2.911932,4.375620,583.676,290.044,645.031,444.158,0.785156,detected
477,15.915916,near,1,757.000,616.000,4.319670,11.994312,720.111,440.878,796.967,634.911,0.899414,detected
477,15.915916,far,2,618.000,426.000,2.894556,4.157723,579.847,289.641,639.435,444.100,0.854004,detected
478,15.949283,near,1,757.000,616.000,4.319670,11.994312,719.295,440.191,795.952,634.430,0.896973,detected
478,15.949283,far,2,613.000,433.000,2.845644,4.662804,576.260,289.627,634.054,444.345,0.864258,detected
479,15.982649,near,1,757.000,617.000,4.318623,12.020782,718.807,439.775,795.724,634.803,0.908203,detected
479,15.982649,far,2,608.000,434.000,2.786812,4.734392,572.955,290.115,629.422,445.132,0.865234,detected
480,16.016016,near,1,757.000,617.000,4.318623,12.020782,717.801,439.245,795.325,635.927,0.910645,detected
480,16.016016,far,2,603.000,432.000,2.722028,4.593343,570.240,290.510,625.732,445.770,0.850098,detected
481,16.049383,near,1,757.000,617.000,4.318623,12.020782,716.933,437.261,795.092,635.366,0.909180,detected
481,16.049383,far,2,598.000,431.000,2.658879,4.522734,566.637,289.664,621.809,444.863,0.877930,detected
482,16.082749,near,1,757.000,614.000,4.321775,11.941121,716.190,435.564,794.857,634.160,0.906738,detected
482,16.082749,far,2,593.000,432.000,2.600158,4.594962,560.849,290.616,616.525,444.292,0.879883,detected
483,16.116116,near,1,757.000,614.000,4.321775,11.941121,715.820,434.755,794.860,633.834,0.903809,detected
483,16.116116,far,2,590.000,435.000,2.570841,4.807833,556.206,291.758,613.295,445.202,0.874512,detected
484,16.149483,near,1,757.000,617.000,4.318623,12.020782,715.096,434.708,794.889,635.262,0.908203,detected
484,16.149483,far,2,588.000,437.000,2.551509,4.948199,551.297,292.927,610.988,448.023,0.898926,detected
485,16.182850,near,1,757.000,615.000,4.320721,11.967758,714.324,433.468,794.844,635.382,0.905762,detected
485,16.182850,far,2,587.000,437.000,2.539451,4.948367,549.271,293.181,610.849,448.789,0.887207,detected
486,16.216216,near,1,757.000,615.000,4.320721,11.967758,713.255,431.912,794.487,634.861,0.905762,detected
486,16.216216,far,2,585.000,438.000,2.517842,5.018261,547.930,295.671,610.535,449.483,0.894043,detected
487,16.249583,near,1,757.000,615.000,4.320721,11.967758,712.180,431.221,793.905,634.516,0.906738,detected
487,16.249583,far,2,582.000,439.000,2.484318,5.088026,545.554,295.463,610.022,450.861,0.901855,detected
488,16.282950,near,1,758.000,617.000,4.327199,12.020584,711.277,430.581,793.631,634.525,0.910645,detected
488,16.282950,far,2,582.000,440.000,2.486884,5.156978,542.496,293.494,609.376,451.922,0.902832,detected
489,16.316316,near,1,758.000,617.000,4.327199,12.020584,710.395,429.815,793.524,634.527,0.913086,detected
489,16.316316,far,2,577.000,440.000,2.426969,5.157839,539.350,293.755,606.538,451.738,0.892578,detected
490,16.349683,near,1,758.000,617.000,4.327199,12.020584,709.860,429.001,793.707,634.528,0.915039,detected
490,16.349683,far,2,574.000,440.000,2.391013,5.158355,537.813,293.209,604.896,451.849,0.896973,detected
491,16.383050,near,1,758.000,618.000,4.326141,12.046970,709.437,428.730,794.023,635.092,0.915527,detected
491,16.383050,far,2,571.000,440.000,2.355053,5.158872,535.043,293.420,601.302,452.293,0.886230,detected
492,16.416416,near,1,758.000,618.000,4.326141,12.046970,709.432,428.101,794.576,634.742,0.914062,detected
492,16.416416,far,2,569.000,438.000,2.325245,5.020976,532.309,294.237,596.740,451.944,0.859375,detected
493,16.449783,near,1,759.000,617.000,4.335775,12.020386,709.279,427.828,794.959,634.606,0.914551,detected
493,16.449783,far,2,565.000,436.000,2.270977,4.882183,527.673,295.322,590.316,451.932,0.852051,detected
494,16.483150,near,1,759.000,617.000,4.335775,12.020386,708.883,427.546,794.896,634.271,0.916016,detected
494,16.483150,far,2,561.000,437.000,2.225745,4.952747,521.520,296.398,582.576,452.337,0.841797,detected
495,16.516517,near,1,759.000,617.000,4.335775,12.020386,709.087,427.189,795.665,634.144,0.913086,detected
495,16.516517,far,2,557.000,435.000,2.170896,4.813312,517.697,296.719,577.442,452.829,0.857422,detected
496,16.549883,near,1,760.000,616.000,4.345439,11.993718,710.007,427.154,796.826,633.814,0.910645,detected
496,16.549883,far,2,552.000,440.000,2.127187,5.162144,514.232,297.180,573.264,453.780,0.869629,detected
497,16.583250,near,1,761.000,618.000,4.351829,12.046376,711.684,427.594,798.782,634.824,0.909180,detected
497,16.583250,far,2,546.000,440.000,2.055188,5.163178,513.000,298.545,571.891,455.045,0.863281,detected
498,16.616617,near,1,761.000,619.000,4.350734,12.072680,714.327,427.430,801.473,635.349,0.912598,detected
498,16.616617,far,2,541.000,441.000,1.998808,5.232739,512.670,299.401,572.943,456.285,0.904785,detected
499,16.649983,near,1,761.000,614.000,4.356242,11.940330,717.378,425.973,804.387,633.848,0.914062,detected
499,16.649983,far,2,537.000,441.000,1.950892,5.233434,508.169,298.711,570.310,455.596,0.897461,detected
500,16.683350,near,1,763.000,617.000,4.370078,12.019593,720.413,426.362,806.975,633.984,0.913086,detected
500,16.683350,far,2,534.000,441.000,1.914950,5.233955,503.432,300.772,567.191,455.951,0.901367,detected
