frame,time_s,role,track_id,x_px,y_px,court_x_m,court_y_m,bbox_x1,bbox_y1,bbox_x2,bbox_y2,confidence,source
0,0.000000,near,1,595.000,577.000,2.825454,10.420039,551.232,391.301,647.920,595.097,0.919824,detected
0,0.000000,far,2,705.000,411.000,3.754095,1.221572,683.845,287.000,745.335,428.974,0.896657,detected
1,0.033367,near,1,595.000,577.000,2.825454,10.420039,551.311,391.381,647.609,594.379,0.921458,detected
1,0.033367,far,2,705.000,411.000,3.754095,1.221572,683.820,287.000,745.228,428.751,0.895633,detected
2,0.066733,near,1,595.000,576.000,2.823579,10.385262,551.397,391.366,647.576,594.129,0.921698,detected
2,0.066733,far,2,706.000,409.000,3.765179,1.051241,683.574,287.000,744.856,428.432,0.897153,detected
3,0.100100,near,1,595.000,576.000,2.823579,10.385262,551.643,391.413,647.801,594.103,0.922804,detected
3,0.100100,far,2,705.000,412.000,3.754688,1.305995,683.906,287.000,745.219,428.398,0.900664,detected
4,0.133467,near,1,595.000,576.000,2.823579,10.385262,551.696,391.407,647.838,594.045,0.922357,detected
4,0.133467,far,2,705.000,412.000,3.754688,1.305995,684.148,287.000,745.536,428.414,0.897646,detected
5,0.166834,near,1,595.000,577.000,2.825454,10.420039,551.499,391.469,647.721,594.321,0.921253,detected
5,0.166834,far,2,705.000,412.000,3.754688,1.305995,683.803,287.000,745.270,428.434,0.899049,detected
6,0.200200,near,1,595.000,577.000,2.825454,10.420039,551.309,391.433,647.548,594.450,0.920008,detected
6,0.200200,far,2,705.000,412.000,3.754688,1.305995,683.612,287.000,745.155,428.427,0.897350,detected
7,0.233567,near,1,594.000,577.000,2.816338,10.420332,551.159,391.426,647.366,594.537,0.918351,detected
7,0.233567,far,2,705.000,412.000,3.754688,1.305995,683.591,287.000,745.293,428.534,0.895054,detected
8,0.266934,near,1,594.000,577.000,2.816338,10.420332,550.924,391.433,647.004,594.573,0.917874,detected
8,0.266934,far,2,706.000,411.000,3.766320,1.221138,683.204,287.000,745.202,428.750,0.892657,detected
9,0.300300,near,1,595.000,577.000,2.825454,10.420039,551.160,391.397,647.174,594.602,0.919444,detected
9,0.300300,far,2,706.000,412.000,3.766886,1.305561,683.236,287.000,745.464,428.814,0.898712,detected
10,0.333667,near,1,595.000,577.000,2.825454,10.420039,551.210,391.407,647.096,594.619,0.916742,detected
10,0.333667,far,2,706.000,413.000,3.767451,1.389637,683.311,287.000,745.663,428.608,0.897820,detected
11,0.367034,near,1,595.000,577.000,2.825454,10.420039,551.494,391.344,647.338,594.713,0.917370,detected
11,0.367034,far,2,706.000,413.000,3.767451,1.389637,683.033,287.000,745.602,428.525,0.897928,detected
12,0.400400,near,1,595.000,577.000,2.825454,10.420039,551.743,391.360,647.329,594.445,0.917194,detected
12,0.400400,far,2,707.000,413.000,3.779624,1.389202,683.019,287.000,745.691,428.514,0.895268,detected
13,0.433767,near,1,595.000,578.000,2.827323,10.454708,552.014,390.975,647.627,594.529,0.917294,detected
13,0.433767,far,2,707.000,413.000,3.779624,1.389202,683.142,287.000,745.976,428.507,0.893803,detected
14,0.467134,near,1,595.000,577.000,2.825454,10.420039,551.906,390.860,647.191,594.490,0.911130,detected
14,0.467134,far,2,707.000,413.000,3.779624,1.389202,682.950,287.000,745.858,428.450,0.892592,detected
15,0.500501,near,1,596.000,577.000,2.834570,10.419746,552.342,390.299,647.205,593.892,0.908116,detected
15,0.500501,far,2,707.000,413.000,3.779624,1.389202,682.559,287.000,745.527,428.570,0.889278,detected
16,0.533867,near,1,596.000,578.000,2.836425,10.454416,552.398,390.450,646.692,594.242,0.893946,detected
16,0.533867,far,2,706.000,414.000,3.768013,1.473367,682.771,287.000,745.702,428.472,0.890570,detected
17,0.567234,near,1,596.000,575.000,2.830843,10.350085,552.404,390.132,646.302,594.516,0.906776,detected
17,0.567234,far,2,706.000,413.000,3.767451,1.389637,682.785,287.000,745.814,428.661,0.891207,detected
18,0.600601,near,1,596.000,577.000,2.834570,10.419746,552.987,389.844,646.301,594.529,0.908137,detected
18,0.600601,far,2,706.000,414.000,3.768013,1.473367,682.782,287.000,745.743,428.525,0.887385,detected
19,0.633967,near,1,597.000,574.000,2.838129,10.314799,553.654,389.522,646.170,594.206,0.902283,detected
19,0.633967,far,2,706.000,413.000,3.767451,1.389637,682.675,287.000,745.681,428.645,0.886915,detected
20,0.667334,near,1,596.000,575.000,2.830843,10.350085,555.221,389.179,647.001,594.164,0.901511,detected
20,0.667334,far,2,706.000,412.000,3.766886,1.305561,682.755,287.000,745.775,428.699,0.885634,detected
21,0.700701,near,1,596.000,575.000,2.830843,10.350085,556.254,389.052,647.051,593.916,0.884750,detected
21,0.700701,far,2,706.000,412.000,3.766886,1.305561,682.803,287.000,745.809,428.672,0.885255,detected
22,0.734067,near,1,597.000,574.000,2.838129,10.314799,557.079,388.832,646.882,593.976,0.904951,detected
22,0.734067,far,2,706.000,412.000,3.766886,1.305561,682.836,287.000,745.714,428.649,0.882042,detected
23,0.767434,near,1,597.000,573.000,2.836265,10.279699,558.235,388.642,646.451,593.044,0.902254,detected
23,0.767434,far,2,706.000,412.000,3.766886,1.305561,682.993,287.000,745.760,428.570,0.885243,detected
24,0.800801,near,1,596.000,571.000,2.823319,10.209464,559.848,388.375,646.836,592.751,0.893757,detected
24,0.800801,far,2,706.000,414.000,3.768013,1.473367,683.046,287.000,745.716,428.663,0.885203,detected
25,0.834168,near,1,596.000,569.000,2.819523,10.138496,561.967,387.894,647.928,591.921,0.882896,detected
25,0.834168,far,2,706.000,413.000,3.767451,1.389637,683.398,287.000,746.002,428.833,0.883938,detected
26,0.867534,near,1,596.000,571.000,2.823319,10.209464,564.993,387.705,650.594,591.772,0.901954,detected
26,0.867534,far,2,706.000,412.000,3.766886,1.305561,683.668,287.000,745.682,428.036,0.865243,detected
27,0.900901,near,1,596.000,570.000,2.821424,10.174036,567.110,387.264,652.604,591.387,0.889342,detected
27,0.900901,far,2,706.000,411.000,3.766320,1.221138,683.614,287.000,745.159,427.813,0.862974,detected
28,0.934268,near,1,596.000,569.000,2.819523,10.138496,568.529,386.907,654.200,591.228,0.907010,detected
28,0.934268,far,2,705.000,411.000,3.754095,1.221572,682.629,287.000,743.887,427.751,0.866292,detected
29,0.967634,near,1,595.000,567.000,2.806444,10.067380,569.224,386.838,655.099,591.045,0.910470,detected
29,0.967634,far,2,704.000,408.000,3.740004,0.966632,682.507,287.000,743.000,427.598,0.861721,detected
30,1.001001,near,1,596.000,567.000,2.815702,10.067084,569.623,386.706,655.640,590.332,0.913492,detected
30,1.001001,far,2,703.000,409.000,3.728354,1.052544,681.885,287.157,741.352,426.374,0.860319,detected
31,1.034368,near,1,597.000,569.000,2.828752,10.138202,569.565,387.017,655.919,590.471,0.918342,detected
31,1.034368,far,2,703.000,407.000,3.727050,0.881233,680.996,287.375,739.967,425.501,0.859621,detected
32,1.067734,near,1,600.000,571.000,2.860121,10.208288,568.955,387.717,655.576,590.893,0.919560,detected
32,1.067734,far,2,702.000,407.000,3.714723,0.881668,680.256,287.746,738.699,424.766,0.861855,detected
33,1.101101,near,1,601.000,575.000,2.876560,10.348619,568.215,388.325,655.216,591.285,0.919476,detected
33,1.101101,far,2,702.000,408.000,3.715402,0.967501,680.117,288.341,738.254,424.846,0.882591,detected
34,1.134468,near,1,602.000,574.000,2.883916,10.313333,568.206,388.939,655.354,591.285,0.917315,detected
34,1.134468,far,2,706.000,406.000,3.763450,0.793736,680.764,289.139,738.986,425.872,0.875975,detected
35,1.167835,near,1,603.000,574.000,2.893073,10.313040,567.903,388.848,655.408,591.236,0.917024,detected
35,1.167835,far,2,707.000,413.000,3.779624,1.389202,681.995,289.942,739.900,425.233,0.894042,detected
36,1.201201,near,1,603.000,574.000,2.893073,10.313040,568.044,389.182,655.509,591.081,0.915797,detected
36,1.201201,far,2,708.000,414.000,3.792310,1.472499,683.328,291.909,741.217,425.703,0.887634,detected
37,1.234568,near,1,604.000,572.000,2.898696,10.242433,567.585,388.947,654.808,590.413,0.911160,detected
37,1.234568,far,2,710.000,413.000,3.816144,1.387900,684.728,293.198,743.099,426.027,0.892630,detected
38,1.267935,near,1,604.000,568.000,2.891562,10.100489,567.998,388.779,654.687,589.194,0.904112,detected
38,1.267935,far,2,712.000,412.000,3.840075,1.302956,685.963,293.494,746.597,428.766,0.879836,detected
39,1.301301,near,1,604.000,568.000,2.891562,10.100489,568.414,388.632,654.505,587.663,0.911615,detected
39,1.301301,far,2,714.000,417.000,3.866273,1.719040,687.199,297.531,749.038,431.722,0.889942,detected
40,1.334668,near,1,605.000,567.000,2.899021,10.064430,569.174,387.074,655.130,585.883,0.915419,detected
40,1.334668,far,2,715.000,419.000,3.879008,1.883016,688.616,300.414,752.018,432.863,0.902174,detected
41,1.368035,near,1,606.000,565.000,2.904725,9.992271,570.230,384.702,655.777,582.890,0.912592,detected
41,1.368035,far,2,716.000,421.000,3.891639,2.045660,689.038,302.746,755.503,437.269,0.894855,detected
42,1.401401,near,1,608.000,562.000,2.918011,9.883035,571.458,383.180,656.510,580.517,0.909519,detected
42,1.401401,far,2,716.000,424.000,3.892543,2.287817,689.348,304.770,757.946,439.129,0.911094,detected
43,1.434768,near,1,609.000,566.000,2.934318,10.027375,572.272,382.903,657.467,581.559,0.910803,detected
43,1.434768,far,2,715.000,429.000,3.882240,2.685412,687.746,308.515,758.646,443.607,0.900901,detected
44,1.468135,near,1,610.000,568.000,2.947016,10.098722,572.912,382.886,658.289,582.958,0.917376,detected
44,1.468135,far,2,714.000,430.000,3.870796,2.764329,681.657,311.235,752.559,444.711,0.894551,detected
45,1.501502,near,1,614.000,566.000,2.980672,10.025900,575.598,382.737,660.440,581.042,0.908340,detected
45,1.501502,far,2,714.000,431.000,3.871134,2.842503,682.390,312.969,754.521,443.966,0.888310,detected
46,1.534868,near,1,615.000,568.000,2.993225,10.097248,578.947,385.020,663.795,581.486,0.919010,detected
46,1.534868,far,2,714.000,430.000,3.870796,2.764329,681.445,315.337,754.995,443.597,0.895073,detected
47,1.568235,near,1,617.000,573.000,3.019680,10.273828,580.395,389.021,665.760,585.496,0.925359,detected
47,1.568235,far,2,715.000,432.000,3.883185,2.919936,681.185,317.265,756.489,444.430,0.869925,detected
48,1.601602,near,1,616.000,576.000,3.015278,10.379110,579.370,394.826,664.382,588.939,0.925397,detected
48,1.601602,far,2,713.000,428.000,3.858308,2.607477,688.287,320.260,762.934,444.998,0.853267,detected
49,1.634968,near,1,615.000,576.000,3.006151,10.379403,579.238,400.503,663.084,589.677,0.926584,detected
49,1.634968,far,2,712.000,430.000,3.847274,2.765192,691.456,320.692,766.379,444.357,0.795178,detected
50,1.668335,near,1,614.000,576.000,2.997023,10.379697,579.976,406.300,662.697,589.466,0.926551,detected
50,1.668335,far,2,715.000,432.000,3.883185,2.919936,683.437,322.005,760.975,444.536,0.723344,detected
51,1.701702,near,1,614.000,576.000,2.997023,10.379697,581.336,412.328,663.399,589.836,0.923070,detected
51,1.701702,far,2,716.000,431.000,3.894608,2.841640,688.762,323.018,766.313,444.470,0.890893,detected
52,1.735068,near,1,614.000,577.000,2.998631,10.414477,584.136,416.877,666.718,589.812,0.927175,detected
52,1.735068,far,2,715.000,431.000,3.882871,2.842071,690.475,322.966,768.789,444.388,0.882263,detected
53,1.768435,near,1,613.000,578.000,2.991134,10.449443,587.108,419.924,671.387,589.861,0.925683,detected
53,1.768435,far,2,715.000,430.000,3.882556,2.763897,689.670,322.074,768.989,443.971,0.885875,detected
54,1.801802,near,1,613.000,577.000,2.989517,10.414770,588.172,421.778,674.406,589.305,0.928575,detected
54,1.801802,far,2,716.000,429.000,3.894024,2.684981,687.261,321.142,767.262,443.142,0.807014,detected
55,1.835169,near,1,614.000,579.000,3.001831,10.483718,588.466,424.057,677.516,590.558,0.922385,detected
55,1.835169,far,2,714.000,430.000,3.870796,2.764329,678.279,321.581,760.845,444.770,0.892299,detected
56,1.868535,near,1,614.000,580.000,3.003423,10.518180,585.746,423.877,678.914,590.868,0.921527,detected
56,1.868535,far,2,713.000,429.000,3.858672,2.686276,674.613,319.739,759.520,444.953,0.908701,detected
57,1.901902,near,1,615.000,578.000,3.009333,10.448858,583.739,420.512,681.287,590.010,0.909713,detected
57,1.901902,far,2,716.000,429.000,3.894024,2.684981,673.145,317.017,759.470,443.927,0.901958,detected
58,1.935269,near,1,617.000,575.000,3.022835,10.343929,581.801,415.238,684.391,589.162,0.902607,detected
58,1.935269,far,2,719.000,428.000,3.929150,2.604887,670.887,313.680,758.447,443.000,0.881230,detected
59,1.968635,near,1,621.000,574.000,3.057880,10.307759,579.569,409.955,686.934,588.949,0.911197,detected
59,1.968635,far,2,719.000,427.000,3.928926,2.525773,671.279,313.665,757.622,443.517,0.884476,detected
60,2.002002,near,1,624.000,571.000,3.080889,10.201233,577.883,405.466,688.759,587.792,0.923702,detected
60,2.002002,far,2,718.000,426.000,3.916847,2.446773,671.676,311.600,757.371,443.445,0.872788,detected
61,2.035369,near,1,626.000,568.000,3.094872,10.094007,579.818,401.746,692.189,586.013,0.913216,detected
61,2.035369,far,2,715.000,420.000,3.879337,1.964720,672.657,309.674,756.264,441.885,0.858263,detected
62,2.068735,near,1,627.000,560.000,3.092263,9.804401,581.682,400.618,693.487,583.288,0.915702,detected
62,2.068735,far,2,714.000,418.000,3.866630,1.801412,673.600,308.641,754.172,439.899,0.836480,detected
63,2.102102,near,1,629.000,555.000,3.103565,9.619242,585.781,400.549,695.519,578.710,0.919070,detected
63,2.102102,far,2,713.000,419.000,3.854961,1.883882,674.088,307.813,752.779,439.795,0.844608,detected
64,2.135469,near,1,633.000,555.000,3.141289,9.618052,590.620,401.335,699.131,576.139,0.920440,detected
64,2.135469,far,2,712.000,419.000,3.842937,1.884315,674.977,308.146,751.201,439.635,0.833718,detected
65,2.168836,near,1,638.000,555.000,3.188440,9.616567,594.655,401.870,702.729,574.394,0.907929,detected
65,2.168836,far,2,711.000,417.000,3.830055,1.720340,676.826,308.121,750.027,437.207,0.870478,detected
66,2.202202,near,1,644.000,556.000,3.246283,9.651935,594.400,402.569,702.245,574.199,0.892213,detected
66,2.202202,far,2,711.000,419.000,3.830913,1.884748,678.029,308.668,749.479,437.177,0.858581,detected
67,2.235569,near,1,653.000,555.000,3.329873,9.612108,600.634,401.960,711.151,574.229,0.914694,detected
67,2.235569,far,2,712.000,419.000,3.842937,1.884315,679.885,309.335,749.697,436.800,0.866313,detected
68,2.268936,near,1,663.000,554.000,3.423161,9.571862,605.245,400.508,719.419,573.840,0.913350,detected
68,2.268936,far,2,710.000,418.000,3.818436,1.803145,681.198,309.008,749.785,435.758,0.867151,detected
69,2.302302,near,1,673.000,548.000,3.512509,9.342711,610.956,398.607,729.198,572.920,0.913505,detected
69,2.302302,far,2,710.000,419.000,3.818889,1.885181,682.079,308.561,750.174,435.553,0.854577,detected
70,2.335669,near,1,681.000,543.000,3.585084,9.148467,616.847,398.067,737.882,571.299,0.918183,detected
70,2.335669,far,2,710.000,422.000,3.820237,2.129302,682.351,308.085,748.751,433.095,0.731620,detected
71,2.369036,near,1,688.000,547.000,3.654845,9.300108,624.669,398.302,748.626,570.019,0.917580,detected
71,2.369036,far,2,711.000,415.000,3.829189,1.554586,684.879,307.778,746.500,422.801,0.808223,detected
72,2.402402,near,1,695.000,547.000,3.721655,9.298017,633.823,399.310,760.377,568.550,0.923251,detected
72,2.402402,far,2,709.000,411.000,3.802990,1.219835,684.185,306.943,745.861,421.693,0.831518,detected
73,2.435769,near,1,701.000,546.000,3.778492,9.257974,642.832,403.093,769.494,565.554,0.912739,detected
73,2.435769,far,2,712.000,412.000,3.840075,1.302956,683.318,304.923,746.299,421.722,0.868913,detected
74,2.469136,near,1,706.000,548.000,3.826976,9.332860,648.525,407.068,776.195,564.008,0.912822,detected
74,2.469136,far,2,711.000,415.000,3.829189,1.554586,682.694,303.799,747.708,424.092,0.838431,detected
75,2.502503,near,1,707.000,545.000,3.835509,9.217805,653.958,412.603,781.241,562.396,0.906493,detected
75,2.502503,far,2,709.000,416.000,3.805427,1.638499,680.138,303.374,747.279,427.726,0.848194,detected
76,2.535869,near,1,711.000,546.000,3.874071,9.254985,658.471,417.703,785.703,561.403,0.896466,detected
76,2.535869,far,2,708.000,414.000,3.792310,1.472499,675.572,303.096,744.278,429.506,0.906287,detected
77,2.569236,near,1,713.000,546.000,3.893185,9.254387,661.411,421.509,789.656,561.597,0.906527,detected
77,2.569236,far,2,706.000,413.000,3.767451,1.389637,673.957,303.264,742.866,429.221,0.880435,detected
78,2.602603,near,1,722.000,548.000,3.979391,9.328086,668.161,423.919,792.423,555.661,0.870802,detected
78,2.602603,far,2,704.000,411.000,3.741871,1.222006,672.332,303.543,741.419,428.814,0.874062,detected
79,2.635969,near,1,723.000,548.000,3.988916,9.327787,668.637,423.485,797.116,557.920,0.896832,detected
79,2.635969,far,2,703.000,411.000,3.729646,1.222441,672.358,305.473,740.933,429.026,0.856168,detected
80,2.669336,near,1,728.000,541.000,4.036483,9.056753,673.211,421.156,800.145,553.912,0.880579,detected
80,2.669336,far,2,702.000,411.000,3.717422,1.222875,671.239,309.401,738.844,429.122,0.853231,detected
81,2.702703,near,1,729.000,540.000,4.046124,9.017446,673.111,417.545,801.679,553.275,0.889677,detected
81,2.702703,far,2,701.000,412.000,3.705890,1.307732,670.160,312.487,737.835,429.605,0.833350,detected
82,2.736069,near,1,730.000,533.000,4.055939,8.740480,672.144,411.897,803.015,552.468,0.878325,detected
82,2.736069,far,2,700.000,414.000,3.695117,1.475970,663.588,315.712,729.527,429.944,0.791944,detected
83,2.769436,near,1,730.000,537.000,4.055843,8.899352,672.109,406.773,803.368,551.754,0.883835,detected
83,2.769436,far,2,700.000,412.000,3.693690,1.308166,667.417,317.257,733.741,429.874,0.630669,detected
84,2.802803,near,1,729.000,538.000,4.046140,8.939045,668.548,401.043,800.185,550.709,0.885346,detected
84,2.802803,far,2,701.000,411.000,3.705197,1.223309,671.147,317.038,738.318,429.248,0.826531,detected
85,2.836170,near,1,729.000,538.000,4.046140,8.939045,666.569,395.722,797.850,549.479,0.893683,detected
85,2.836170,far,2,702.000,413.000,3.718755,1.391372,671.807,313.848,742.017,428.953,0.854643,detected
86,2.869536,near,1,728.000,538.000,4.036460,8.939345,661.118,390.933,795.408,552.752,0.904310,detected
86,2.869536,far,2,702.000,411.000,3.717422,1.222875,673.234,312.065,743.244,425.497,0.832738,detected
87,2.902903,near,1,724.000,538.000,3.997739,8.940547,656.490,386.963,792.454,555.750,0.904335,detected
87,2.902903,far,2,705.000,407.000,3.751702,0.880363,672.799,310.341,740.084,420.560,0.760983,detected
88,2.936270,near,1,721.000,537.000,3.968578,8.902058,652.722,383.921,787.276,555.010,0.904078,detected
88,2.936270,far,2,715.000,410.000,3.875985,1.132456,679.657,307.834,747.343,417.134,0.797822,detected
89,2.969636,near,1,719.000,541.000,3.949785,9.059452,646.590,381.425,782.981,558.631,0.913645,detected
89,2.969636,far,2,719.000,413.000,3.925690,1.383995,683.982,304.850,751.483,413.794,0.541954,detected
90,3.003003,near,1,718.000,545.000,3.940805,9.214515,642.204,380.261,778.678,560.713,0.918343,detected
90,3.003003,far,2,721.000,407.000,3.948890,0.873409,688.279,303.406,753.260,407.280,0.770915,detected
91,3.036370,near,1,718.000,547.000,3.941129,9.291148,639.330,381.466,773.962,561.978,0.927122,detected
91,3.036370,far,2,720.000,405.000,3.936130,0.701095,691.152,303.515,755.472,405.848,0.802879,detected
92,3.069736,near,1,716.000,548.000,3.922239,9.329876,637.187,382.297,770.164,562.786,0.919530,detected
92,3.069736,far,2,727.000,425.000,4.023489,2.363134,688.266,304.044,763.326,425.795,0.792557,detected
93,3.103103,near,1,716.000,551.000,3.922812,9.443536,636.716,384.814,767.241,563.903,0.913653,detected
93,3.103103,far,2,735.000,425.000,4.118489,2.359677,688.891,305.938,765.433,431.243,0.860927,detected
94,3.136470,near,1,709.000,548.000,3.855556,9.331964,637.303,385.575,765.909,564.072,0.913498,detected
94,3.136470,far,2,736.000,421.000,4.131083,2.037006,693.992,307.760,769.917,434.327,0.835724,detected
95,3.169837,near,1,706.000,548.000,3.826976,9.332860,637.423,384.496,765.030,564.233,0.914703,detected
95,3.169837,far,2,741.000,423.000,4.190328,2.196613,694.600,309.401,770.903,436.981,0.820445,detected
96,3.203203,near,1,706.000,548.000,3.826976,9.332860,637.959,381.992,764.923,564.364,0.916487,detected
96,3.203203,far,2,744.000,422.000,4.226463,2.114594,695.867,311.222,772.376,439.092,0.840038,detected
97,3.236570,near,1,705.000,544.000,3.815998,9.179903,640.200,378.272,765.838,563.362,0.922563,detected
97,3.236570,far,2,746.000,426.000,4.248675,2.434680,707.701,313.509,782.590,442.633,0.808169,detected
98,3.269937,near,1,706.000,538.000,3.823468,8.945956,643.857,374.762,765.619,559.134,0.907502,detected
98,3.269937,far,2,751.000,432.000,4.304747,2.904423,700.817,314.266,778.725,446.890,0.822171,detected
99,3.303303,near,1,706.000,539.000,3.823824,8.985215,644.999,371.346,765.660,559.558,0.910008,detected
99,3.303303,far,2,757.000,441.000,4.369142,3.589054,699.188,317.195,780.380,453.034,0.879500,detected
100,3.336670,near,1,709.000,537.000,3.852207,8.905666,648.301,369.876,765.179,557.898,0.906361,detected
100,3.336670,far,2,758.000,444.000,4.378674,3.812383,698.719,319.990,784.230,461.188,0.853128,detected
101,3.370037,near,1,712.000,538.000,3.881564,8.944153,652.081,369.261,764.749,555.744,0.915686,detected
101,3.370037,far,2,759.000,451.000,4.385450,4.324101,700.813,323.948,789.035,465.640,0.634644,detected
102,3.403403,near,1,715.000,538.000,3.910609,8.943252,655.354,369.221,764.719,555.216,0.915456,detected
102,3.403403,far,2,761.000,453.000,4.406618,4.467073,705.383,327.830,793.260,467.378,0.864051,detected
103,3.436770,near,1,718.000,538.000,3.939654,8.942350,659.031,372.762,763.343,553.968,0.920525,detected
103,3.436770,far,2,763.000,455.000,4.427624,4.608958,708.702,333.656,794.869,468.159,0.836656,detected
104,3.470137,near,1,722.000,537.000,3.978275,8.901757,661.625,376.509,761.502,552.355,0.921854,detected
104,3.470137,far,2,764.000,455.000,4.438818,4.608531,713.614,336.947,798.147,467.976,0.865575,detected
105,3.503504,near,1,725.000,538.000,4.007420,8.940247,662.592,380.939,759.778,552.520,0.923362,detected
105,3.503504,far,2,765.000,461.000,4.445423,5.029909,717.455,340.054,800.773,469.279,0.817433,detected
106,3.536870,near,1,725.000,532.000,4.007084,8.701942,663.308,386.024,757.804,551.331,0.926100,detected
106,3.536870,far,2,765.000,460.000,4.446181,4.960267,714.603,339.303,799.251,469.423,0.878692,detected
107,3.570237,near,1,724.000,529.000,3.997088,8.581311,662.800,389.462,755.802,549.589,0.930336,detected
107,3.570237,far,2,765.000,459.000,4.446941,4.890364,713.940,336.770,799.946,468.581,0.888791,detected
108,3.603604,near,1,721.000,524.000,3.966995,8.377967,662.207,392.188,751.261,541.344,0.924519,detected
108,3.603604,far,2,759.000,453.000,4.384142,4.467927,713.384,333.960,801.056,468.337,0.892966,detected
109,3.636970,near,1,719.000,529.000,3.947961,8.582823,661.235,395.554,750.405,542.023,0.928014,detected
109,3.636970,far,2,760.000,454.000,4.394709,4.539003,712.985,331.030,802.491,468.811,0.902456,detected
110,3.670337,near,1,719.000,529.000,3.947961,8.582823,660.553,396.567,750.783,542.945,0.915899,detected
110,3.670337,far,2,759.000,453.000,4.384142,4.467927,712.347,326.788,803.191,468.185,0.895184,detected
111,3.703704,near,1,721.000,528.000,3.967490,8.541639,661.083,396.652,751.927,543.201,0.909572,detected
111,3.703704,far,2,759.000,447.000,4.388096,4.033134,711.131,321.917,802.877,467.239,0.882343,detected
112,3.737070,near,1,722.000,528.000,3.977331,8.541337,662.590,396.717,753.371,542.495,0.918080,detected
112,3.737070,far,2,756.000,445.000,4.355200,3.887250,710.432,319.765,801.603,466.473,0.878760,detected
113,3.770437,near,1,722.000,529.000,3.977438,8.581916,663.794,397.492,754.904,543.278,0.913887,detected
113,3.770437,far,2,754.000,447.000,4.331257,4.035274,709.045,319.505,798.382,465.744,0.868663,detected
114,3.803804,near,1,720.000,531.000,3.958063,8.663274,662.789,396.649,755.025,544.293,0.911190,detected
114,3.803804,far,2,753.000,446.000,4.320425,3.962260,708.488,319.976,795.451,463.907,0.866713,detected
115,3.837171,near,1,717.000,530.000,3.928496,8.623871,660.752,393.202,755.060,545.620,0.913218,detected
115,3.837171,far,2,748.000,443.000,4.264762,3.742374,707.871,319.971,792.704,461.295,0.850728,detected
116,3.870537,near,1,712.000,531.000,3.879713,8.665689,661.383,390.679,756.701,547.683,0.910261,detected
116,3.870537,far,2,750.000,447.000,4.285782,4.036985,707.189,320.404,791.428,461.471,0.885095,detected
117,3.903904,near,1,708.000,532.000,3.840866,8.707071,660.790,387.916,757.220,550.517,0.909091,detected
117,3.903904,far,2,750.000,444.000,4.287200,3.815812,706.371,320.615,789.744,461.416,0.896723,detected
118,3.937271,near,1,705.000,538.000,3.813785,8.946257,660.929,384.823,757.996,552.983,0.915677,detected
118,3.937271,far,2,753.000,443.000,4.322047,3.740230,705.272,320.593,788.090,461.548,0.897317,detected
119,3.970637,near,1,705.000,539.000,3.814157,8.985516,661.040,381.903,758.014,554.640,0.912652,detected
119,3.970637,far,2,749.000,443.000,4.276219,3.741945,703.405,319.433,786.158,461.279,0.874428,detected
120,4.004004,near,1,706.000,541.000,3.824533,9.063351,660.737,380.175,756.415,556.098,0.901463,detected
120,4.004004,far,2,747.000,443.000,4.253304,3.742803,702.109,318.231,784.743,461.549,0.864399,detected
121,4.037371,near,1,707.000,542.000,3.834505,9.101928,660.383,378.594,754.757,558.018,0.891635,detected
121,4.037371,far,2,747.000,439.000,4.254960,3.442721,700.961,315.393,783.296,460.040,0.873505,detected
122,4.070737,near,1,706.000,544.000,3.825586,9.179604,660.831,378.745,754.117,561.508,0.886248,detected
122,4.070737,far,2,746.000,437.000,4.244205,3.291346,699.937,312.204,781.800,457.966,0.867276,detected
123,4.104104,near,1,704.000,549.000,3.808296,9.371463,662.255,380.362,753.972,563.774,0.898793,detected
123,4.104104,far,2,745.000,437.000,4.232612,3.291776,701.676,309.305,782.141,455.365,0.849613,detected
124,4.137471,near,1,701.000,554.000,3.781845,9.560565,662.093,384.841,752.272,568.809,0.892150,detected
124,4.137471,far,2,747.000,440.000,4.254543,3.518181,702.432,307.169,781.943,453.808,0.844780,detected
125,4.170838,near,1,699.000,555.000,3.763415,9.598441,663.369,389.674,752.292,573.540,0.906333,detected
125,4.170838,far,2,738.000,434.000,4.152108,3.064839,701.607,304.392,779.992,450.926,0.862097,detected
126,4.204204,near,1,699.000,557.000,3.764297,9.672649,664.122,393.839,752.748,578.987,0.894730,detected
126,4.204204,far,2,738.000,436.000,4.151673,3.218438,701.827,302.838,779.514,450.680,0.836728,detected
127,4.237571,near,1,697.000,561.000,3.747379,9.820251,666.960,396.240,754.801,580.111,0.912468,detected
127,4.237571,far,2,732.000,425.000,4.082865,2.360974,702.992,301.871,776.835,443.823,0.824317,detected
128,4.270938,near,1,696.000,567.000,3.740889,10.037616,669.373,397.218,758.109,582.844,0.914628,detected
128,4.270938,far,2,730.000,429.000,4.058973,2.678940,703.859,301.396,775.028,439.424,0.796564,detected
129,4.304304,near,1,697.000,571.000,3.751943,10.179787,672.013,398.829,762.625,587.832,0.911386,detected
129,4.304304,far,2,726.000,424.000,4.011553,2.283494,704.692,301.669,772.879,434.437,0.831554,detected
130,4.337671,near,1,697.000,577.000,3.754614,10.390198,673.651,400.080,765.741,591.309,0.919490,detected
130,4.337671,far,2,724.000,424.000,3.987752,2.284358,705.013,301.552,770.872,430.248,0.812363,detected
131,4.371038,near,1,695.000,580.000,3.737808,10.494536,674.703,402.009,767.712,594.074,0.910286,detected
131,4.371038,far,2,725.000,428.000,3.999985,2.602297,704.447,302.576,769.058,428.474,0.841322,detected
132,4.404404,near,1,695.000,580.000,3.737808,10.494536,675.823,402.240,769.674,595.458,0.905351,detected
132,4.404404,far,2,723.000,423.000,3.975720,2.204396,703.689,303.143,766.829,425.100,0.837531,detected
133,4.437771,near,1,700.000,581.000,3.783509,10.527452,677.200,402.424,771.080,596.512,0.904173,detected
133,4.437771,far,2,719.000,423.000,3.928020,2.206126,699.468,304.021,765.131,429.199,0.870120,detected
134,4.471138,near,1,703.000,580.000,3.810296,10.492203,679.939,401.428,774.186,598.099,0.903894,detected
134,4.471138,far,2,717.000,420.000,3.903334,1.963854,696.832,304.943,763.292,429.729,0.869636,detected
135,4.504505,near,1,707.000,580.000,3.846537,10.491036,684.146,401.723,780.066,603.315,0.894700,detected
135,4.504505,far,2,716.000,417.000,3.890418,1.718174,693.672,305.452,759.849,427.608,0.858196,detected
136,4.537871,near,1,712.000,582.000,3.892292,10.558227,686.631,402.598,784.741,610.486,0.894918,detected
136,4.537871,far,2,717.000,417.000,3.902490,1.717740,692.124,306.078,758.170,425.405,0.869964,detected
137,4.571238,near,1,717.000,586.000,3.938079,10.692822,690.944,404.290,790.265,616.431,0.901470,detected
137,4.571238,far,2,716.000,417.000,3.890418,1.718174,691.062,306.135,757.591,424.842,0.885507,detected
138,4.604605,near,1,723.000,596.000,3.992673,11.024106,696.601,410.906,794.553,620.987,0.911817,detected
138,4.604605,far,2,717.000,418.000,3.902773,1.800112,689.515,306.626,757.042,425.996,0.884854,detected
139,4.637971,near,1,731.000,598.000,4.063335,11.087218,700.389,415.295,797.901,624.194,0.910945,detected
139,4.637971,far,2,716.000,417.000,3.890418,1.718174,687.291,306.588,754.745,425.161,0.877626,detected
140,4.671338,near,1,738.000,602.000,4.124535,11.214882,703.425,418.496,801.286,625.847,0.897986,detected
140,4.671338,far,2,717.000,421.000,3.903614,2.045228,682.317,306.496,754.491,434.303,0.888649,detected
141,4.704705,near,1,744.000,605.000,4.176499,11.309420,704.169,425.133,800.197,625.871,0.902684,detected
141,4.704705,far,2,717.000,420.000,3.903334,1.963854,679.989,305.400,753.840,437.030,0.880263,detected
142,4.738071,near,1,751.000,609.000,4.236398,11.434451,707.436,436.514,800.629,625.594,0.909819,detected
142,4.738071,far,2,716.000,422.000,3.891942,2.126705,678.201,304.888,752.711,438.600,0.885676,detected
143,4.771438,near,1,751.000,615.000,4.234697,11.622233,709.647,444.012,804.473,629.080,0.915282,detected
143,4.771438,far,2,716.000,422.000,3.891942,2.126705,677.009,303.716,752.232,439.459,0.887214,detected
144,4.804805,near,1,756.000,619.000,4.276301,11.744198,711.437,448.559,810.205,634.437,0.929823,detected
144,4.804805,far,2,716.000,420.000,3.891336,1.964287,675.629,302.147,750.626,438.419,0.894322,detected
145,4.838172,near,1,757.000,624.000,4.283098,11.896155,710.672,452.299,813.279,640.749,0.926981,detected
145,4.838172,far,2,716.000,418.000,3.890725,1.800545,674.409,300.479,749.439,437.385,0.885968,detected
146,4.871538,near,1,759.000,633.000,4.296766,12.164197,716.536,458.296,826.405,653.189,0.923473,detected
146,4.871538,far,2,716.000,417.000,3.890418,1.718174,672.801,297.693,748.195,435.112,0.895036,detected
147,4.904905,near,1,766.000,640.000,4.352302,12.366475,725.530,466.258,841.013,662.102,0.920218,detected
147,4.904905,far,2,716.000,416.000,3.890110,1.635465,671.752,296.629,747.238,433.818,0.892046,detected
148,4.938272,near,1,771.000,644.000,4.391792,12.480004,729.346,474.181,845.678,664.885,0.923008,detected
148,4.938272,far,2,714.000,414.000,3.865196,1.469896,670.686,296.642,745.523,431.997,0.902013,detected
149,4.971638,near,1,774.000,644.000,4.416526,12.479171,727.855,479.427,843.445,665.847,0.929464,detected
149,4.971638,far,2,711.000,412.000,3.827878,1.303390,669.170,297.183,743.289,430.074,0.893177,detected
150,5.005005,near,1,775.000,645.000,4.424237,12.507424,724.539,481.374,838.807,665.708,0.932652,detected
150,5.005005,far,2,709.000,410.000,3.802497,1.135062,666.715,298.200,740.616,428.397,0.887196,detected
151,5.038372,near,1,776.000,645.000,4.432469,12.507147,723.065,481.029,836.465,665.576,0.918846,detected
151,5.038372,far,2,704.000,411.000,3.741871,1.222006,664.507,300.365,738.543,427.323,0.902141,detected
152,5.071738,near,1,777.000,644.000,4.441259,12.478337,724.027,478.041,837.593,665.409,0.913510,detected
152,5.071738,far,2,699.000,411.000,3.680746,1.224178,662.531,301.271,737.518,427.066,0.909792,detected
153,5.105105,near,1,778.000,643.000,4.450073,12.449448,723.694,473.591,838.231,665.307,0.912997,detected
153,5.105105,far,2,695.000,412.000,3.632686,1.310336,659.797,302.875,735.445,426.835,0.908834,detected
154,5.138472,near,1,777.000,643.000,4.441817,12.449726,723.165,467.735,839.302,665.403,0.916917,detected
154,5.138472,far,2,695.000,411.000,3.631842,1.225915,657.092,302.103,734.500,426.938,0.904274,detected
155,5.171839,near,1,775.000,641.000,4.426381,12.392819,721.566,460.891,839.448,665.150,0.915483,detected
155,5.171839,far,2,695.000,410.000,3.630995,1.141144,654.658,301.100,733.543,426.957,0.919069,detected
156,5.205205,near,1,773.000,641.000,4.409823,12.393376,720.552,454.867,839.401,664.403,0.909399,detected
156,5.205205,far,2,693.000,409.000,3.605588,1.056890,651.721,298.394,732.563,426.421,0.918968,detected
157,5.238572,near,1,769.000,639.000,4.377647,12.336707,718.431,448.815,838.009,663.541,0.914722,detected
157,5.238572,far,2,690.000,408.000,3.567772,0.972717,646.231,295.753,728.310,425.145,0.909000,detected
158,5.271939,near,1,763.000,641.000,4.327026,12.396161,714.750,445.674,833.036,662.279,0.914305,detected
158,5.271939,far,2,687.000,407.000,3.529796,0.888189,641.759,292.872,724.023,422.610,0.913426,detected
159,5.305305,near,1,756.000,641.000,4.269063,12.398110,712.038,442.246,829.681,661.143,0.916544,detected
159,5.305305,far,2,683.000,406.000,3.479303,0.803739,638.037,289.319,720.375,419.878,0.911931,detected
160,5.338672,near,1,750.000,641.000,4.219375,12.399781,710.764,441.041,827.742,660.645,0.922473,detected
160,5.338672,far,2,678.000,407.000,3.418815,0.892104,636.636,287.402,718.975,418.026,0.902142,detected
161,5.372039,near,1,744.000,642.000,4.169505,12.430218,708.914,441.420,825.502,661.359,0.924653,detected
161,5.372039,far,2,670.000,403.000,3.314089,0.548655,627.496,287.000,707.503,417.415,0.807956,detected
162,5.405405,near,1,740.000,646.000,4.135892,12.545588,707.636,443.299,824.426,662.829,0.927675,detected
162,5.405405,far,2,662.000,402.000,3.212838,0.464495,627.182,287.000,706.583,417.517,0.676499,detected
163,5.438772,near,1,737.000,648.000,4.111023,12.603072,706.202,447.165,822.250,663.130,0.933970,detected
163,5.438772,far,2,652.000,398.000,3.080070,0.114555,625.868,287.000,703.651,416.259,0.847880,detected
164,5.472139,near,1,736.000,645.000,4.103077,12.518254,703.751,450.476,819.263,662.625,0.931423,detected
164,5.472139,far,2,646.000,396.000,3.000199,0.000000,623.955,287.000,699.615,414.436,0.797052,detected
165,5.505506,near,1,734.000,647.000,4.086478,12.575618,701.803,454.519,816.749,662.815,0.929646,detected
165,5.505506,far,2,639.000,396.000,2.911788,0.000000,621.306,287.000,694.837,412.110,0.604745,detected
166,5.538872,near,1,733.000,649.000,4.078161,12.632388,697.939,456.295,813.930,663.908,0.922197,detected
166,5.538872,far,2,633.000,392.000,2.825624,0.000000,616.614,287.000,688.301,409.505,0.361826,detected
167,5.572239,near,1,731.000,649.000,4.061778,12.632942,691.310,454.150,808.651,664.404,0.902084,detected
167,5.572239,far,2,631.000,392.000,2.800141,0.000000,612.155,287.000,683.468,408.363,0.531629,detected
168,5.605606,near,1,731.000,645.000,4.061892,12.519643,684.890,451.178,802.315,663.852,0.928795,detected
168,5.605606,far,2,627.000,385.000,2.729411,0.000000,607.218,287.000,677.978,406.004,0.805493,detected
169,5.638972,near,1,728.000,634.000,4.037116,12.202301,682.205,446.779,798.728,659.434,0.915296,detected
169,5.638972,far,2,626.000,390.000,2.730789,0.000000,602.582,287.000,673.321,404.611,0.722462,detected
170,5.672339,near,1,724.000,633.000,4.003598,12.174006,674.373,441.619,790.580,655.574,0.907316,detected
170,5.672339,far,11,624.000,384.000,2.687639,0.000000,604.161,287.000,647.221,400.578,0.754740,detected
171,5.705706,near,1,719.000,629.000,3.961253,12.056911,666.340,436.937,780.729,650.240,0.916504,detected
171,5.705706,far,2,621.000,386.000,2.654809,0.000000,598.561,287.000,666.953,399.459,0.773698,detected
172,5.739072,near,1,713.000,627.000,3.910321,11.998845,658.811,431.714,772.308,646.358,0.911894,detected
172,5.739072,far,2,616.000,387.000,2.593408,0.000000,597.003,287.000,665.254,398.409,0.846605,detected
173,5.772439,near,1,705.000,622.000,3.841280,11.850219,653.011,426.130,766.069,642.525,0.910214,detected
173,5.772439,far,2,611.000,382.000,2.512352,0.000000,595.039,287.210,663.120,398.296,0.841070,detected
174,5.805806,near,1,699.000,620.000,3.789478,11.790956,646.453,420.945,759.021,639.283,0.911309,detected
174,5.805806,far,2,611.000,385.000,2.522375,0.000000,593.643,287.000,661.399,397.761,0.847347,detected
175,5.839173,near,1,691.000,616.000,3.719312,11.670250,642.071,417.972,752.457,635.138,0.919231,detected
175,5.839173,far,11,604.000,383.000,2.424711,0.000000,596.177,287.022,638.378,397.709,0.526172,detected
176,5.872539,near,1,681.000,611.000,3.630441,11.517364,638.179,415.773,745.403,629.733,0.913604,detected
176,5.872539,far,11,603.000,380.000,2.400909,0.000000,594.667,287.000,637.120,397.543,0.535588,detected
177,5.905906,near,1,672.000,607.000,3.549691,11.393706,635.335,414.991,738.550,623.725,0.921582,detected
177,5.905906,far,11,604.000,379.000,2.410392,0.000000,590.085,287.000,632.834,397.254,0.460383,detected
178,5.939273,near,1,663.000,606.000,3.470508,11.364495,630.412,415.772,731.310,622.121,0.919998,detected
178,5.939273,far,11,601.000,375.000,2.356118,0.000000,590.447,287.000,633.309,395.161,0.687728,detected
179,5.972639,near,1,655.000,605.000,3.399815,11.334908,622.941,417.906,721.913,620.608,0.916842,detected
179,5.972639,far,,597.000,375.000,2.303180,0.000000,,,,,0.000000,tracked
180,6.006006,near,1,646.000,608.000,3.324397,11.432835,612.779,421.117,711.228,620.977,0.919225,detected
180,6.006006,far,,593.000,375.000,2.250239,0.000000,,,,,0.000000,tracked
181,6.039373,near,1,642.000,610.000,3.291820,11.497076,601.473,423.129,700.294,620.721,0.926758,detected
181,6.039373,far,,593.000,374.000,2.246228,0.000000,,,,,0.000000,tracked
182,6.072739,near,1,634.000,607.000,3.218848,11.404579,590.272,424.231,690.451,620.755,0.919963,detected
182,6.072739,far,,593.000,373.000,2.242199,0.000000,,,,,0.000000,tracked
183,6.106106,near,1,630.000,604.000,3.180212,11.310104,580.300,424.893,681.893,620.455,0.917164,detected
183,6.106106,far,,592.000,373.000,2.228904,0.000000,,,,,0.000000,tracked
184,6.139473,near,1,624.000,599.000,3.120924,11.150569,571.421,424.666,675.286,619.758,0.922417,detected
184,6.139473,far,,591.000,372.000,2.211501,0.000000,,,,,0.000000,tracked
185,6.172840,near,1,621.000,599.000,3.094483,11.151432,565.164,425.517,670.852,618.140,0.928562,detected
185,6.172840,far,,591.000,372.000,2.211501,0.000000,,,,,0.000000,tracked
186,6.206206,near,1,617.000,597.000,3.056294,11.087410,560.420,427.283,667.319,615.934,0.924744,detected
186,6.206206,far,,591.000,372.000,2.211501,0.000000,,,,,0.000000,tracked
187,6.239573,near,1,612.000,593.000,3.005904,10.957334,556.720,429.386,663.913,612.710,0.919125,detected
187,6.239573,far,,591.000,372.000,2.211501,0.000000,,,,,0.000000,tracked
188,6.272940,near,1,607.000,592.000,2.959806,10.925653,553.221,431.578,660.057,609.443,0.915823,detected
188,6.272940,far,,591.000,372.000,2.211501,0.000000,,,,,0.000000,tracked
189,6.306306,near,1,606.000,591.000,2.949255,10.892717,549.143,433.978,655.894,608.557,0.933284,detected
189,6.306306,far,,,,,,,,,,0.000000,missing
190,6.339673,near,1,603.000,592.000,2.924171,10.926812,543.708,435.652,649.992,607.628,0.937807,detected
190,6.339673,far,,,,,,,,,,0.000000,missing
191,6.373040,near,1,599.000,590.000,2.885056,10.861422,537.891,436.250,643.934,606.330,0.923590,detected
191,6.373040,far,,,,,,,,,,0.000000,missing
192,6.406406,near,1,596.000,590.000,2.858246,10.862291,533.641,436.277,640.435,605.876,0.915140,detected
192,6.406406,far,,,,,,,,,,0.000000,missing
193,6.439773,near,1,595.000,590.000,2.849310,10.862581,530.881,434.650,639.913,606.192,0.921368,detected
193,6.439773,far,,,,,,,,,,0.000000,missing
194,6.473140,near,1,595.000,590.000,2.849310,10.862581,529.514,432.567,640.712,606.172,0.920149,detected
194,6.473140,far,,,,,,,,,,0.000000,missing
195,6.506507,near,1,596.000,590.000,2.858246,10.862291,528.228,429.572,641.921,606.040,0.912937,detected
195,6.506507,far,,,,,,,,,,0.000000,missing
196,6.539873,near,1,597.000,590.000,2.867183,10.862001,526.854,426.214,643.203,606.204,0.916124,detected
196,6.539873,far,,,,,,,,,,0.000000,missing
197,6.573240,near,1,596.000,588.000,2.854664,10.795341,526.662,424.265,644.371,605.690,0.921086,detected
197,6.573240,far,,,,,,,,,,0.000000,missing
198,6.606607,near,1,594.000,585.000,2.831241,10.694735,526.953,423.225,645.767,605.812,0.922195,detected
198,6.606607,far,,,,,,,,,,0.000000,missing
199,6.639973,near,1,594.000,586.000,2.833079,10.728566,529.632,423.163,649.325,606.295,0.933215,detected
199,6.639973,far,,,,,,,,,,0.000000,missing
200,6.673340,near,1,594.000,583.000,2.827549,10.626761,531.177,423.140,651.801,605.305,0.923562,detected
200,6.673340,far,,,,,,,,,,0.000000,missing
201,6.706707,near,1,593.000,584.000,2.820379,10.661091,530.063,423.922,652.630,604.230,0.920544,detected
201,6.706707,far,,,,,,,,,,0.000000,missing
202,6.740073,near,1,591.000,587.000,2.807977,10.763167,527.360,428.454,652.027,605.457,0.927463,detected
202,6.740073,far,,,,,,,,,,0.000000,missing
203,6.773440,near,1,591.000,594.000,2.820929,10.996432,524.227,433.664,651.740,608.265,0.928062,detected
203,6.773440,far,,,,,,,,,,0.000000,missing
204,6.806807,near,1,590.000,594.000,2.812046,10.996721,522.155,437.367,651.925,608.823,0.920523,detected
204,6.806807,far,,,,,,,,,,0.000000,missing
205,6.840174,near,1,589.000,592.000,2.799436,10.930865,521.265,441.873,651.989,608.213,0.919747,detected
205,6.840174,far,,,,,,,,,,0.000000,missing
206,6.873540,near,1,586.000,593.000,2.774610,10.964856,519.821,444.231,653.148,608.314,0.921231,detected
206,6.873540,far,,,,,,,,,,0.000000,missing
207,6.906907,near,1,587.000,594.000,2.785394,10.997589,518.698,446.113,654.952,608.871,0.918235,detected
207,6.906907,far,,,,,,,,,,0.000000,missing
208,6.940274,near,1,592.000,593.000,2.827993,10.963120,518.537,445.349,658.833,608.704,0.926811,detected
208,6.940274,far,,,,,,,,,,0.000000,missing
209,6.973640,near,1,594.000,590.000,2.840373,10.862871,522.579,443.226,669.521,608.991,0.912080,detected
209,6.973640,far,,,,,,,,,,0.000000,missing
210,7.007007,near,1,598.000,591.000,2.877875,10.895036,527.551,441.274,680.046,608.176,0.921231,detected
210,7.007007,far,,,,,,,,,,0.000000,missing
211,7.040374,near,1,602.000,588.000,2.908444,10.793599,532.881,439.965,688.281,605.939,0.928871,detected
211,7.040374,far,,,,,,,,,,0.000000,missing
212,7.073740,near,1,605.000,588.000,2.935333,10.792727,539.166,439.705,697.518,605.364,0.904270,detected
212,7.073740,far,15,580.000,372.000,2.064900,0.000000,514.277,288.041,646.730,384.933,0.836425,detected
213,7.107107,near,1,608.000,591.000,2.967098,10.892138,545.034,439.629,706.815,606.385,0.919635,detected
213,7.107107,far,,581.000,372.000,2.078229,0.000000,,,,,0.000000,tracked
214,7.140474,near,1,611.000,591.000,2.993863,10.891269,542.733,437.814,707.167,607.522,0.925511,detected
214,7.140474,far,15,584.000,372.000,2.118213,0.000000,517.783,287.876,643.419,385.913,0.776882,detected
215,7.173841,near,1,613.000,590.000,3.010151,10.857363,537.771,432.957,703.991,607.113,0.925463,detected
215,7.173841,far,,584.000,372.000,2.118213,0.000000,,,,,0.000000,tracked
216,7.207207,near,1,617.000,589.000,3.044384,10.822774,538.630,427.563,705.339,606.071,0.928173,detected
216,7.207207,far,,584.000,372.000,2.118213,0.000000,,,,,0.000000,tracked
217,7.240574,near,1,622.000,588.000,3.087680,10.787792,542.945,425.067,707.253,606.121,0.924242,detected
217,7.240574,far,15,581.000,374.000,2.087022,0.000000,523.154,287.615,639.349,386.092,0.849579,detected
218,7.273941,near,1,626.000,587.000,3.122130,10.752997,547.334,421.878,709.491,606.431,0.911046,detected
218,7.273941,far,15,585.000,377.000,2.152783,0.000000,530.614,287.558,646.352,388.180,0.816065,detected
219,7.307307,near,1,631.000,586.000,3.165669,10.717808,551.693,417.984,710.548,604.992,0.913240,detected
219,7.307307,far,,592.000,376.000,2.241025,0.000000,,,,,0.000000,tracked
220,7.340674,near,1,636.000,580.000,3.202966,10.511755,554.922,414.423,710.658,603.807,0.907108,detected
220,7.340674,far,,595.000,374.000,2.272758,0.000000,,,,,0.000000,tracked
221,7.374041,near,1,641.000,581.000,3.249521,10.544658,559.508,412.480,710.956,602.576,0.899437,detected
221,7.374041,far,,600.000,373.000,2.335260,0.000000,,,,,0.000000,tracked
222,7.407407,near,1,646.000,583.000,3.297067,10.611609,564.291,411.880,711.736,602.007,0.895989,detected
222,7.407407,far,15,606.000,373.000,2.415017,0.000000,556.561,288.147,661.706,391.769,0.732500,detected
223,7.440774,near,1,649.000,584.000,3.325237,10.644786,571.940,412.363,716.085,601.832,0.907284,detected
223,7.440774,far,15,618.000,376.000,2.584310,0.000000,565.529,287.626,670.870,396.246,0.801292,detected
224,7.474141,near,1,651.000,584.000,3.343261,10.644204,578.854,414.936,718.931,601.919,0.923195,detected
224,7.474141,far,15,627.000,384.000,2.726538,0.000000,573.485,287.405,678.505,400.786,0.845313,detected
225,7.507508,near,1,652.000,581.000,3.349111,10.541449,583.308,417.309,719.246,600.995,0.920275,detected
225,7.507508,far,15,636.000,387.000,2.851041,0.000000,582.193,287.303,685.703,402.160,0.859454,detected
226,7.540874,near,1,652.000,578.000,3.345920,10.438040,585.897,419.880,717.627,599.658,0.922107,detected
226,7.540874,far,15,641.000,388.000,2.917877,0.000000,589.754,287.276,692.357,402.575,0.901792,detected
227,7.574241,near,1,652.000,579.000,3.346987,10.472615,588.329,422.326,716.095,598.071,0.924896,detected
227,7.574241,far,15,644.000,386.000,2.951696,0.000000,594.227,287.219,695.974,402.440,0.885766,detected
228,7.607608,near,1,653.000,581.000,3.358163,10.541157,589.913,424.578,715.190,598.065,0.923216,detected
228,7.607608,far,15,644.000,388.000,2.956426,0.000000,596.709,287.184,698.358,403.231,0.898268,detected
229,7.640974,near,1,654.000,582.000,3.368246,10.575125,590.872,424.866,715.452,598.800,0.919645,detected
229,7.640974,far,15,646.000,385.000,2.975183,0.000000,599.387,287.161,699.663,402.949,0.847549,detected
230,7.674341,near,1,654.000,583.000,3.369272,10.609280,591.387,424.694,715.229,598.883,0.917148,detected
230,7.674341,far,15,650.000,383.000,3.022462,0.000000,604.035,287.141,699.994,399.366,0.837212,detected
231,7.707708,near,1,654.000,582.000,3.368246,10.575125,591.274,423.154,714.945,598.367,0.917512,detected
231,7.707708,far,15,655.000,380.000,3.081083,0.000000,608.963,287.122,702.319,398.424,0.775211,detected
232,7.741074,near,1,653.000,582.000,3.359207,10.575417,591.021,421.390,714.835,598.069,0.918922,detected
232,7.741074,far,15,657.000,379.000,3.105163,0.000000,613.886,287.107,703.819,396.765,0.823799,detected
233,7.774441,near,1,654.000,581.000,3.367216,10.540865,590.668,419.496,714.556,597.395,0.917458,detected
233,7.774441,far,,656.000,379.000,3.092060,0.000000,,,,,0.000000,tracked
234,7.807808,near,1,653.000,579.000,3.356067,10.472322,590.017,417.878,714.497,597.832,0.916896,detected
234,7.807808,far,,655.000,379.000,3.078958,0.000000,,,,,0.000000,tracked
235,7.841175,near,1,654.000,577.000,3.363067,10.402773,590.680,416.716,714.657,596.963,0.914843,detected
235,7.841175,far,,655.000,379.000,3.078958,0.000000,,,,,0.000000,tracked
236,7.874541,near,1,654.000,574.000,3.359921,10.298082,590.147,415.898,714.047,596.267,0.925722,detected
236,7.874541,far,,654.000,378.000,3.063692,0.000000,,,,,0.000000,tracked
237,7.907908,near,1,652.000,573.000,3.340536,10.263556,588.965,415.947,713.277,595.681,0.926211,detected
237,7.907908,far,,654.000,377.000,3.061518,0.000000,,,,,0.000000,tracked
238,7.941275,near,1,651.000,574.000,3.332469,10.298962,587.794,416.912,713.183,595.033,0.922575,detected
238,7.941275,far,,654.000,377.000,3.061518,0.000000,,,,,0.000000,tracked
239,7.974641,near,1,649.000,576.000,3.316408,10.369448,585.911,419.487,713.236,596.445,0.921514,detected
239,7.974641,far,,654.000,377.000,3.061518,0.000000,,,,,0.000000,tracked
240,8.008008,near,1,649.000,583.000,3.324145,10.610736,583.571,423.090,713.132,598.797,0.925653,detected
240,8.008008,far,,654.000,378.000,3.063692,0.000000,,,,,0.000000,tracked
241,8.041375,near,1,644.000,582.000,3.277851,10.578039,582.382,427.086,713.025,599.709,0.924987,detected
241,8.041375,far,,654.000,376.000,3.059335,0.000000,,,,,0.000000,tracked
242,8.074741,near,1,642.000,583.000,3.260962,10.612775,579.927,430.990,711.067,599.904,0.930125,detected
242,8.074741,far,,653.000,375.000,3.043923,0.000000,,,,,0.000000,tracked
243,8.108108,near,1,643.000,584.000,3.271163,10.646532,580.981,434.319,713.152,600.192,0.925940,detected
243,8.108108,far,15,716.000,376.000,3.876644,0.000000,678.688,287.023,760.076,390.480,0.899737,detected
244,8.141475,near,1,645.000,587.000,3.292608,10.747478,581.874,435.802,717.312,601.369,0.934077,detected
244,8.141475,far,15,720.000,382.000,3.930815,0.000000,680.406,287.021,765.984,395.452,0.915213,detected
245,8.174842,near,1,648.000,589.000,3.321703,10.813783,583.318,435.720,722.551,602.120,0.928520,detected
245,8.174842,far,15,728.000,390.000,4.034916,0.000000,682.046,287.019,773.207,402.584,0.859243,detected
246,8.208208,near,1,651.000,585.000,3.344321,10.678151,587.630,432.847,730.279,600.608,0.934327,detected
246,8.208208,far,15,731.000,389.000,4.073304,0.000000,685.034,287.018,777.627,404.251,0.899485,detected
247,8.241575,near,1,657.000,586.000,3.399283,10.710251,589.824,429.755,736.436,600.861,0.931975,detected
247,8.241575,far,15,733.000,395.000,4.098165,0.000000,686.740,287.016,780.406,405.991,0.898667,detected
248,8.274942,near,1,664.000,585.000,3.461285,10.674370,596.205,425.989,744.926,600.512,0.939276,detected
248,8.274942,far,15,735.000,395.000,4.123435,0.000000,687.808,287.014,781.741,406.931,0.903743,detected
249,8.308308,near,1,674.000,588.000,3.553467,10.772701,604.681,421.716,754.651,601.619,0.927544,detected
249,8.308308,far,15,737.000,397.000,4.148248,0.000000,689.334,289.988,781.578,408.084,0.902328,detected
250,8.341675,near,1,683.000,580.000,3.629061,10.498037,617.140,416.166,763.018,597.149,0.907872,detected
250,8.341675,far,15,737.000,395.000,4.148705,0.000000,690.175,293.034,779.988,407.740,0.899337,detected
251,8.375042,near,1,693.000,578.000,3.718697,10.426058,624.523,411.238,769.252,598.250,0.910485,detected
251,8.375042,far,15,735.000,394.000,4.123611,0.000000,690.927,295.000,779.267,407.518,0.895972,detected
252,8.408408,near,1,703.000,566.000,3.805236,9.999658,634.476,407.590,769.178,588.948,0.901433,detected
252,8.408408,far,15,734.000,393.000,4.111098,0.000000,691.167,295.983,778.947,407.501,0.881484,detected
253,8.441775,near,1,710.000,578.000,3.873202,10.421091,637.396,405.833,770.983,593.314,0.916269,detected
253,8.441775,far,15,735.000,395.000,4.123435,0.000000,691.266,296.195,779.127,407.829,0.878905,detected
254,8.475142,near,1,716.000,579.000,3.927899,10.453928,640.965,405.018,771.515,595.504,0.897362,detected
254,8.475142,far,15,734.000,396.000,4.110652,0.000000,690.594,294.859,779.146,407.536,0.850208,detected
255,8.508509,near,1,721.000,582.000,3.973573,10.555606,642.151,406.962,768.863,597.929,0.884378,detected
255,8.508509,far,15,734.000,396.000,4.110652,0.000000,689.259,293.072,779.507,408.224,0.904905,detected
256,8.541875,near,1,726.000,585.000,4.018827,10.656349,642.429,408.079,766.833,599.014,0.903725,detected
256,8.541875,far,15,733.000,396.000,4.098043,0.000000,687.742,290.770,779.615,408.617,0.877657,detected
257,8.575242,near,1,727.000,577.000,4.027650,10.381429,643.286,406.117,766.108,597.969,0.909853,detected
257,8.575242,far,15,731.000,392.000,4.073097,0.000000,686.836,288.688,778.793,407.465,0.882748,detected
258,8.608609,near,1,729.000,572.000,4.045884,10.205740,647.100,404.760,767.864,596.564,0.900977,detected
258,8.608609,far,15,729.000,392.000,4.047662,0.000000,684.390,287.489,776.278,407.552,0.882747,detected
259,8.641975,near,1,731.000,565.000,4.064475,9.955394,651.525,403.404,770.178,594.386,0.912902,detected
259,8.641975,far,15,726.000,391.000,4.009439,0.000000,681.110,287.041,771.839,407.486,0.873315,detected
260,8.675342,near,1,733.000,564.000,4.083080,9.918676,653.901,402.226,771.827,593.686,0.911007,detected
260,8.675342,far,15,722.000,394.000,3.958984,0.000000,675.525,287.000,765.470,408.280,0.881601,detected
261,8.708709,near,1,736.000,561.000,4.111261,9.808721,656.773,400.704,773.632,591.605,0.900798,detected
261,8.708709,far,15,717.000,393.000,3.895343,0.000000,672.082,287.000,760.035,407.275,0.867750,detected
262,8.742075,near,1,739.000,556.000,4.140022,9.623735,663.126,400.821,773.158,579.520,0.899655,detected
262,8.742075,far,15,713.000,397.000,3.846241,0.000000,667.540,287.000,757.366,411.757,0.872312,detected
263,8.775442,near,1,741.000,556.000,4.158825,9.623142,667.519,402.664,774.224,575.834,0.904042,detected
263,8.775442,far,15,708.000,400.000,3.784942,0.268057,664.839,287.000,755.274,415.137,0.848571,detected
264,8.808809,near,1,743.000,554.000,4.178062,9.548086,672.035,404.563,775.003,571.107,0.905692,detected
264,8.808809,far,15,703.000,399.000,3.721724,0.181469,661.132,287.000,750.882,415.811,0.878118,detected
265,8.842176,near,1,745.000,554.000,4.196924,9.547492,673.824,407.129,776.139,572.726,0.899628,detected
265,8.842176,far,15,697.000,402.000,3.649000,0.449254,656.389,288.386,745.418,417.938,0.876386,detected
266,8.875542,near,1,746.000,549.000,4.207681,9.358940,679.146,408.703,778.156,568.854,0.878850,detected
266,8.875542,far,15,691.000,403.000,3.575231,0.539513,654.511,292.186,740.633,418.319,0.832562,detected
267,8.908909,near,1,747.000,551.000,4.216623,9.434306,682.098,409.716,780.258,569.861,0.891027,detected
267,8.908909,far,15,688.000,405.000,3.540037,0.715013,652.546,296.013,736.852,420.435,0.873925,detected
268,8.942276,near,1,748.000,548.000,4.226992,9.320329,684.467,409.691,781.290,568.914,0.881890,detected
268,8.942276,far,15,684.000,411.000,3.497338,1.230693,651.370,300.325,735.065,423.467,0.881568,detected
269,8.975642,near,1,747.000,550.000,4.216905,9.396535,685.038,408.556,783.284,571.971,0.889604,detected
269,8.975642,far,15,683.000,409.000,3.482801,1.061236,646.789,304.063,727.929,424.363,0.699311,detected
270,9.009009,near,1,746.000,549.000,4.207681,9.358940,687.310,406.547,785.660,573.135,0.896999,detected
270,9.009009,far,15,681.000,408.000,3.457028,0.976630,646.916,307.777,726.945,425.402,0.675914,detected
271,9.042376,near,1,745.000,549.000,4.198174,9.359239,687.305,402.211,786.226,572.884,0.896982,detected
271,9.042376,far,15,682.000,408.000,3.469334,0.976195,649.182,310.454,728.895,425.388,0.839290,detected
272,9.075742,near,1,743.000,553.000,4.178280,9.510676,685.611,398.100,785.588,573.447,0.899623,detected
272,9.075742,far,15,681.000,409.000,3.458241,1.062105,643.391,311.860,721.125,425.586,0.752012,detected
273,9.109109,near,1,742.000,543.000,4.170904,9.130199,685.667,393.248,784.495,569.205,0.904128,detected
273,9.109109,far,15,682.000,407.000,3.468142,0.890364,650.167,313.173,728.072,425.412,0.781189,detected
274,9.142476,near,1,739.000,542.000,4.142269,9.092340,684.069,389.182,783.021,567.759,0.907483,detected
274,9.142476,far,15,683.000,408.000,3.481640,0.975761,655.077,314.570,732.790,425.607,0.876964,detected
275,9.175843,near,1,737.000,542.000,4.123038,9.092939,683.398,385.998,780.964,564.391,0.904015,detected
275,9.175843,far,15,682.000,407.000,3.468142,0.890364,656.905,315.397,734.324,425.376,0.887741,detected
276,9.209209,near,1,734.000,543.000,4.094105,9.132594,682.306,384.003,779.710,564.684,0.907665,detected
276,9.209209,far,15,683.000,408.000,3.481640,0.975761,657.271,315.296,735.607,425.807,0.862901,detected
277,9.242576,near,1,731.000,541.000,4.065381,9.055854,683.012,383.307,777.264,559.749,0.909498,detected
277,9.242576,far,15,683.000,410.000,3.483957,1.146358,658.265,314.604,737.884,426.045,0.901251,detected
278,9.275943,near,1,727.000,541.000,4.026851,9.057054,682.549,382.912,775.390,558.214,0.902833,detected
278,9.275943,far,15,682.000,412.000,3.474052,1.315982,658.772,312.450,740.688,426.292,0.882032,detected
279,9.309309,near,1,724.000,541.000,3.997952,9.057953,682.070,383.661,773.205,556.291,0.899911,detected
279,9.309309,far,15,684.000,410.000,3.496212,1.145923,653.902,309.055,736.121,426.680,0.794319,detected
280,9.342676,near,1,722.000,544.000,3.978990,9.174815,679.782,384.706,770.767,557.266,0.904751,detected
280,9.342676,far,15,693.000,410.000,3.606491,1.142013,662.446,305.788,746.072,426.434,0.868270,detected
281,9.376043,near,1,721.000,547.000,3.969751,9.290252,675.798,385.639,768.077,560.826,0.895261,detected
281,9.376043,far,15,699.000,408.000,3.678498,0.968805,667.604,302.551,751.877,425.693,0.857772,detected
282,9.409409,near,1,719.000,553.000,3.951538,9.517812,668.819,385.566,764.630,567.096,0.903222,detected
282,9.409409,far,15,705.000,410.000,3.753501,1.136800,672.100,300.836,755.595,424.733,0.862844,detected
283,9.442776,near,1,721.000,559.000,3.971109,9.739873,663.830,385.179,762.024,570.676,0.919286,detected
283,9.442776,far,15,712.000,407.000,3.837979,0.877320,676.720,296.842,756.711,417.098,0.874321,detected
284,9.476143,near,1,718.000,561.000,3.943341,9.814042,658.851,384.838,759.214,573.603,0.916839,detected
284,9.476143,far,15,711.000,409.000,3.826549,1.049069,681.746,295.233,757.764,410.259,0.814634,detected
285,9.509510,near,1,716.000,560.000,3.924496,9.778051,653.664,384.659,755.311,574.048,0.921737,detected
285,9.509510,far,15,709.000,413.000,3.803971,1.388335,683.447,297.855,759.228,413.420,0.813414,detected
286,9.542876,near,1,715.000,560.000,3.915151,9.778347,648.120,382.725,751.503,573.455,0.915020,detected
286,9.542876,far,15,718.000,415.000,3.914042,1.551550,683.778,300.240,761.784,419.997,0.865631,detected
287,9.576243,near,1,710.000,557.000,3.867600,9.669387,643.320,381.274,747.949,573.294,0.909985,detected
287,9.576243,far,15,725.000,420.000,3.999315,1.960391,684.642,302.122,765.052,426.237,0.851923,detected
288,9.609610,near,1,707.000,556.000,3.839107,9.633230,639.293,378.534,744.882,572.759,0.912463,detected
288,9.609610,far,15,731.000,426.000,4.070931,2.441158,683.134,303.471,767.227,433.265,0.864230,detected
289,9.642976,near,1,704.000,554.000,3.810154,9.559673,636.568,375.484,742.920,572.704,0.911236,detected
289,9.642976,far,15,740.000,419.000,4.179522,1.872190,682.088,305.380,768.235,437.455,0.866771,detected
290,9.676343,near,1,703.000,555.000,3.801101,9.597253,635.980,373.366,742.175,572.485,0.910642,detected
290,9.676343,far,15,743.000,422.000,4.214519,2.115027,682.209,308.113,769.520,440.546,0.769835,detected
291,9.709710,near,1,700.000,550.000,3.770683,9.410539,636.377,371.518,741.861,571.885,0.910895,detected
291,9.709710,far,15,745.000,430.000,4.235273,2.750959,697.883,310.090,785.998,447.249,0.839706,detected
292,9.743076,near,1,696.000,553.000,3.734171,9.524652,637.112,371.467,740.857,571.183,0.912923,detected
292,9.743076,far,15,746.000,435.000,4.245003,3.138347,693.170,314.140,783.718,451.397,0.791844,detected
293,9.776443,near,1,695.000,548.000,3.722170,9.336143,637.410,370.962,739.526,570.304,0.910563,detected
293,9.776443,far,15,746.000,438.000,4.243808,3.367397,695.134,318.497,786.569,453.909,0.869898,detected
294,9.809810,near,1,693.000,552.000,3.705277,9.488025,637.510,373.159,738.008,572.113,0.918612,detected
294,9.809810,far,15,749.000,438.000,4.278517,3.366108,703.679,323.120,793.548,455.873,0.820133,detected
295,9.843177,near,1,691.000,555.000,3.688037,9.600818,638.616,378.112,735.713,572.444,0.914246,detected
295,9.843177,far,15,749.000,437.000,4.278982,3.290057,706.083,327.291,794.221,456.389,0.886883,detected
296,9.876543,near,1,691.000,558.000,3.689716,9.711947,640.562,383.221,734.649,573.499,0.918572,detected
296,9.876543,far,15,753.000,438.000,4.324793,3.364389,706.443,329.298,793.757,455.807,0.860882,detected
297,9.909910,near,1,690.000,557.000,3.679765,9.675319,642.395,388.768,733.220,573.254,0.915734,detected
297,9.909910,far,15,754.000,440.000,4.335212,3.515175,705.429,329.668,793.603,456.143,0.858627,detected
298,9.943277,near,1,688.000,552.000,3.657936,9.489513,643.661,394.495,731.546,572.139,0.919480,detected
298,9.943277,far,15,756.000,440.000,4.358258,3.514316,705.499,328.443,795.040,456.372,0.906287,detected
299,9.976643,near,1,687.000,552.000,3.648468,9.489811,646.404,398.082,731.973,569.948,0.906271,detected
299,9.976643,far,15,755.000,440.000,4.346735,3.514746,705.455,324.821,797.453,456.514,0.889229,detected
300,10.010010,near,1,688.000,552.000,3.657936,9.489513,649.153,399.089,734.027,569.152,0.905229,detected
300,10.010010,far,15,754.000,441.000,4.334640,3.590341,705.401,320.798,799.423,456.347,0.890109,detected
301,10.043377,near,1,689.000,552.000,3.667405,9.489216,650.503,398.235,735.049,567.338,0.907092,detected
301,10.043377,far,15,754.000,438.000,4.336361,3.363960,705.896,316.667,800.676,455.385,0.897426,detected
302,10.076743,near,1,691.000,554.000,3.687473,9.563538,651.328,397.777,736.192,567.450,0.906659,detected
302,10.076743,far,15,753.000,436.000,4.325906,3.211986,705.821,312.022,800.956,454.699,0.886847,detected
303,10.110110,near,1,692.000,554.000,3.696911,9.563240,652.249,397.329,737.675,567.694,0.907172,detected
303,10.110110,far,15,750.000,434.000,4.292048,3.059673,704.321,309.697,797.584,453.853,0.892935,detected
304,10.143477,near,1,692.000,553.000,3.696361,9.525841,653.743,396.177,740.166,568.109,0.903491,detected
304,10.143477,far,15,747.000,434.000,4.257066,3.060964,702.290,308.417,793.281,453.470,0.884765,detected
305,10.176844,near,1,692.000,555.000,3.697459,9.600520,654.531,394.081,742.177,568.661,0.898865,detected
305,10.176844,far,15,743.000,431.000,4.211426,2.830000,700.010,306.620,788.542,452.094,0.877588,detected
306,10.210210,near,1,690.000,558.000,3.680338,9.712244,654.690,391.876,743.805,570.440,0.893824,detected
306,10.210210,far,15,737.000,431.000,4.141035,2.832586,699.773,306.757,784.990,450.439,0.863907,detected
307,10.243577,near,1,689.000,561.000,3.672712,9.822618,654.515,389.847,745.078,573.639,0.893866,detected
307,10.243577,far,15,738.000,432.000,4.152547,2.910024,699.824,308.152,782.207,450.036,0.855953,detected
308,10.276944,near,1,688.000,565.000,3.665748,9.968073,654.368,389.441,745.833,577.345,0.887930,detected
308,10.276944,far,15,737.000,434.000,4.140445,3.065269,699.721,308.852,779.989,449.851,0.853365,detected
309,10.310310,near,1,687.000,567.000,3.657675,10.040266,653.588,390.004,745.411,581.838,0.882562,detected
309,10.310310,far,15,737.000,434.000,4.140445,3.065269,699.606,309.913,777.932,450.220,0.873160,detected
310,10.343677,near,1,685.000,572.000,3.642299,10.218648,653.231,391.704,745.181,587.120,0.875631,detected
310,10.343677,far,15,735.000,432.000,4.117419,2.911316,698.087,308.130,776.022,450.417,0.871124,detected
311,10.377044,near,1,683.000,575.000,3.625880,10.324593,652.616,395.652,743.375,590.950,0.891876,detected
311,10.377044,far,15,735.000,431.000,4.117570,2.833449,696.690,306.573,773.944,450.197,0.884930,detected
312,10.410410,near,1,683.000,578.000,3.627795,10.428980,651.692,400.278,741.344,596.004,0.896022,detected
312,10.410410,far,15,734.000,428.000,4.106223,2.598412,695.644,304.547,771.611,448.224,0.885053,detected
313,10.443777,near,1,683.000,585.000,3.632194,10.668846,652.689,406.303,741.512,601.639,0.897910,detected
313,10.443777,far,15,733.000,425.000,4.094740,2.360541,693.663,301.819,768.477,445.732,0.882405,detected
314,10.477144,near,1,687.000,589.000,3.670424,10.802476,654.703,412.129,742.005,604.464,0.886664,detected
314,10.477144,far,15,730.000,424.000,4.059151,2.281765,691.654,297.861,765.972,444.051,0.865020,detected
315,10.510511,near,1,689.000,593.000,3.690422,10.935071,656.098,414.777,743.637,607.540,0.911101,detected
315,10.510511,far,15,727.000,425.000,4.023489,2.363134,688.851,294.861,762.053,441.270,0.866320,detected
316,10.543877,near,1,691.000,598.000,3.710675,11.098731,657.313,415.829,747.024,613.368,0.913647,detected
316,10.543877,far,15,726.000,422.000,4.011433,2.122379,687.207,291.122,759.063,437.417,0.874731,detected
317,10.577244,near,1,693.000,602.000,3.730167,11.227795,660.204,417.323,751.238,618.177,0.904375,detected
317,10.577244,far,15,721.000,418.000,3.950960,1.798379,685.371,288.454,755.758,434.340,0.860341,detected
318,10.610611,near,1,693.000,608.000,3.732908,11.419400,661.075,418.860,755.106,626.600,0.905249,detected
318,10.610611,far,15,718.000,415.000,3.914042,1.551550,684.022,287.000,752.631,431.007,0.885370,detected
319,10.643977,near,1,690.000,617.000,3.711203,11.701410,661.914,424.649,756.344,631.812,0.912066,detected
319,10.643977,far,15,715.000,414.000,3.877342,1.469462,682.502,287.000,749.938,430.181,0.870133,detected
320,10.677344,near,1,690.000,620.000,3.712632,11.793505,662.018,429.891,757.132,636.248,0.930472,detected
320,10.677344,far,15,711.000,416.000,3.829623,1.637632,681.099,287.000,747.596,430.337,0.881107,detected
321,10.710711,near,1,691.000,619.000,3.720708,11.762612,661.967,432.197,757.792,637.710,0.933183,detected
321,10.710711,far,15,709.000,417.000,3.805908,1.721207,680.755,287.000,746.588,430.719,0.882947,detected
322,10.744077,near,1,690.000,620.000,3.712632,11.793505,662.304,433.064,759.063,638.731,0.938216,detected
322,10.744077,far,15,708.000,418.000,3.794338,1.804011,680.787,287.000,745.787,430.724,0.886972,detected
323,10.777444,near,1,693.000,619.000,3.737810,11.762045,663.545,432.204,760.996,638.808,0.914531,detected
323,10.777444,far,15,707.000,417.000,3.781760,1.722074,680.472,287.000,744.670,430.995,0.869982,detected
324,10.810811,near,1,697.000,617.000,3.771232,11.699424,666.167,429.069,764.588,638.886,0.909739,detected
324,10.810811,far,15,705.000,416.000,3.757032,1.640234,680.640,287.407,743.970,430.794,0.872505,detected
325,10.844178,near,1,703.000,614.000,3.821728,11.604813,668.545,427.682,767.102,639.054,0.911514,detected
325,10.844178,far,15,704.000,415.000,3.744325,1.557622,680.693,287.743,743.310,430.665,0.869825,detected
326,10.877544,near,1,710.000,613.000,3.881777,11.571671,671.821,413.680,775.034,639.417,0.887250,detected
326,10.877544,far,15,701.000,409.000,3.703802,1.053413,681.459,288.186,743.058,429.543,0.868692,detected
327,10.910911,near,1,719.000,610.000,3.959027,11.475102,676.879,405.204,782.257,640.007,0.886676,detected
327,10.910911,far,15,700.000,409.000,3.691526,1.053848,681.428,288.409,742.445,428.786,0.861752,detected
328,10.944278,near,1,727.000,611.000,4.028328,11.504250,682.760,405.096,786.759,640.006,0.876356,detected
328,10.944278,far,15,698.000,410.000,3.667749,1.139840,680.564,287.883,741.516,427.890,0.880205,detected
329,10.977644,near,1,732.000,614.000,4.071430,11.596566,689.670,419.270,788.095,641.290,0.896720,detected
329,10.977644,far,15,696.000,409.000,3.642420,1.055586,679.510,287.448,740.127,425.795,0.873836,detected
330,11.011011,near,1,738.000,624.000,4.121908,11.901516,693.383,426.958,790.191,643.583,0.913327,detected
330,11.011011,far,15,693.000,405.000,3.601942,0.712837,677.088,287.009,737.242,422.605,0.873136,detected
331,11.044378,near,1,745.000,629.000,4.180302,12.049602,698.188,431.873,797.241,649.922,0.924246,detected
331,11.044378,far,15,691.000,405.000,3.577181,0.713708,673.832,287.000,734.167,421.131,0.900573,detected
332,11.077744,near,1,750.000,635.000,4.220884,12.225478,701.587,436.995,804.213,658.064,0.923289,detected
332,11.077744,far,15,689.000,402.000,3.549331,0.452737,671.295,287.000,731.577,418.739,0.903706,detected
333,11.111111,near,1,752.000,643.000,4.235394,12.456677,704.482,443.521,809.802,664.566,0.929815,detected
333,11.111111,far,15,688.000,401.000,3.535807,0.365155,667.864,287.000,728.619,417.455,0.913237,detected
334,11.144478,near,1,752.000,648.000,4.234049,12.598916,713.331,449.189,822.486,667.878,0.932761,detected
334,11.144478,far,15,686.000,400.000,3.509713,0.277638,664.391,287.000,726.042,416.335,0.912927,detected
335,11.177845,near,1,754.000,654.000,4.248725,12.766469,721.442,456.100,834.468,669.922,0.923536,detected
335,11.177845,far,15,685.000,399.000,3.496047,0.189310,659.599,287.000,722.670,415.569,0.907481,detected
336,11.211211,near,1,758.000,654.000,4.281257,12.765366,728.230,461.425,844.352,670.524,0.930111,detected
336,11.211211,far,15,682.000,398.000,3.457189,0.101477,654.810,287.000,719.199,414.236,0.905153,detected
337,11.244578,near,1,760.000,653.000,4.297874,12.736988,727.893,463.632,846.956,670.445,0.925756,detected
337,11.244578,far,15,681.000,399.000,3.445886,0.191053,650.332,287.000,716.980,413.601,0.910155,detected
338,11.277945,near,1,761.000,653.000,4.306018,12.736712,724.255,461.284,846.470,669.645,0.929938,detected
338,11.277945,far,15,680.000,399.000,3.433346,0.191489,645.732,287.367,715.160,413.983,0.913428,detected
339,11.311311,near,1,761.000,653.000,4.306018,12.736712,718.787,456.869,843.413,668.628,0.932481,detected
339,11.311311,far,15,678.000,400.000,3.409602,0.281123,642.404,289.712,713.699,413.833,0.913204,detected
340,11.344678,near,1,758.000,650.000,4.282584,12.653601,711.702,452.224,837.353,668.167,0.925292,detected
340,11.344678,far,15,676.000,401.000,3.385957,0.370382,639.444,292.645,712.864,414.711,0.912316,detected
341,11.378045,near,1,755.000,648.000,4.258651,12.598084,705.200,447.326,830.837,667.005,0.925128,detected
341,11.378045,far,15,675.000,402.000,3.374875,0.458833,638.332,298.336,712.111,415.149,0.905949,detected
342,11.411411,near,1,751.000,647.000,4.226104,12.570904,700.349,444.727,824.802,666.646,0.924879,detected
342,11.411411,far,15,674.000,401.000,3.360979,0.371253,637.635,303.570,711.811,415.206,0.901339,detected
343,11.444778,near,1,746.000,647.000,4.185040,12.572289,694.750,442.584,817.609,666.138,0.928973,detected
343,11.444778,far,15,674.000,401.000,3.360979,0.371253,637.331,307.170,712.589,415.015,0.907862,detected
344,11.478145,near,1,739.000,645.000,4.127788,12.517421,689.311,442.100,809.859,665.916,0.925479,detected
344,11.478145,far,15,674.000,400.000,3.359540,0.282865,636.094,307.380,714.144,414.644,0.908117,detected
345,11.511512,near,1,733.000,647.000,4.078264,12.575895,685.189,444.185,803.088,666.271,0.934033,detected
345,11.511512,far,15,674.000,401.000,3.360979,0.371253,634.583,305.196,716.559,414.272,0.909435,detected
346,11.544878,near,1,726.000,650.000,4.020846,12.662455,682.038,448.320,797.267,666.853,0.935088,detected
346,11.544878,far,15,675.000,401.000,3.373468,0.370817,632.882,302.169,718.981,413.985,0.910426,detected
347,11.578245,near,1,722.000,652.000,3.988269,12.719583,679.043,452.909,792.061,667.385,0.936462,detected
347,11.578245,far,15,677.000,401.000,3.398446,0.369946,631.241,295.981,722.654,413.149,0.908036,detected
348,11.611612,near,1,721.000,655.000,3.980362,12.803313,675.748,459.697,786.629,668.889,0.938554,detected
348,11.611612,far,15,681.000,401.000,3.448399,0.368204,631.842,291.979,726.677,413.029,0.905528,detected
349,11.644978,near,1,720.000,656.000,3.972332,12.831254,673.103,464.118,782.613,669.528,0.935109,detected
349,11.644978,far,15,686.000,401.000,3.510835,0.366026,635.502,288.585,732.081,412.512,0.909077,detected
350,11.678345,near,1,720.000,655.000,3.972237,12.803589,670.161,465.481,779.421,669.336,0.932537,detected
350,11.678345,far,15,687.000,399.000,3.521126,0.188439,637.118,287.245,733.767,412.564,0.909610,detected
351,11.711712,near,1,719.000,648.000,3.963362,12.608061,667.422,462.999,777.274,666.935,0.892474,detected
351,11.711712,far,15,687.000,399.000,3.521126,0.188439,637.443,287.000,734.368,413.644,0.908973,detected
352,11.745078,near,1,717.000,646.000,3.946691,12.551971,664.628,458.367,777.627,667.040,0.923829,detected
352,11.745078,far,15,689.000,402.000,3.549331,0.452737,636.412,287.000,734.172,415.433,0.917744,detected
353,11.778445,near,1,715.000,641.000,3.929459,12.409533,662.125,453.354,776.912,665.274,0.922841,detected
353,11.778445,far,15,689.000,403.000,3.550365,0.540384,634.610,287.000,733.509,417.569,0.911260,detected
354,11.811812,near,1,711.000,635.000,3.895089,12.236393,656.772,448.188,771.666,661.754,0.916247,detected
354,11.811812,far,15,689.000,402.000,3.549331,0.452737,632.286,287.000,733.106,420.288,0.917691,detected
355,11.845179,near,1,705.000,631.000,3.843837,12.120258,648.894,441.870,763.565,658.075,0.910002,detected
355,11.845179,far,15,688.000,403.000,3.537931,0.540819,630.434,287.276,732.280,422.521,0.913080,detected
356,11.878545,near,1,697.000,621.000,3.772789,11.822045,638.854,436.212,747.652,644.091,0.898846,detected
356,11.878545,far,15,689.000,406.000,3.553440,0.801129,629.896,290.120,730.502,423.782,0.904248,detected
357,11.911912,near,1,690.000,617.000,3.711203,11.701410,633.460,431.325,739.966,637.818,0.906925,detected
357,11.911912,far,15,689.000,406.000,3.553440,0.801129,630.121,292.001,729.768,424.404,0.899713,detected
358,11.945279,near,1,682.000,613.000,3.640266,11.579641,629.430,426.977,735.251,636.658,0.903763,detected
358,11.945279,far,15,688.000,412.000,3.547272,1.313376,635.494,294.775,731.977,424.252,0.886436,detected
359,11.978645,near,1,675.000,612.000,3.579201,11.550400,626.423,424.383,729.425,632.602,0.914695,detected
359,11.978645,far,15,689.000,407.000,3.554456,0.887320,634.366,296.887,729.410,424.148,0.894903,detected
360,12.012012,near,1,666.000,609.000,3.499058,11.458717,624.339,422.433,724.744,629.492,0.914342,detected
360,12.012012,far,15,689.000,407.000,3.554456,0.887320,634.507,297.941,728.615,423.883,0.911592,detected
361,12.045379,near,1,659.000,606.000,3.435635,11.365640,620.712,421.975,718.591,626.491,0.914683,detected
361,12.045379,far,15,689.000,407.000,3.554456,0.887320,635.313,298.097,729.060,423.834,0.917804,detected
362,12.078745,near,1,651.000,606.000,3.365883,11.367930,614.398,422.972,710.396,623.963,0.916026,detected
362,12.078745,far,15,689.000,407.000,3.554456,0.887320,636.087,296.491,730.383,423.838,0.915360,detected
363,12.112112,near,1,644.000,608.000,3.307008,11.433406,604.214,424.611,700.372,624.266,0.920553,detected
363,12.112112,far,15,688.000,407.000,3.542126,0.887755,636.079,294.636,731.040,423.989,0.912965,detected
364,12.145479,near,1,640.000,611.000,3.275603,11.529058,595.571,427.501,691.610,624.784,0.924768,detected
364,12.145479,far,15,686.000,408.000,3.518555,0.974456,636.755,292.424,732.387,424.468,0.910512,detected
365,12.178846,near,1,637.000,611.000,3.249631,11.529914,588.568,428.769,685.803,624.835,0.928467,detected
365,12.178846,far,15,685.000,405.000,3.502892,0.716318,637.181,292.056,731.022,423.305,0.901396,detected
366,12.212212,near,1,635.000,607.000,3.227556,11.404293,583.905,427.583,683.404,624.523,0.921823,detected
366,12.212212,far,15,683.000,405.000,3.478127,0.717188,636.104,291.717,728.579,422.628,0.902030,detected
367,12.245579,near,1,635.000,602.000,3.221526,11.244450,581.218,424.267,683.197,623.007,0.917817,detected
367,12.245579,far,15,681.000,403.000,3.450890,0.543866,633.684,291.705,724.859,421.860,0.893001,detected
368,12.278946,near,1,631.000,593.000,3.174876,10.951838,577.281,420.418,679.140,616.300,0.899139,detected
368,12.278946,far,15,677.000,402.000,3.399800,0.457962,631.462,292.699,720.694,420.642,0.891847,detected
369,12.312312,near,1,627.000,580.000,3.121342,10.514383,567.767,416.983,667.602,606.346,0.895436,detected
369,12.312312,far,15,676.000,406.000,3.392799,0.806784,628.869,294.539,716.640,419.822,0.892387,detected
370,12.345679,near,1,619.000,578.000,3.045729,10.447688,556.725,414.996,654.137,598.461,0.886291,detected
370,12.345679,far,15,676.000,407.000,3.394150,0.892973,627.295,296.376,714.384,419.726,0.900335,detected
371,12.379046,near,1,610.000,579.000,2.965488,10.484887,543.145,412.091,640.973,594.549,0.905329,detected
371,12.379046,far,15,675.000,405.000,3.379058,0.720669,626.539,298.365,712.860,419.364,0.899903,detected
372,12.412412,near,1,602.000,578.000,2.891032,10.452661,529.333,408.807,628.382,593.988,0.896099,detected
372,12.412412,far,15,674.000,405.000,3.366673,0.721104,625.209,298.995,711.881,419.028,0.898863,detected
373,12.445779,near,1,596.000,578.000,2.836425,10.454416,517.974,405.188,618.637,593.614,0.911107,detected
373,12.445779,far,15,673.000,405.000,3.354288,0.721540,624.745,298.944,712.292,419.124,0.893951,detected
374,12.479146,near,1,590.000,578.000,2.781813,10.456171,509.654,401.561,611.126,592.537,0.907462,detected
374,12.479146,far,15,673.000,405.000,3.354288,0.721540,622.930,296.238,713.293,419.866,0.890931,detected
375,12.512513,near,1,587.000,574.000,2.746544,10.317734,502.198,397.523,604.625,591.289,0.905607,detected
375,12.512513,far,15,671.000,405.000,3.329518,0.722410,621.597,295.273,712.957,419.854,0.892105,detected
376,12.545879,near,1,577.000,567.000,2.639771,10.072688,494.090,393.410,597.922,590.407,0.908633,detected
376,12.545879,far,15,669.000,405.000,3.304746,0.723281,620.650,295.473,711.919,419.688,0.899045,detected
377,12.579246,near,1,568.000,555.000,2.528021,9.637385,491.532,390.117,591.155,579.039,0.897705,detected
377,12.579246,far,15,665.000,403.000,3.251897,0.550833,618.444,294.112,709.949,419.144,0.908440,detected
378,12.612613,near,1,560.000,555.000,2.452503,9.639766,485.434,388.127,588.371,582.593,0.898593,detected
378,12.612613,far,15,663.000,402.000,3.225304,0.464059,613.537,291.877,704.707,417.407,0.903914,detected
379,12.645979,near,1,552.000,552.000,2.368980,9.530037,481.303,386.640,585.176,581.281,0.900327,detected
379,12.645979,far,15,659.000,403.000,3.177259,0.553446,607.539,290.046,697.913,415.855,0.904074,detected
380,12.679346,near,1,546.000,550.000,2.306500,9.456490,477.876,386.626,581.207,578.632,0.920457,detected
380,12.679346,far,15,655.000,403.000,3.127496,0.555188,601.377,288.723,691.793,416.566,0.903409,detected
381,12.712713,near,1,541.000,548.000,2.253161,9.382162,476.628,387.544,578.710,576.132,0.912974,detected
381,12.712713,far,15,648.000,400.000,3.034051,0.294196,598.077,288.327,688.094,417.630,0.883903,detected
382,12.746079,near,1,539.000,531.000,2.183139,8.717991,477.569,389.589,577.084,573.673,0.896369,detected
382,12.746079,far,15,642.000,404.000,2.967996,0.648125,593.744,288.442,684.219,420.689,0.891129,detected
383,12.779446,near,1,531.000,546.000,2.151566,9.308846,474.413,393.682,571.386,570.811,0.904802,detected
383,12.779446,far,15,638.000,407.000,2.925344,0.909507,589.643,289.089,679.944,422.682,0.897019,detected
384,12.812813,near,1,528.000,546.000,2.122820,9.309745,469.358,397.619,565.227,568.255,0.918356,detected
384,12.812813,far,15,633.000,403.000,2.853733,0.564772,586.339,291.408,674.267,422.244,0.900831,detected
385,12.846180,near,1,527.000,546.000,2.113238,9.310044,463.861,401.482,559.342,565.683,0.928742,detected
385,12.846180,far,15,628.000,402.000,2.788865,0.479309,583.026,296.121,668.050,422.362,0.874552,detected
386,12.879546,near,1,524.000,545.000,2.081320,9.272606,455.875,404.864,551.051,562.443,0.930842,detected
386,12.879546,far,15,624.000,410.000,2.760552,1.172010,578.163,300.831,660.236,422.247,0.869692,detected
387,12.912913,near,1,522.000,542.000,2.052457,9.157445,452.879,407.105,547.137,558.343,0.735059,detected
387,12.912913,far,15,620.000,411.000,2.714229,1.258512,574.162,304.150,654.395,422.464,0.855828,detected
388,12.946280,near,1,522.000,536.000,2.032838,8.922498,463.368,407.306,554.431,553.736,0.849730,detected
388,12.946280,far,15,618.000,411.000,2.689742,1.259382,564.178,307.334,643.606,423.269,0.854580,detected
389,12.979646,near,1,519.000,532.000,1.990125,8.764181,453.853,405.367,546.566,549.760,0.881866,detected
389,12.979646,far,15,617.000,415.000,2.688685,1.595387,559.232,309.472,639.904,426.488,0.803902,detected
390,13.013013,near,1,516.000,527.000,1.943346,8.563077,452.917,402.470,546.313,545.459,0.885325,detected
390,13.013013,far,15,611.000,414.000,2.612891,1.514619,553.835,310.263,636.718,428.748,0.915153,detected
391,13.046380,near,1,516.000,520.000,1.918548,8.274529,457.602,398.861,550.868,542.240,0.894802,detected
391,13.046380,far,15,614.000,418.000,2.660747,1.844776,549.658,308.935,635.093,429.637,0.911447,detected
392,13.079746,near,1,514.000,519.000,1.894913,8.233359,460.485,394.714,554.031,540.349,0.905154,detected
392,13.079746,far,15,608.000,414.000,2.576381,1.515923,545.705,306.352,633.995,430.710,0.909870,detected
393,13.113113,near,1,514.000,516.000,1.883966,8.107171,460.890,390.666,554.204,538.283,0.906671,detected
393,13.113113,far,15,609.000,418.000,2.600395,1.846947,541.922,304.246,632.464,431.413,0.897687,detected
394,13.146480,near,1,514.000,515.000,1.880292,8.064822,461.199,386.872,554.328,536.740,0.903117,detected
394,13.146480,far,15,605.000,416.000,2.546015,1.683633,538.483,301.836,630.667,431.693,0.883656,detected
395,13.179847,near,1,513.000,516.000,1.873892,8.107477,461.361,384.236,554.112,536.157,0.898873,detected
395,13.179847,far,15,602.000,418.000,2.515894,1.849985,531.807,298.714,625.723,431.514,0.867830,detected
396,13.213213,near,1,512.000,518.000,1.871197,8.192050,461.346,383.095,553.131,536.365,0.890004,detected
396,13.213213,far,15,598.000,418.000,2.467603,1.851722,525.504,298.983,619.085,432.116,0.873248,detected
397,13.246580,near,1,511.000,519.000,1.864845,8.234276,460.230,381.033,552.183,538.066,0.898838,detected
397,13.246580,far,15,593.000,420.000,2.413869,2.017599,519.698,299.850,613.326,434.227,0.887246,detected
398,13.279947,near,1,510.000,518.000,1.851117,8.192661,456.505,380.136,547.956,538.280,0.889955,detected
398,13.279947,far,15,584.000,422.000,2.312653,2.183884,513.095,301.676,606.465,436.541,0.842811,detected
399,13.313313,near,1,510.000,518.000,1.851117,8.192661,452.412,378.909,545.734,541.349,0.897909,detected
399,13.313313,far,15,577.000,428.000,2.250527,2.666265,509.034,303.222,602.650,438.726,0.829862,detected
400,13.346680,near,1,506.000,523.000,1.829692,8.402067,450.520,376.578,545.806,541.780,0.904401,detected
400,13.346680,far,15,574.000,429.000,2.218660,2.746338,512.478,306.075,603.629,439.022,0.650045,detected
401,13.380047,near,1,507.000,526.000,1.850690,8.525003,449.326,374.370,547.290,543.040,0.912521,detected
401,13.380047,far,15,569.000,430.000,2.163337,2.826962,516.516,308.550,605.908,440.826,0.892140,detected
402,13.413413,near,1,509.000,528.000,1.877736,8.605872,448.301,371.630,549.112,544.355,0.907138,detected
402,13.413413,far,15,566.000,432.000,2.135550,2.984247,513.304,310.154,605.511,448.621,0.895633,detected
403,13.446780,near,1,515.000,531.000,1.947435,8.725258,449.139,369.052,552.782,545.686,0.913302,detected
403,13.446780,far,15,572.000,430.000,2.198708,2.825665,509.421,313.294,599.239,447.765,0.902654,detected
404,13.480147,near,1,520.000,531.000,1.996547,8.723743,450.969,367.518,556.236,546.162,0.918183,detected
404,13.480147,far,15,571.000,433.000,2.197923,3.059618,507.089,316.528,594.637,447.913,0.891510,detected
405,13.513514,near,1,523.000,529.000,2.019309,8.642162,452.812,365.346,559.074,545.702,0.882264,detected
405,13.513514,far,15,570.000,438.000,2.204374,3.443150,505.761,321.939,590.314,448.545,0.870529,detected
406,13.546880,near,1,528.000,531.000,2.075118,8.721321,455.032,363.668,561.843,545.324,0.918068,detected
406,13.546880,far,15,553.000,448.000,2.046145,4.194565,497.317,326.439,577.103,448.496,0.692970,detected
407,13.580247,near,1,531.000,529.000,2.098138,8.639737,458.137,362.832,564.939,545.508,0.918623,detected
407,13.580247,far,15,545.000,457.000,1.990526,4.843625,487.584,331.048,569.040,457.458,0.317028,detected
408,13.613614,near,1,536.000,532.000,2.156804,8.759038,461.472,362.272,568.351,546.437,0.911199,detected
408,13.613614,far,,549.000,456.000,2.031500,4.771264,,,,,0.000000,tracked
409,13.646980,near,1,539.000,532.000,2.186213,8.758131,465.578,362.889,572.028,548.224,0.884206,detected
409,13.646980,far,,551.000,459.000,2.065147,4.981566,,,,,0.000000,tracked
410,13.680347,near,1,546.000,533.000,2.257782,8.796021,472.060,366.875,576.717,550.746,0.908002,detected
410,13.680347,far,,554.000,462.000,2.109501,5.189072,,,,,0.000000,tracked
411,13.713714,near,1,554.000,535.000,2.341678,8.873228,484.816,372.075,585.023,551.710,0.887510,detected
411,13.713714,far,,556.000,467.000,2.149376,5.531040,,,,,0.000000,tracked
412,13.747080,near,1,558.000,537.000,2.386137,8.951124,492.869,378.772,588.110,551.723,0.897655,detected
412,13.747080,far,,559.000,473.000,2.202775,5.932856,,,,,0.000000,tracked
413,13.780447,near,1,559.000,535.000,2.390439,8.871719,498.935,382.614,591.162,551.431,0.885113,detected
413,13.780447,far,,561.000,475.000,2.231136,6.064409,,,,,0.000000,tracked
414,13.813814,near,1,562.000,533.000,2.414336,8.791185,507.102,386.477,596.897,550.039,0.921025,detected
414,13.813814,far,15,521.000,448.000,1.681713,4.208304,484.566,328.224,566.284,460.629,0.770384,detected
415,13.847181,near,1,565.000,533.000,2.443686,8.790279,511.937,389.857,600.764,549.841,0.895100,detected
415,13.847181,far,15,521.000,449.000,1.686239,4.281137,484.071,325.194,562.724,456.035,0.671736,detected
416,13.880547,near,1,571.000,538.000,2.514986,8.986567,516.763,392.320,605.704,551.530,0.896326,detected
416,13.880547,far,15,529.000,447.000,1.768471,4.131755,484.859,321.998,565.854,461.196,0.787056,detected
417,13.913914,near,1,578.000,537.000,2.580503,8.945098,519.617,392.492,609.817,551.858,0.891835,detected
417,13.913914,far,15,533.000,445.000,1.805506,3.982958,483.994,317.626,565.164,459.925,0.849867,detected
418,13.947281,near,1,581.000,540.000,2.616665,9.061894,522.245,395.359,613.655,552.943,0.909355,detected
418,13.947281,far,15,528.000,442.000,1.734850,3.762349,487.410,313.928,566.769,456.653,0.864389,detected
419,13.980647,near,1,583.000,540.000,2.636003,9.061294,521.878,395.082,615.957,554.448,0.918120,detected
419,13.980647,far,15,534.000,439.000,1.790859,3.534388,492.140,311.443,569.101,453.203,0.839542,detected
420,14.014014,near,1,586.000,544.000,2.673937,9.215549,522.373,396.235,619.272,557.602,0.907335,detected
420,14.014014,far,15,534.000,441.000,1.799628,3.684932,495.133,309.806,571.278,452.480,0.854015,detected
421,14.047381,near,1,585.000,540.000,2.655340,9.060692,524.835,395.509,623.248,557.940,0.904618,detected
421,14.047381,far,15,533.000,438.000,1.774837,3.459105,497.164,306.044,573.507,450.884,0.883788,detected
422,14.080747,near,1,582.000,541.000,2.628640,9.100572,528.664,394.753,627.079,556.500,0.902326,detected
422,14.080747,far,15,535.000,438.000,1.798062,3.458242,499.266,304.153,575.449,449.726,0.881705,detected
423,14.114114,near,1,580.000,544.000,2.616302,9.217347,532.280,392.902,633.477,561.079,0.893653,detected
423,14.114114,far,15,537.000,433.000,1.799320,3.074309,502.640,300.468,578.736,447.015,0.888791,detected
424,14.147481,near,1,579.000,553.000,2.627338,9.559481,534.285,391.941,639.398,570.271,0.894366,detected
424,14.147481,far,15,542.000,433.000,1.857953,3.072148,505.408,297.519,582.085,445.806,0.880473,detected
425,14.180848,near,1,578.000,558.000,2.629158,9.745469,538.244,392.937,643.007,574.519,0.896465,detected
425,14.180848,far,15,546.000,431.000,1.896367,2.915057,509.857,295.944,586.053,443.534,0.888075,detected
426,14.214214,near,1,580.000,564.000,2.661078,9.963855,541.201,393.804,645.140,577.895,0.894253,detected
426,14.214214,far,15,551.000,428.000,1.942717,2.677520,516.761,296.038,591.528,441.480,0.866938,detected
427,14.247581,near,1,582.000,565.000,2.681822,9.999360,545.041,394.307,647.254,579.203,0.892132,detected
427,14.247581,far,15,558.000,426.000,2.017514,2.515996,526.895,298.373,599.542,440.502,0.882166,detected
428,14.280948,near,1,587.000,563.000,2.724134,9.925574,548.398,393.355,649.076,580.262,0.873257,detected
428,14.280948,far,15,565.000,425.000,2.096822,2.433237,536.012,298.030,607.556,438.207,0.859893,detected
429,14.314314,near,1,590.000,560.000,2.745972,9.815366,552.633,392.900,653.060,585.667,0.863710,detected
429,14.314314,far,15,568.000,424.000,2.128706,2.351890,541.012,297.690,612.664,439.159,0.860605,detected
430,14.347681,near,1,594.000,563.000,2.789355,9.923504,555.680,394.485,654.902,592.018,0.842501,detected
430,14.347681,far,15,569.000,426.000,2.148266,2.511230,545.676,295.761,618.576,440.335,0.853714,detected
431,14.381048,near,1,599.000,570.000,2.849068,10.173153,557.603,397.160,655.156,599.646,0.832937,detected
431,14.381048,far,15,572.000,427.000,2.187640,2.589338,551.146,293.522,625.011,440.383,0.863770,detected
432,14.414414,near,1,603.000,580.000,2.903630,10.521392,561.228,397.740,657.206,604.546,0.850012,detected
432,14.414414,far,15,578.000,423.000,2.244412,2.267183,555.510,291.967,629.443,439.759,0.871423,detected
433,14.447781,near,1,607.000,585.000,2.948294,10.690951,566.357,400.267,660.029,608.411,0.878128,detected
433,14.447781,far,15,591.000,422.000,2.396497,2.180848,559.997,290.929,633.494,438.677,0.867074,detected
434,14.481148,near,1,609.000,586.000,2.967933,10.724204,570.926,401.567,663.181,610.461,0.859288,detected
434,14.481148,far,15,593.000,421.000,2.417166,2.098954,565.280,291.252,637.771,437.953,0.876027,detected
435,14.514515,near,1,613.000,587.000,3.005462,10.756774,573.397,400.469,665.424,610.534,0.875966,detected
435,14.514515,far,15,604.000,417.000,2.536972,1.766761,570.055,292.680,641.157,437.124,0.867119,detected
436,14.547881,near,1,618.000,590.000,3.054823,10.855913,576.711,403.122,668.021,610.558,0.888082,detected
436,14.547881,far,15,605.000,418.000,2.552110,1.848683,573.815,294.723,642.836,434.723,0.882680,detected
437,14.581248,near,1,620.000,589.000,3.071227,10.821903,578.325,404.509,670.622,612.023,0.874735,detected
437,14.581248,far,15,609.000,416.000,2.594497,1.681896,577.442,295.998,644.938,432.230,0.878958,detected
438,14.614615,near,1,622.000,597.000,3.100496,11.085968,582.602,417.972,672.493,613.874,0.909481,detected
438,14.614615,far,15,614.000,412.000,2.643655,1.345533,580.881,296.153,646.662,428.527,0.859497,detected
439,14.647981,near,1,626.000,599.000,3.138551,11.149993,584.607,423.054,676.794,617.640,0.900953,detected
439,14.647981,far,15,618.000,408.000,2.681307,1.004038,584.923,294.235,648.990,423.202,0.858081,detected
440,14.681348,near,1,628.000,602.000,3.160113,11.246461,587.144,430.585,681.467,623.335,0.923211,detected
440,14.681348,far,15,621.000,409.000,2.721013,1.088201,586.224,291.569,652.023,424.916,0.854779,detected
441,14.714715,near,1,636.000,615.000,3.245629,11.654923,588.324,437.621,685.326,630.760,0.905402,detected
441,14.714715,far,15,626.000,410.000,2.785087,1.171139,589.400,289.159,656.372,425.546,0.853224,detected
442,14.748081,near,1,637.000,628.000,3.268837,12.050162,593.101,444.362,694.542,641.465,0.927954,detected
442,14.748081,far,15,630.000,407.000,2.826606,0.912989,592.735,288.132,660.070,424.987,0.882752,detected
443,14.781448,near,1,639.000,636.000,3.294259,12.285789,604.263,450.460,709.814,647.647,0.926312,detected
443,14.781448,far,15,635.000,405.000,2.883492,0.738083,596.542,287.534,663.626,423.552,0.883381,detected
444,14.814815,near,1,645.000,637.000,3.345348,12.313260,612.195,456.814,718.936,650.216,0.929930,detected
444,14.814815,far,15,640.000,403.000,2.940851,0.561722,601.235,287.532,667.798,421.337,0.896973,detected
445,14.848182,near,1,649.000,637.000,3.378703,12.312141,618.064,460.693,725.189,651.050,0.922387,detected
445,14.848182,far,15,645.000,402.000,3.000885,0.471901,607.139,288.332,673.639,419.531,0.887620,detected
446,14.881548,near,1,655.000,637.000,3.428734,12.310463,619.266,461.274,726.684,651.859,0.918200,detected
446,14.881548,far,15,649.000,401.000,3.048672,0.382145,613.651,289.576,680.498,417.645,0.901718,detected
447,14.914915,near,1,654.000,638.000,3.421269,12.339813,616.196,460.343,722.580,651.607,0.921581,detected
447,14.914915,far,15,653.000,402.000,3.100636,0.468415,619.112,291.277,687.599,417.439,0.900614,detected
448,14.948282,near,1,655.000,634.000,3.426134,12.222757,612.239,457.374,717.346,651.421,0.913002,detected
448,14.948282,far,15,655.000,404.000,3.129412,0.642464,622.151,292.520,692.768,417.084,0.903011,detected
449,14.981648,near,1,655.000,636.000,3.427869,12.281310,609.952,453.361,714.449,651.451,0.901934,detected
449,14.981648,far,15,656.000,403.000,3.139937,0.554752,623.812,295.021,696.105,416.861,0.894930,detected
450,15.015015,near,1,655.000,634.000,3.426134,12.222757,608.895,448.334,713.318,651.002,0.898232,detected
450,15.015015,far,15,657.000,404.000,3.154242,0.641593,623.793,297.047,697.816,416.580,0.909082,detected
451,15.048382,near,1,654.000,632.000,3.415991,12.164152,608.406,442.027,713.022,649.942,0.907207,detected
451,15.048382,far,15,658.000,403.000,3.164819,0.553881,623.348,296.532,700.061,416.219,0.904882,detected
452,15.081748,near,1,652.000,630.000,3.397369,12.105494,607.913,437.700,711.041,647.690,0.904744,detected
452,15.081748,far,15,661.000,404.000,3.203899,0.639851,625.022,296.016,703.909,416.321,0.904641,detected
453,15.115115,near,1,648.000,628.000,3.361748,12.047064,607.338,434.376,708.516,645.840,0.913506,detected
453,15.115115,far,15,671.000,402.000,3.325021,0.460575,629.776,293.682,709.754,415.128,0.870986,detected
454,15.148482,near,1,645.000,626.000,3.334393,11.988013,606.393,432.796,704.998,644.554,0.910226,detected
454,15.148482,far,15,680.000,403.000,3.438455,0.544302,638.972,291.558,719.385,414.764,0.859654,detected
455,15.181849,near,1,642.000,627.000,3.310028,12.018849,605.474,432.168,701.800,643.459,0.912955,detected
455,15.181849,far,15,690.000,404.000,3.563801,0.627228,648.789,290.024,729.938,415.977,0.883651,detected
456,15.215215,near,1,639.000,626.000,3.283568,11.989706,604.953,433.118,699.078,642.637,0.908701,detected
456,15.215215,far,15,699.000,405.000,3.676221,0.710227,657.431,289.148,738.367,416.490,0.885705,detected
457,15.248582,near,1,636.000,626.000,3.258155,11.990553,604.846,435.849,696.813,643.121,0.913310,detected
457,15.248582,far,15,706.000,405.000,3.762868,0.707183,665.746,290.022,746.063,417.655,0.890871,detected
458,15.281949,near,1,636.000,627.000,3.259274,12.020541,604.603,438.702,694.685,643.231,0.914484,detected
458,15.281949,far,15,709.000,406.000,3.800503,0.792432,671.302,290.159,751.018,417.753,0.859983,detected
459,15.315315,near,1,635.000,630.000,3.254189,12.110276,605.266,441.432,693.682,643.442,0.917475,detected
459,15.315315,far,15,710.000,407.000,3.813330,0.878190,675.114,290.590,753.944,418.103,0.886619,detected
460,15.348682,near,1,635.000,629.000,3.253067,12.080544,605.408,442.476,692.831,643.540,0.916389,detected
460,15.348682,far,15,710.000,405.000,3.812376,0.705443,676.919,290.374,755.032,418.094,0.883106,detected
461,15.382049,near,1,633.000,627.000,3.233896,12.021387,604.427,441.461,691.594,643.676,0.909744,detected
461,15.382049,far,15,711.000,408.000,3.826103,0.963590,677.522,288.988,755.555,417.943,0.896674,detected
462,15.415415,near,1,634.000,626.000,3.241212,11.991117,603.172,439.393,690.177,643.051,0.908167,detected
462,15.415415,far,15,712.000,405.000,3.837129,0.704573,678.841,287.570,756.693,417.368,0.893750,detected
463,15.448782,near,1,634.000,623.000,3.237762,11.900636,601.213,437.083,687.436,641.309,0.913313,detected
463,15.448782,far,15,713.000,402.000,3.848294,0.442290,682.114,287.044,758.853,415.686,0.887562,detected
464,15.482149,near,1,633.000,621.000,3.226912,11.840163,599.651,434.707,685.310,640.336,0.908877,detected
464,15.482149,far,15,713.000,395.000,3.845407,0.000000,684.661,287.000,759.547,413.316,0.878549,detected
465,15.515516,near,1,633.000,617.000,3.222190,11.717595,597.713,432.494,682.845,639.631,0.912319,detected
465,15.515516,far,15,714.000,393.000,3.857261,0.000000,687.212,287.000,759.692,410.224,0.854874,detected
466,15.548882,near,1,631.000,616.000,3.203810,11.687300,595.172,430.384,679.106,636.629,0.910312,detected
466,15.548882,far,15,716.000,390.000,3.881622,0.000000,690.109,287.000,759.946,407.182,0.884813,detected
467,15.582249,near,1,630.000,612.000,3.190273,11.563228,590.983,427.182,674.725,634.033,0.914240,detected
467,15.582249,far,15,720.000,389.000,3.932489,0.000000,693.788,287.000,760.980,404.943,0.893235,detected
468,15.615616,near,1,629.000,607.000,3.175304,11.406010,587.948,424.551,671.549,631.839,0.912059,detected
468,15.615616,far,15,722.000,386.000,3.957550,0.000000,697.790,287.000,762.485,403.383,0.883966,detected
469,15.648982,near,1,627.000,604.000,3.153969,11.310966,586.578,421.478,669.732,628.152,0.914885,detected
469,15.648982,far,15,726.000,383.000,4.008880,0.000000,702.359,287.000,764.403,401.872,0.843468,detected
470,15.682349,near,1,628.000,599.000,3.156177,11.149417,585.665,417.592,668.797,624.630,0.915454,detected
470,15.682349,far,15,732.000,379.000,4.087095,0.000000,706.707,287.000,765.962,400.024,0.845694,detected
471,15.715716,near,1,628.000,596.000,3.152206,11.051502,586.234,413.878,668.877,619.993,0.916617,detected
471,15.715716,far,15,735.000,376.000,4.126910,0.000000,710.122,287.000,766.821,397.716,0.821133,detected
472,15.749082,near,1,628.000,593.000,3.148200,10.952705,587.827,410.544,669.448,614.516,0.921959,detected
472,15.749082,far,15,738.000,377.000,4.166139,0.000000,712.236,287.000,767.230,395.910,0.784422,detected
473,15.782449,near,1,629.000,592.000,3.155762,10.919286,589.386,406.975,670.739,611.095,0.924365,detected
473,15.782449,far,15,739.000,377.000,4.179278,0.000000,713.524,287.000,767.809,395.344,0.800877,detected
474,15.815816,near,1,630.000,591.000,3.163347,10.885765,591.220,403.947,672.148,608.160,0.920498,detected
474,15.815816,far,15,739.000,379.000,4.178668,0.000000,715.868,287.000,769.200,393.365,0.844465,detected
475,15.849183,near,1,632.000,590.000,3.179887,10.851854,592.897,401.178,673.517,605.875,0.919266,detected
475,15.849183,far,15,741.000,380.000,4.204469,0.000000,718.754,287.000,771.724,391.950,0.824073,detected
476,15.882549,near,1,635.000,588.000,3.204157,10.784019,594.944,399.281,675.441,604.574,0.916159,detected
476,15.882549,far,15,743.000,380.000,4.230571,0.000000,723.452,287.000,775.872,391.167,0.842304,detected
477,15.915916,near,1,638.000,586.000,3.228574,10.715773,597.098,398.070,677.417,603.746,0.909211,detected
477,15.915916,far,15,745.000,379.000,4.257149,0.000000,727.548,287.000,779.438,390.026,0.799209,detected
478,15.949283,near,1,638.000,586.000,3.228574,10.715773,598.749,397.622,679.117,603.559,0.897442,detected
478,15.949283,far,15,744.000,375.000,4.245880,0.000000,728.873,287.000,780.746,389.598,0.815476,detected
479,15.982649,near,1,640.000,587.000,3.247750,10.748930,600.815,397.776,681.089,603.482,0.894519,detected
479,15.982649,far,15,747.000,374.000,4.286014,0.000000,730.293,287.000,781.987,389.206,0.819654,detected
480,16.016016,near,1,640.000,585.000,3.245337,10.681350,603.010,397.888,682.944,603.056,0.907870,detected
480,16.016016,far,15,747.000,373.000,4.286562,0.000000,731.833,287.000,783.670,389.347,0.834039,detected
481,16.049383,near,1,641.000,582.000,3.250730,10.578914,604.585,398.043,683.938,601.785,0.906397,detected
481,16.049383,far,,747.000,373.000,4.286562,0.000000,,,,,0.000000,tracked
482,16.082749,near,1,643.000,581.000,3.267629,10.544074,606.257,397.324,685.668,600.576,0.907257,detected
482,16.082749,far,,747.000,373.000,4.286562,0.000000,,,,,0.000000,tracked
483,16.116116,near,1,644.000,581.000,3.276683,10.543782,607.534,396.614,687.166,599.597,0.910359,detected
483,16.116116,far,,747.000,373.000,4.286562,0.000000,,,,,0.000000,tracked
484,16.149483,near,1,645.000,582.000,3.286891,10.577748,609.224,395.563,688.981,598.097,0.914447,detected
484,16.149483,far,,747.000,373.000,4.286562,0.000000,,,,,0.000000,tracked
485,16.182850,near,1,648.000,581.000,3.312898,10.542615,609.976,394.575,690.304,597.206,0.924431,detected
485,16.182850,far,,749.000,373.000,4.313071,0.000000,,,,,0.000000,tracked
486,16.216216,near,1,649.000,580.000,3.320849,10.507960,610.717,393.377,691.563,596.096,0.922717,detected
486,16.216216,far,,749.000,373.000,4.313071,0.000000,,,,,0.000000,tracked
487,16.249583,near,1,650.000,581.000,3.331004,10.542032,611.211,392.490,692.564,595.437,0.926007,detected
487,16.249583,far,,749.000,373.000,4.313071,0.000000,,,,,0.000000,tracked
488,16.282950,near,1,650.000,580.000,3.329916,10.507668,611.172,391.610,693.082,595.109,0.924082,detected
488,16.282950,far,,749.000,373.000,4.313071,0.000000,,,,,0.000000,tracked
489,16.316316,near,1,649.000,580.000,3.320849,10.507960,611.421,390.978,693.614,594.769,0.923612,detected
489,16.316316,far,,749.000,373.000,4.313071,0.000000,,,,,0.000000,tracked
490,16.349683,near,1,649.000,580.000,3.320849,10.507960,611.590,390.601,693.883,594.725,0.923335,detected
490,16.349683,far,,753.000,373.000,4.366086,0.000000,,,,,0.000000,tracked
491,16.383050,near,1,648.000,580.000,3.311782,10.508252,611.471,390.288,693.755,594.829,0.925937,detected
491,16.383050,far,,,,,,,,,,0.000000,missing
492,16.416416,near,1,648.000,580.000,3.311782,10.508252,611.089,389.917,693.313,595.040,0.924713,detected
492,16.416416,far,,,,,,,,,,0.000000,missing
493,16.449783,near,1,647.000,580.000,3.302715,10.508544,611.194,389.868,692.951,595.155,0.919576,detected
493,16.449783,far,,,,,,,,,,0.000000,missing
494,16.483150,near,1,648.000,580.000,3.311782,10.508252,610.965,389.662,692.023,595.213,0.913157,detected
494,16.483150,far,,,,,,,,,,0.000000,missing
495,16.516517,near,1,648.000,580.000,3.311782,10.508252,610.565,389.649,690.649,595.188,0.918236,detected
495,16.516517,far,,,,,,,,,,0.000000,missing
496,16.549883,near,1,648.000,579.000,3.310663,10.473783,609.978,389.552,688.947,595.169,0.915150,detected
496,16.549883,far,,,,,,,,,,0.000000,missing
497,16.583250,near,1,648.000,578.000,3.309540,10.439209,609.451,389.564,687.203,595.085,0.913320,detected
497,16.583250,far,,,,,,,,,,0.000000,missing
498,16.616617,near,1,647.000,577.000,3.299305,10.404820,608.789,388.653,685.554,594.639,0.912175,detected
498,16.616617,far,,,,,,,,,,0.000000,missing
499,16.649983,near,1,646.000,578.000,3.291350,10.439794,607.775,388.160,683.490,594.592,0.911762,detected
499,16.649983,far,,,,,,,,,,0.000000,missing
500,16.683350,near,1,647.000,577.000,3.299305,10.404820,606.252,387.199,681.154,594.281,0.907758,detected
500,16.683350,far,,,,,,,,,,0.000000,missing
501,16.716717,near,1,646.000,576.000,3.289038,10.370326,604.850,386.590,678.782,593.928,0.904493,detected
501,16.716717,far,,,,,,,,,,0.000000,missing
502,16.750083,near,1,646.000,574.000,3.286712,10.300428,603.859,385.751,676.787,592.966,0.900698,detected
502,16.750083,far,,,,,,,,,,0.000000,missing
503,16.783450,near,1,646.000,572.000,3.284371,10.230097,602.973,385.067,674.924,591.879,0.902042,detected
503,16.783450,far,,,,,,,,,,0.000000,missing
504,16.816817,near,1,645.000,569.000,3.271610,10.124072,602.240,384.447,673.400,590.675,0.904268,detected
504,16.816817,far,,,,,,,,,,0.000000,missing
505,16.850184,near,1,645.000,569.000,3.271610,10.124072,601.021,383.793,671.658,589.632,0.901282,detected
505,16.850184,far,,,,,,,,,,0.000000,missing
506,16.883550,near,1,644.000,568.000,3.261171,10.088706,599.347,383.654,669.493,588.389,0.905252,detected
506,16.883550,far,,,,,,,,,,0.000000,missing
507,16.916917,near,1,642.000,568.000,3.242696,10.089295,597.855,383.428,667.597,586.785,0.907189,detected
507,16.916917,far,,,,,,,,,,0.000000,missing
508,16.950284,near,1,641.000,568.000,3.233458,10.089590,596.089,383.141,665.545,584.704,0.915244,detected
508,16.950284,far,,,,,,,,,,0.000000,missing
509,16.983650,near,1,639.000,567.000,3.213690,10.054408,594.515,382.887,663.982,583.194,0.920548,detected
509,16.983650,far,,,,,,,,,,0.000000,missing
510,17.017017,near,1,638.000,568.000,3.205743,10.090473,592.938,382.737,662.945,582.712,0.920214,detected
510,17.017017,far,,,,,,,,,,0.000000,missing
511,17.050384,near,1,636.000,566.000,3.184592,10.019410,592.147,382.687,662.652,582.037,0.922748,detected
511,17.050384,far,,,,,,,,,,0.000000,missing
512,17.083750,near,1,634.000,564.000,3.163307,9.947898,590.511,382.559,661.944,581.716,0.920601,detected
512,17.083750,far,,,,,,,,,,0.000000,missing
513,17.117117,near,1,631.000,565.000,3.136836,9.984891,588.916,382.133,661.748,582.085,0.917340,detected
513,17.117117,far,,,,,,,,,,0.000000,missing
514,17.150484,near,1,628.000,565.000,3.108987,9.985777,586.987,381.997,661.219,582.310,0.914234,detected
514,17.150484,far,,,,,,,,,,0.000000,missing
515,17.183851,near,1,624.000,565.000,3.071853,9.986958,585.646,381.842,661.106,582.210,0.913889,detected
515,17.183851,far,,,,,,,,,,0.000000,missing
516,17.217217,near,1,622.000,567.000,3.056374,10.059419,584.151,381.401,660.854,581.895,0.916822,detected
516,17.217217,far,,,,,,,,,,0.000000,missing
517,17.250584,near,1,620.000,567.000,3.037864,10.060008,583.028,381.072,660.955,581.778,0.919589,detected
517,17.250584,far,,,,,,,,,,0.000000,missing
518,17.283951,near,1,619.000,566.000,3.027023,10.024425,582.245,380.877,661.211,581.457,0.918508,detected
518,17.283951,far,,,,,,,,,,0.000000,missing
519,17.317317,near,1,617.000,566.000,3.008483,10.025015,580.858,380.601,661.009,581.684,0.916592,detected
519,17.317317,far,,,,,,,,,,0.000000,missing
520,17.350684,near,1,616.000,564.000,2.995939,9.953216,579.654,380.449,660.694,581.359,0.911335,detected
520,17.350684,far,,,,,,,,,,0.000000,missing
521,17.384051,near,1,616.000,564.000,2.995939,9.953216,578.309,380.093,660.537,581.821,0.909247,detected
521,17.384051,far,,,,,,,,,,0.000000,missing
522,17.417417,near,1,614.000,561.000,2.972303,9.844813,576.612,379.145,659.487,580.718,0.902675,detected
522,17.417417,far,,,,,,,,,,0.000000,missing
523,17.450784,near,1,613.000,558.000,2.957830,9.735081,574.880,378.460,657.838,578.989,0.903964,detected
523,17.450784,far,,,,,,,,,,0.000000,missing
524,17.484151,near,1,613.000,558.000,2.957830,9.735081,573.761,378.192,656.675,578.505,0.905186,detected
524,17.484151,far,,,,,,,,,,0.000000,missing
525,17.517518,near,1,610.000,557.000,2.927899,9.699062,573.246,377.879,655.793,577.751,0.904041,detected
525,17.517518,far,,,,,,,,,,0.000000,missing
526,17.550884,near,1,609.000,557.000,2.918495,9.699359,571.191,377.360,653.037,576.381,0.905105,detected
526,17.550884,far,,,,,,,,,,0.000000,missing
527,17.584251,near,1,607.000,555.000,2.896049,9.625784,569.469,377.216,649.884,574.297,0.899317,detected
527,17.584251,far,,,,,,,,,,0.000000,missing
528,17.617618,near,1,604.000,557.000,2.871475,9.700844,567.217,376.946,646.334,573.438,0.906946,detected
528,17.617618,far,,,,,,,,,,0.000000,missing
529,17.650984,near,1,602.000,557.000,2.852665,9.701438,564.538,376.734,642.207,572.952,0.899002,detected
529,17.650984,far,,,,,,,,,,0.000000,missing
530,17.684351,near,1,600.000,558.000,2.835771,9.738938,561.690,376.211,637.396,571.614,0.901814,detected
530,17.684351,far,,,,,,,,,,0.000000,missing
