frame,time_s,role,track_id,x_px,y_px,court_x_m,court_y_m,bbox_x1,bbox_y1,bbox_x2,bbox_y2,confidence,source
0,0.000000,near,1,503.000,570.000,1.971756,10.279217,461.954,403.698,553.846,593.999,0.920074,detected
0,0.000000,far,2,661.000,412.000,3.226517,1.414207,626.148,285.000,678.283,433.889,0.825417,detected
1,0.033367,near,1,503.000,571.000,1.974921,10.314596,461.767,404.314,553.600,594.473,0.921741,detected
1,0.033367,far,2,661.000,416.000,3.232994,1.748013,626.072,285.000,678.518,434.685,0.850173,detected
2,0.066733,near,1,502.000,571.000,1.965774,10.314944,461.655,404.397,553.426,594.429,0.921726,detected
2,0.066733,far,2,661.000,417.000,3.234597,1.830618,626.150,285.000,678.671,434.811,0.853817,detected
3,0.100100,near,1,502.000,570.000,1.962595,10.279566,462.028,404.547,553.709,594.381,0.919535,detected
3,0.100100,far,2,661.000,416.000,3.232994,1.748013,625.866,285.000,678.459,434.867,0.850355,detected
4,0.133467,near,1,502.000,571.000,1.965774,10.314944,462.508,404.517,554.097,593.976,0.922039,detected
4,0.133467,far,2,660.000,416.000,3.220933,1.748755,626.167,285.000,678.751,434.809,0.853547,detected
5,0.166834,near,1,502.000,571.000,1.965774,10.314944,462.595,404.510,554.224,593.844,0.921874,detected
5,0.166834,far,2,660.000,416.000,3.220933,1.748755,626.256,285.000,678.831,434.723,0.856515,detected
6,0.200200,near,1,502.000,571.000,1.965774,10.314944,462.836,404.519,554.582,593.745,0.921414,detected
6,0.200200,far,2,661.000,417.000,3.234597,1.830618,625.970,285.000,678.568,434.617,0.862267,detected
7,0.233567,near,1,502.000,571.000,1.965774,10.314944,462.678,404.509,554.630,593.743,0.922316,detected
7,0.233567,far,2,661.000,417.000,3.234597,1.830618,625.935,285.026,678.518,434.616,0.859816,detected
8,0.266934,near,1,502.000,571.000,1.965774,10.314944,462.473,404.491,554.761,594.000,0.921831,detected
8,0.266934,far,2,661.000,416.000,3.232994,1.748013,625.839,285.023,678.505,434.684,0.859680,detected
9,0.300300,near,1,502.000,570.000,1.962595,10.279566,462.288,404.049,554.891,593.852,0.921281,detected
9,0.300300,far,2,661.000,416.000,3.232994,1.748013,625.394,285.009,678.129,434.630,0.856713,detected
10,0.333667,near,1,502.000,570.000,1.962595,10.279566,462.064,404.176,554.885,594.108,0.920079,detected
10,0.333667,far,2,661.000,416.000,3.232994,1.748013,625.293,285.102,678.075,434.658,0.863427,detected
11,0.367034,near,1,502.000,570.000,1.962595,10.279566,462.162,403.809,555.199,593.894,0.920946,detected
11,0.367034,far,2,661.000,415.000,3.231385,1.665071,625.163,285.038,677.942,434.453,0.862100,detected
12,0.400400,near,1,502.000,571.000,1.965774,10.314944,462.291,403.856,555.659,594.243,0.921145,detected
12,0.400400,far,2,661.000,416.000,3.232994,1.748013,625.340,285.014,678.105,434.394,0.866433,detected
13,0.433767,near,1,502.000,571.000,1.965774,10.314944,462.125,403.868,555.532,594.058,0.921945,detected
13,0.433767,far,2,661.000,416.000,3.232994,1.748013,625.244,285.024,677.949,434.268,0.864998,detected
14,0.467134,near,1,502.000,570.000,1.962595,10.279566,462.258,403.885,555.872,594.236,0.922036,detected
14,0.467134,far,2,661.000,416.000,3.232994,1.748013,625.278,285.158,677.901,434.300,0.858736,detected
15,0.500501,near,1,502.000,570.000,1.962595,10.279566,462.242,403.449,556.211,594.368,0.922580,detected
15,0.500501,far,2,660.000,414.000,3.217659,1.582538,625.096,285.934,677.399,434.154,0.846498,detected
16,0.533867,near,1,502.000,570.000,1.962595,10.279566,461.978,403.332,556.212,594.437,0.923172,detected
16,0.533867,far,2,661.000,414.000,3.229769,1.581791,625.123,286.284,677.309,434.154,0.847664,detected
17,0.567234,near,1,502.000,570.000,1.962595,10.279566,461.804,403.245,556.134,594.477,0.924333,detected
17,0.567234,far,2,661.000,416.000,3.232994,1.748013,625.267,285.619,677.683,434.348,0.852893,detected
18,0.600601,near,1,502.000,570.000,1.962595,10.279566,461.933,403.242,556.206,594.170,0.922562,detected
18,0.600601,far,2,660.000,415.000,3.219299,1.665816,625.198,286.112,677.426,434.300,0.847637,detected
19,0.633967,near,1,502.000,570.000,1.962595,10.279566,462.137,403.242,556.566,594.125,0.920346,detected
19,0.633967,far,2,660.000,417.000,3.222560,1.831358,625.317,285.406,677.818,434.632,0.873011,detected
20,0.667334,near,1,502.000,570.000,1.962595,10.279566,462.181,403.275,556.756,594.107,0.920193,detected
20,0.667334,far,2,660.000,417.000,3.222560,1.831358,625.395,285.139,677.944,434.731,0.873553,detected
21,0.700701,near,1,502.000,570.000,1.962595,10.279566,462.226,403.294,556.931,594.103,0.919109,detected
21,0.700701,far,2,660.000,417.000,3.222560,1.831358,625.363,285.038,677.892,434.820,0.872027,detected
22,0.734067,near,1,502.000,570.000,1.962595,10.279566,462.161,403.126,557.033,594.014,0.918585,detected
22,0.734067,far,2,661.000,417.000,3.234597,1.830618,625.390,285.001,677.856,434.828,0.869831,detected
23,0.767434,near,1,502.000,570.000,1.962595,10.279566,462.196,402.935,557.222,594.001,0.917773,detected
23,0.767434,far,2,660.000,416.000,3.220933,1.748755,625.247,285.000,677.663,434.797,0.869252,detected
24,0.800801,near,1,502.000,570.000,1.962595,10.279566,461.880,403.030,556.923,594.027,0.919462,detected
24,0.800801,far,2,660.000,417.000,3.222560,1.831358,625.085,285.000,677.445,434.733,0.872252,detected
25,0.834168,near,1,502.000,570.000,1.962595,10.279566,461.807,402.743,556.990,593.989,0.917493,detected
25,0.834168,far,2,660.000,416.000,3.220933,1.748755,625.191,285.000,677.487,434.816,0.866482,detected
26,0.867534,near,1,502.000,570.000,1.962595,10.279566,461.682,402.629,556.941,593.917,0.919043,detected
26,0.867534,far,2,660.000,417.000,3.222560,1.831358,624.939,285.000,677.153,434.773,0.875473,detected
27,0.900901,near,1,502.000,570.000,1.962595,10.279566,461.747,402.787,556.953,593.872,0.920539,detected
27,0.900901,far,2,660.000,416.000,3.220933,1.748755,625.090,285.000,677.181,434.781,0.862074,detected
28,0.934268,near,1,502.000,570.000,1.962595,10.279566,461.701,402.852,557.017,594.073,0.920562,detected
28,0.934268,far,2,661.000,416.000,3.232994,1.748013,625.094,285.000,677.075,434.710,0.867514,detected
29,0.967634,near,1,502.000,570.000,1.962595,10.279566,461.855,402.882,557.101,593.833,0.920290,detected
29,0.967634,far,2,661.000,416.000,3.232994,1.748013,625.056,285.000,676.951,434.683,0.866566,detected
30,1.001001,near,1,502.000,570.000,1.962595,10.279566,461.840,402.887,557.251,594.109,0.919163,detected
30,1.001001,far,2,660.000,416.000,3.220933,1.748755,624.922,285.000,676.741,434.621,0.863509,detected
31,1.034368,near,1,502.000,570.000,1.962595,10.279566,461.843,402.878,557.214,593.928,0.920101,detected
31,1.034368,far,2,661.000,416.000,3.232994,1.748013,624.883,285.000,676.587,434.568,0.866082,detected
32,1.067734,near,1,502.000,570.000,1.962595,10.279566,461.807,402.866,557.194,593.867,0.919979,detected
32,1.067734,far,2,661.000,416.000,3.232994,1.748013,624.639,285.000,676.304,434.570,0.866418,detected
33,1.101101,near,1,502.000,570.000,1.962595,10.279566,461.739,402.847,557.169,593.832,0.918953,detected
33,1.101101,far,2,661.000,416.000,3.232994,1.748013,624.283,285.000,676.017,434.609,0.869135,detected
34,1.134468,near,1,502.000,570.000,1.962595,10.279566,461.764,402.817,557.259,593.910,0.922289,detected
34,1.134468,far,2,661.000,416.000,3.232994,1.748013,623.829,285.000,675.669,434.641,0.871247,detected
35,1.167835,near,1,502.000,570.000,1.962595,10.279566,461.726,402.837,557.237,593.905,0.922543,detected
35,1.167835,far,2,661.000,416.000,3.232994,1.748013,623.441,285.000,675.427,434.683,0.874030,detected
36,1.201201,near,1,502.000,570.000,1.962595,10.279566,461.694,402.829,557.192,593.971,0.923221,detected
36,1.201201,far,2,662.000,416.000,3.245056,1.747271,623.427,285.000,675.417,434.538,0.867298,detected
37,1.234568,near,1,502.000,570.000,1.962595,10.279566,461.683,402.836,557.145,593.989,0.923155,detected
37,1.234568,far,2,662.000,417.000,3.246634,1.829879,623.090,285.000,675.180,434.588,0.868739,detected
38,1.267935,near,1,502.000,570.000,1.962595,10.279566,461.741,402.852,557.169,594.009,0.921619,detected
38,1.267935,far,2,662.000,417.000,3.246634,1.829879,622.611,285.000,674.727,434.361,0.869497,detected
39,1.301301,near,1,502.000,570.000,1.962595,10.279566,461.789,402.580,557.250,593.934,0.921267,detected
39,1.301301,far,2,662.000,417.000,3.246634,1.829879,622.066,285.015,674.315,434.251,0.869063,detected
40,1.334668,near,1,502.000,570.000,1.962595,10.279566,461.866,402.645,557.259,593.948,0.921837,detected
40,1.334668,far,2,662.000,417.000,3.246634,1.829879,621.257,285.004,673.907,434.486,0.876728,detected
41,1.368035,near,1,502.000,570.000,1.962595,10.279566,461.853,402.434,557.291,593.935,0.918579,detected
41,1.368035,far,2,661.000,416.000,3.232994,1.748013,620.827,285.000,673.707,434.326,0.864608,detected
42,1.401401,near,1,502.000,570.000,1.962595,10.279566,462.066,402.575,557.390,593.949,0.919610,detected
42,1.401401,far,2,661.000,417.000,3.234597,1.830618,619.606,285.000,672.967,434.446,0.875887,detected
43,1.434768,near,1,502.000,569.000,1.959406,10.244077,462.030,402.271,557.354,593.716,0.919858,detected
43,1.434768,far,2,659.000,418.000,3.212169,1.914364,618.509,285.000,672.386,434.447,0.880656,detected
44,1.468135,near,1,502.000,569.000,1.959406,10.244077,461.952,402.178,557.269,593.678,0.921105,detected
44,1.468135,far,2,658.000,418.000,3.200158,1.915100,617.966,285.048,672.550,434.446,0.876726,detected
45,1.501502,near,1,502.000,569.000,1.959406,10.244077,461.945,402.145,557.180,593.525,0.919882,detected
45,1.501502,far,2,659.000,417.000,3.210524,1.832097,617.354,285.017,673.050,434.536,0.875541,detected
46,1.534868,near,1,502.000,568.000,1.956206,10.208479,461.959,402.128,557.181,593.607,0.920507,detected
46,1.534868,far,2,657.000,416.000,3.184752,1.750981,614.783,285.067,671.725,434.715,0.874839,detected
47,1.568235,near,1,502.000,569.000,1.959406,10.244077,461.799,401.838,556.938,593.646,0.920121,detected
47,1.568235,far,2,658.000,415.000,3.195129,1.667305,613.602,285.024,671.441,434.712,0.852230,detected
48,1.601602,near,1,502.000,570.000,1.962595,10.279566,461.949,402.131,556.689,593.678,0.923990,detected
48,1.601602,far,2,658.000,414.000,3.193439,1.584032,611.759,285.008,670.502,434.762,0.854768,detected
49,1.634968,near,1,501.000,572.000,1.959811,10.350561,462.247,402.409,556.591,593.860,0.923033,detected
49,1.634968,far,2,659.000,417.000,3.210524,1.832097,606.490,285.002,666.864,434.639,0.867557,detected
50,1.668335,near,1,501.000,572.000,1.959811,10.350561,462.617,402.570,556.606,593.933,0.923157,detected
50,1.668335,far,2,659.000,415.000,3.207214,1.666560,611.519,285.000,671.699,434.657,0.815645,detected
51,1.701702,near,1,501.000,572.000,1.959811,10.350561,462.423,402.056,556.025,593.865,0.922364,detected
51,1.701702,far,2,659.000,418.000,3.212169,1.914364,611.048,285.000,671.792,434.731,0.838859,detected
52,1.735068,near,1,503.000,570.000,1.971756,10.279217,462.284,400.640,555.584,593.375,0.916483,detected
52,1.735068,far,2,659.000,418.000,3.212169,1.914364,610.989,285.000,672.129,434.807,0.820021,detected
53,1.768435,near,1,503.000,565.000,1.955781,10.100665,461.841,397.948,554.609,592.010,0.914068,detected
53,1.768435,far,2,659.000,417.000,3.210524,1.832097,610.529,285.000,671.762,434.585,0.842988,detected
54,1.801802,near,1,503.000,558.000,1.932995,9.845971,462.019,395.212,552.502,586.305,0.908988,detected
54,1.801802,far,2,659.000,416.000,3.208873,1.749497,610.119,285.000,671.511,434.431,0.848111,detected
55,1.835169,near,1,505.000,558.000,1.951663,9.845253,461.972,392.142,549.823,579.512,0.910296,detected
55,1.835169,far,2,661.000,415.000,3.231385,1.665071,610.875,285.000,672.148,433.557,0.848739,detected
56,1.868535,near,1,507.000,559.000,1.973559,9.881266,461.012,388.932,548.245,577.088,0.907908,detected
56,1.868535,far,2,660.000,414.000,3.217659,1.582538,610.137,285.000,671.293,432.929,0.848929,detected
57,1.901902,near,1,509.000,558.000,1.989000,9.843816,460.074,385.628,546.795,575.589,0.915562,detected
57,1.901902,far,2,662.000,411.000,3.237067,1.329145,610.557,285.475,671.653,432.125,0.868493,detected
58,1.935269,near,1,510.000,557.000,1.995142,9.806606,459.231,383.238,545.438,574.894,0.918281,detected
58,1.935269,far,2,663.000,411.000,3.249252,1.328390,610.084,286.859,670.846,430.938,0.867465,detected
59,1.968635,near,1,512.000,557.000,2.013841,9.805885,458.423,380.486,544.422,574.576,0.916981,detected
59,1.968635,far,2,659.000,414.000,3.205549,1.583285,606.471,288.905,667.745,431.020,0.889666,detected
60,2.002002,near,1,513.000,555.000,2.016863,9.731469,457.734,377.373,543.930,574.589,0.909450,detected
60,2.002002,far,2,658.000,414.000,3.193439,1.584032,603.651,290.657,665.666,430.895,0.882375,detected
61,2.035369,near,1,514.000,555.000,2.026243,9.731107,457.543,375.337,543.491,574.205,0.910525,detected
61,2.035369,far,2,656.000,416.000,3.172692,1.751723,601.972,292.209,665.022,431.087,0.900859,detected
62,2.068735,near,1,515.000,555.000,2.035623,9.730745,457.870,374.755,543.076,573.605,0.909780,detected
62,2.068735,far,2,656.000,416.000,3.172692,1.751723,600.610,294.455,664.525,431.225,0.891442,detected
63,2.102102,near,1,516.000,553.000,2.038723,9.655851,457.927,375.003,542.413,573.395,0.905017,detected
63,2.102102,far,2,655.000,415.000,3.158876,1.669539,601.685,294.204,667.089,430.873,0.895127,detected
64,2.135469,near,1,517.000,549.000,2.035513,9.504992,457.911,376.330,541.013,571.974,0.900075,detected
64,2.135469,far,2,654.000,415.000,3.146792,1.670283,602.716,293.459,669.898,431.075,0.879873,detected
65,2.168836,near,1,518.000,547.000,2.038643,9.428651,458.094,376.829,540.417,570.669,0.898614,detected
65,2.168836,far,2,654.000,416.000,3.148573,1.753207,602.520,292.973,670.956,430.811,0.890328,detected
66,2.202202,near,1,520.000,549.000,2.063925,9.503888,457.655,375.691,540.278,569.695,0.906569,detected
66,2.202202,far,2,651.000,412.000,3.104934,1.421731,602.410,293.602,671.543,430.213,0.894890,detected
67,2.235569,near,1,523.000,546.000,2.083040,9.388627,457.704,374.838,540.478,568.203,0.908473,detected
67,2.235569,far,2,644.000,407.000,3.009460,1.002193,602.744,294.305,671.813,428.717,0.889126,detected
68,2.268936,near,1,525.000,544.000,2.095886,9.311164,456.972,373.514,540.341,566.909,0.910176,detected
68,2.268936,far,2,638.000,408.000,2.938030,1.092431,601.406,296.697,670.225,428.169,0.904142,detected
69,2.302302,near,1,525.000,541.000,2.086529,9.195151,456.518,372.559,540.499,565.721,0.910403,detected
69,2.302302,far,2,633.000,410.000,2.881484,1.266452,600.114,298.115,668.985,427.399,0.898994,detected
70,2.335669,near,1,526.000,540.000,2.093000,9.155853,455.494,370.631,540.558,564.578,0.905392,detected
70,2.335669,far,2,624.000,414.000,2.781896,1.609425,596.628,299.014,666.437,427.735,0.906691,detected
71,2.369036,near,1,528.000,537.000,2.102882,9.037565,454.750,368.732,541.079,564.013,0.902987,detected
71,2.369036,far,2,619.000,416.000,2.726693,1.779164,592.526,300.498,662.659,428.001,0.899393,detected
72,2.402402,near,1,528.000,536.000,2.099749,8.998131,454.240,367.339,541.686,563.557,0.905949,detected
72,2.402402,far,2,613.000,414.000,2.648826,1.617636,588.136,302.596,658.339,427.967,0.904512,detected
73,2.435769,near,1,528.000,535.000,2.096606,8.958569,454.489,367.087,542.497,563.011,0.904126,detected
73,2.435769,far,2,610.000,414.000,2.612540,1.619875,583.259,303.757,654.014,428.013,0.902105,detected
74,2.469136,near,1,527.000,536.000,2.090077,8.998512,455.678,367.621,543.811,562.525,0.905362,detected
74,2.469136,far,2,608.000,414.000,2.588351,1.621368,580.062,303.488,651.998,427.973,0.906019,detected
75,2.502503,near,1,527.000,536.000,2.090077,8.998512,457.135,369.149,545.169,562.611,0.898233,detected
75,2.502503,far,2,609.000,414.000,2.600446,1.620621,578.031,302.342,651.210,427.871,0.913064,detected
76,2.535869,near,1,525.000,538.000,2.077082,9.078007,458.444,370.105,546.461,562.359,0.905070,detected
76,2.535869,far,2,610.000,413.000,2.609658,1.536386,574.188,296.655,650.675,428.280,0.908014,detected
77,2.569236,near,1,525.000,536.000,2.070732,8.999274,459.950,371.810,547.618,562.177,0.903290,detected
77,2.569236,far,2,609.000,413.000,2.597539,1.537135,571.795,293.563,649.390,428.013,0.905712,detected
78,2.602603,near,1,523.000,536.000,2.051389,9.000035,462.188,374.248,549.190,562.536,0.905976,detected
78,2.602603,far,2,609.000,410.000,2.588746,1.284618,569.797,291.200,646.930,425.887,0.889687,detected
79,2.635969,near,1,524.000,539.000,2.070616,9.117559,464.357,378.556,549.589,562.169,0.905033,detected
79,2.635969,far,2,608.000,408.000,2.570580,1.115298,566.344,287.933,643.854,424.289,0.891718,detected
80,2.669336,near,1,524.000,541.000,2.076936,9.195527,465.422,380.476,550.142,562.016,0.904479,detected
80,2.669336,far,2,608.000,404.000,2.558487,0.770899,563.312,285.706,640.892,421.959,0.904014,detected
81,2.702703,near,1,525.000,543.000,2.092777,9.272618,466.407,381.966,551.023,562.584,0.913005,detected
81,2.702703,far,2,605.000,400.000,2.508845,0.423070,562.339,285.000,638.839,418.723,0.915661,detected
82,2.736069,near,1,527.000,545.000,2.118050,9.348843,467.374,382.113,552.516,563.470,0.903563,detected
82,2.736069,far,2,601.000,399.000,2.455767,0.337758,561.851,285.000,637.158,415.534,0.911530,detected
83,2.769436,near,1,528.000,548.000,2.136682,9.463009,469.514,382.008,555.460,565.096,0.899429,detected
83,2.769436,far,2,596.000,397.000,2.386524,0.163706,560.675,285.000,635.045,412.964,0.904850,detected
84,2.802803,near,1,530.000,549.000,2.158641,9.500209,472.546,381.293,558.803,564.871,0.891152,detected
84,2.802803,far,2,592.000,394.000,2.325679,0.000000,557.517,285.000,630.890,410.781,0.882585,detected
85,2.836170,near,1,532.000,550.000,2.180531,9.537291,475.251,379.768,562.454,565.448,0.912902,detected
85,2.836170,far,2,587.000,396.000,2.270123,0.081303,553.548,285.000,626.589,409.754,0.874184,detected
86,2.869536,near,1,537.000,549.000,2.224954,9.497633,478.403,379.243,565.718,565.310,0.914048,detected
86,2.869536,far,2,588.000,398.000,2.290005,0.259199,548.077,285.000,621.661,409.722,0.890061,detected
87,2.902903,near,1,541.000,549.000,2.262851,9.496161,481.681,380.243,568.604,565.930,0.910370,detected
87,2.902903,far,2,582.000,390.000,2.184045,0.000000,542.520,285.000,615.248,409.343,0.868143,detected
88,2.936270,near,1,543.000,550.000,2.284579,9.533254,485.580,381.751,572.125,567.251,0.907947,detected
88,2.936270,far,2,581.000,390.000,2.171339,0.000000,537.300,285.000,608.101,409.100,0.816820,detected
89,2.969636,near,1,547.000,553.000,2.330521,9.644563,489.754,383.582,576.882,570.062,0.910133,detected
89,2.969636,far,2,576.000,392.000,2.115986,0.000000,536.042,285.000,605.885,408.923,0.847787,detected
90,3.003003,near,1,551.000,557.000,2.378631,9.791830,493.419,387.008,580.491,572.513,0.920394,detected
90,3.003003,far,2,569.000,390.000,2.018890,0.000000,531.568,285.000,599.515,407.773,0.824205,detected
91,3.036370,near,1,553.000,558.000,2.399907,9.827999,495.711,391.170,582.271,574.418,0.924038,detected
91,3.036370,far,2,564.000,390.000,1.955385,0.000000,528.752,285.000,595.499,406.030,0.863442,detected
92,3.069736,near,1,554.000,556.000,2.404148,9.753740,497.246,394.968,582.232,573.248,0.918717,detected
92,3.069736,far,2,559.000,387.000,1.878101,0.000000,526.003,285.000,591.427,403.841,0.864585,detected
93,3.103103,near,1,556.000,559.000,2.430445,9.863697,496.582,398.260,583.279,578.756,0.910302,detected
93,3.103103,far,2,558.000,385.000,1.855976,0.000000,522.326,285.000,586.308,400.774,0.855256,detected
94,3.136470,near,1,556.000,565.000,2.445337,10.081953,494.479,400.278,584.152,585.812,0.920857,detected
94,3.136470,far,2,554.000,381.000,1.785254,0.000000,517.010,285.000,578.803,397.111,0.760680,detected
95,3.169837,near,1,558.000,568.000,2.471076,10.188856,492.646,402.028,583.959,589.081,0.918097,detected
95,3.169837,far,2,551.000,380.000,1.741434,0.000000,510.918,285.000,571.589,395.979,0.805491,detected
96,3.203203,near,1,560.000,575.000,2.505948,10.435407,490.432,403.783,584.105,593.026,0.922394,detected
96,3.203203,far,2,548.000,377.000,1.687177,0.000000,507.703,285.000,566.983,393.907,0.794730,detected
97,3.236570,near,1,562.000,576.000,2.526447,10.469608,489.276,405.617,584.674,594.318,0.922966,detected
97,3.236570,far,2,544.000,375.000,1.624380,0.000000,506.600,285.000,563.581,390.190,0.766626,detected
98,3.269937,near,1,563.000,578.000,2.540079,10.538727,488.940,407.327,586.201,595.399,0.934871,detected
98,3.269937,far,2,541.000,371.000,1.563268,0.000000,505.457,285.000,560.774,387.417,0.749749,detected
99,3.303303,near,1,563.000,578.000,2.540079,10.538727,488.834,407.484,588.103,595.768,0.939497,detected
99,3.303303,far,2,538.000,370.000,1.517989,0.000000,504.638,285.000,559.128,385.745,0.799397,detected
100,3.336670,near,1,565.000,577.000,2.555958,10.503364,489.005,406.421,590.312,595.653,0.938471,detected
100,3.336670,far,2,534.000,370.000,1.464960,0.000000,504.502,285.000,558.934,383.762,0.659097,detected
101,3.370037,near,1,565.000,576.000,2.553710,10.468577,490.290,404.954,593.440,595.382,0.932407,detected
101,3.370037,far,2,531.000,370.000,1.425193,0.000000,503.944,285.000,559.001,382.805,0.787724,detected
102,3.403403,near,1,568.000,572.000,2.572080,10.327318,494.341,404.608,598.847,595.238,0.926401,detected
102,3.403403,far,,531.000,370.000,1.425193,0.000000,,,,,0.000000,tracked
103,3.436770,near,1,568.000,572.000,2.572080,10.327318,499.215,404.649,604.631,594.783,0.928081,detected
103,3.436770,far,,531.000,370.000,1.425193,0.000000,,,,,0.000000,tracked
104,3.470137,near,1,569.000,572.000,2.581224,10.326971,505.686,405.154,611.845,593.725,0.924962,detected
104,3.470137,far,,531.000,370.000,1.425193,0.000000,,,,,0.000000,tracked
105,3.503504,near,1,571.000,575.000,2.606068,10.431617,512.312,406.964,620.327,595.058,0.930480,detected
105,3.503504,far,,531.000,370.000,1.425193,0.000000,,,,,0.000000,tracked
106,3.536870,near,1,571.000,576.000,2.608239,10.466515,515.441,409.585,625.116,596.035,0.927513,detected
106,3.536870,far,,531.000,370.000,1.425193,0.000000,,,,,0.000000,tracked
107,3.570237,near,1,573.000,578.000,2.630684,10.535308,516.535,413.659,627.046,596.568,0.927316,detected
107,3.570237,far,,531.000,370.000,1.425193,0.000000,,,,,0.000000,tracked
108,3.603604,near,1,576.000,582.000,2.666162,10.671987,518.108,417.975,629.797,597.204,0.926615,detected
108,3.603604,far,,531.000,370.000,1.425193,0.000000,,,,,0.000000,tracked
109,3.636970,near,1,578.000,582.000,2.684176,10.671309,519.197,421.535,632.493,597.584,0.930939,detected
109,3.636970,far,,531.000,370.000,1.425193,0.000000,,,,,0.000000,tracked
110,3.670337,near,1,580.000,580.000,2.698167,10.601982,519.484,423.407,634.778,597.197,0.932123,detected
110,3.670337,far,,531.000,370.000,1.425193,0.000000,,,,,0.000000,tracked
111,3.703704,near,1,579.000,577.000,2.683008,10.498564,519.033,424.016,635.972,595.446,0.923589,detected
111,3.703704,far,,531.000,370.000,1.425193,0.000000,,,,,0.000000,tracked
112,3.737070,near,1,579.000,572.000,2.672677,10.323499,519.349,425.311,636.528,592.543,0.919304,detected
112,3.737070,far,2,515.000,370.000,1.213156,0.000000,471.751,285.000,554.329,383.249,0.836558,detected
113,3.770437,near,1,576.000,575.000,2.651583,10.429893,515.554,425.070,636.224,592.395,0.923690,detected
113,3.770437,far,,515.000,370.000,1.213156,0.000000,,,,,0.000000,tracked
114,3.803804,near,1,573.000,570.000,2.613456,10.254809,510.660,424.132,633.394,588.331,0.929766,detected
114,3.803804,far,,515.000,370.000,1.213156,0.000000,,,,,0.000000,tracked
115,3.837171,near,1,567.000,568.000,2.553875,10.185701,503.991,423.588,629.590,585.191,0.931869,detected
115,3.837171,far,,515.000,370.000,1.213156,0.000000,,,,,0.000000,tracked
116,3.870537,near,1,563.000,569.000,2.519406,10.222755,496.107,424.668,626.020,585.308,0.928030,detected
116,3.870537,far,,515.000,370.000,1.213156,0.000000,,,,,0.000000,tracked
117,3.903904,near,1,562.000,570.000,2.512560,10.258647,484.938,427.121,619.278,586.133,0.913614,detected
117,3.903904,far,,515.000,370.000,1.213156,0.000000,,,,,0.000000,tracked
118,3.937271,near,1,558.000,574.000,2.485388,10.401101,473.746,430.684,612.448,587.047,0.932584,detected
118,3.937271,far,,515.000,370.000,1.213156,0.000000,,,,,0.000000,tracked
119,3.970637,near,1,555.000,573.000,2.455636,10.367038,466.032,434.277,608.062,587.479,0.933402,detected
119,3.970637,far,,515.000,370.000,1.213156,0.000000,,,,,0.000000,tracked
120,4.004004,near,1,552.000,573.000,2.428253,10.368076,463.397,437.055,608.006,587.748,0.925936,detected
120,4.004004,far,,515.000,370.000,1.213156,0.000000,,,,,0.000000,tracked
121,4.037371,near,1,551.000,573.000,2.419126,10.368423,462.288,438.843,608.534,587.950,0.927799,detected
121,4.037371,far,,515.000,370.000,1.213156,0.000000,,,,,0.000000,tracked
122,4.070737,near,1,548.000,572.000,2.389231,10.334259,462.942,439.130,610.310,587.529,0.932140,detected
122,4.070737,far,2,527.000,371.000,1.378092,0.000000,489.472,285.000,568.676,383.662,0.846921,detected
123,4.104104,near,1,548.000,572.000,2.389231,10.334259,463.706,438.666,612.602,588.105,0.925445,detected
123,4.104104,far,2,532.000,372.000,1.449962,0.000000,494.861,285.000,574.247,385.073,0.856360,detected
124,4.137471,near,1,547.000,571.000,2.377554,10.299297,458.275,430.486,615.077,587.955,0.917829,detected
124,4.137471,far,2,538.000,373.000,1.534692,0.000000,499.207,285.000,579.337,387.506,0.871826,detected
125,4.170838,near,1,546.000,572.000,2.370950,10.334953,460.525,430.764,616.628,587.895,0.934183,detected
125,4.170838,far,2,544.000,376.000,1.629677,0.000000,502.371,285.000,583.280,389.615,0.853077,detected
126,4.204204,near,1,546.000,570.000,2.365841,10.264228,460.445,427.196,618.862,587.418,0.930728,detected
126,4.204204,far,2,546.000,380.000,1.676573,0.000000,506.026,285.000,587.502,390.459,0.876321,detected
127,4.237571,near,1,545.000,569.000,2.354092,10.229050,459.377,422.889,620.739,587.076,0.932192,detected
127,4.237571,far,2,550.000,377.000,1.713293,0.000000,508.668,285.000,591.811,391.959,0.887175,detected
128,4.270938,near,1,546.000,567.000,2.358118,10.157315,458.169,418.503,622.473,586.980,0.934481,detected
128,4.270938,far,2,550.000,380.000,1.728461,0.000000,510.281,285.000,595.521,393.615,0.878495,detected
129,4.304304,near,1,547.000,567.000,2.367329,10.156963,457.527,414.263,623.732,586.252,0.933175,detected
129,4.304304,far,2,553.000,384.000,1.786961,0.000000,512.057,285.000,599.753,395.531,0.882372,detected
130,4.337671,near,1,549.000,567.000,2.385752,10.156260,459.317,410.803,625.938,585.198,0.930028,detected
130,4.337671,far,2,555.000,385.000,1.817471,0.000000,517.974,285.000,607.700,396.920,0.908936,detected
131,4.371038,near,1,552.000,566.000,2.410884,10.119342,465.039,408.492,630.691,584.557,0.931182,detected
131,4.371038,far,2,563.000,385.000,1.920157,0.000000,528.869,285.000,618.878,397.066,0.871287,detected
132,4.404404,near,1,555.000,570.000,2.448365,10.261088,470.404,407.619,634.538,584.630,0.936003,detected
132,4.404404,far,2,570.000,386.000,2.014376,0.000000,540.151,285.000,630.604,397.826,0.879803,detected
133,4.437771,near,1,555.000,570.000,2.448365,10.261088,472.885,407.356,635.146,584.629,0.935150,detected
133,4.437771,far,2,578.000,385.000,2.112753,0.000000,547.587,285.000,638.623,398.137,0.904155,detected
134,4.471138,near,1,555.000,570.000,2.448365,10.261088,473.824,408.204,633.816,585.064,0.933240,detected
134,4.471138,far,2,584.000,383.000,2.181836,0.000000,562.121,285.000,652.521,398.735,0.786587,detected
135,4.504505,near,1,555.000,569.000,2.445926,10.225554,474.806,409.000,632.808,585.411,0.931960,detected
135,4.504505,far,2,589.000,386.000,2.257864,0.000000,567.301,285.000,660.705,403.577,0.849645,detected
136,4.537871,near,1,556.000,570.000,2.457535,10.260739,475.922,408.599,632.889,585.517,0.934049,detected
136,4.537871,far,2,601.000,393.000,2.435736,0.000000,571.192,285.000,666.501,407.070,0.902081,detected
137,4.571238,near,1,558.000,569.000,2.473480,10.224504,476.747,408.487,632.603,585.709,0.930919,detected
137,4.571238,far,2,614.000,396.000,2.609015,0.059838,577.491,285.644,672.720,409.627,0.881676,detected
138,4.604605,near,1,559.000,567.000,2.477879,10.152746,478.424,408.414,632.558,584.931,0.932487,detected
138,4.604605,far,2,625.000,401.000,2.760518,0.495533,585.017,286.016,681.927,414.633,0.867003,detected
139,4.637971,near,1,562.000,566.000,2.503159,10.115818,480.449,408.397,632.970,584.439,0.931714,detected
139,4.637971,far,2,634.000,405.000,2.881950,0.837508,594.829,286.950,691.254,417.716,0.882783,detected
140,4.671338,near,1,565.000,565.000,2.528519,10.078773,484.425,408.419,635.129,584.366,0.926469,detected
140,4.671338,far,2,656.000,404.000,3.151432,0.733783,607.301,289.670,700.096,419.281,0.880582,detected
141,4.704705,near,1,571.000,570.000,2.595110,10.255507,487.779,407.900,638.152,586.241,0.923140,detected
141,4.704705,far,2,660.000,405.000,3.202587,0.817466,619.458,293.375,708.588,420.757,0.848287,detected
142,4.738071,near,1,574.000,568.000,2.618284,10.183247,492.353,406.116,642.139,587.097,0.919080,detected
142,4.738071,far,2,665.000,403.000,3.261104,0.639665,625.511,296.700,709.087,421.217,0.686295,detected
143,4.771438,near,1,579.000,566.000,2.660066,10.109827,498.870,403.430,647.473,587.131,0.918906,detected
143,4.771438,far,2,673.000,405.000,3.362986,0.807441,638.043,298.921,720.050,421.745,0.877587,detected
144,4.804805,near,1,584.000,567.000,2.708272,10.143957,507.610,400.427,654.954,586.996,0.911570,detected
144,4.804805,far,2,684.000,407.000,3.500923,0.971563,645.733,301.009,725.756,421.565,0.834727,detected
145,4.838172,near,1,588.000,566.000,2.743156,10.106654,515.009,396.476,660.675,586.742,0.916928,detected
145,4.838172,far,2,693.000,407.000,3.611572,0.964668,657.905,305.514,736.709,422.363,0.883772,detected
146,4.871538,near,1,593.000,565.000,2.787400,10.068878,523.731,392.196,666.358,585.481,0.909241,detected
146,4.871538,far,2,700.000,409.000,3.698994,1.130574,664.027,310.974,743.022,424.850,0.892406,detected
147,4.904905,near,1,600.000,564.000,2.850313,10.030272,532.490,388.670,670.562,583.556,0.912079,detected
147,4.904905,far,2,704.000,419.000,3.753554,1.963228,666.968,312.236,751.330,430.637,0.906442,detected
148,4.938272,near,1,604.000,561.000,2.882025,9.919767,540.784,386.812,672.161,579.808,0.902888,detected
148,4.938272,far,2,710.000,421.000,3.826363,2.121950,671.204,314.642,758.188,433.574,0.880440,detected
149,4.971638,near,1,610.000,565.000,2.944646,10.062867,548.441,385.814,676.553,581.370,0.906719,detected
149,4.971638,far,2,715.000,421.000,3.886140,2.118298,677.219,318.586,763.983,435.523,0.904466,detected
150,5.005005,near,1,615.000,566.000,2.992512,10.097132,556.434,385.867,679.867,580.747,0.905687,detected
150,5.005005,far,2,718.000,420.000,3.921805,2.034684,680.406,322.226,765.949,436.282,0.883366,detected
151,5.038372,near,1,622.000,569.000,3.061673,10.202110,563.378,387.650,684.419,584.789,0.918983,detected
151,5.038372,far,2,719.000,419.000,3.933605,1.952196,682.563,324.929,766.763,436.490,0.875512,detected
152,5.071738,near,1,626.000,573.000,3.104156,10.342443,569.498,390.514,687.814,588.600,0.910955,detected
152,5.071738,far,2,721.000,418.000,3.957484,1.868635,683.918,325.298,768.152,436.516,0.876784,detected
153,5.105105,near,1,629.000,574.000,3.132950,10.376566,575.508,395.358,689.159,590.538,0.904898,detected
153,5.105105,far,2,723.000,418.000,3.981545,1.867159,679.598,325.563,765.320,436.652,0.897493,detected
154,5.138472,near,1,628.000,578.000,3.129322,10.516488,579.689,399.450,691.153,595.716,0.902998,detected
154,5.138472,far,2,722.000,418.000,3.969514,1.867897,678.154,324.239,765.892,436.329,0.899113,detected
155,5.171839,near,1,628.000,584.000,3.137446,10.722683,582.262,402.761,691.766,600.319,0.918076,detected
155,5.171839,far,2,722.000,420.000,3.969732,2.031751,677.472,321.609,767.689,436.183,0.896492,detected
156,5.205205,near,1,635.000,586.000,3.202856,10.788235,588.729,405.885,694.971,602.259,0.914435,detected
156,5.205205,far,2,721.000,420.000,3.957750,2.032484,677.295,319.748,769.060,435.952,0.899316,detected
157,5.238572,near,1,642.000,579.000,3.257502,10.546334,596.333,408.846,698.063,601.300,0.895429,detected
157,5.238572,far,2,719.000,422.000,3.934147,2.196473,677.149,316.690,770.703,435.632,0.897622,detected
158,5.271939,near,1,651.000,577.000,3.336949,10.473859,602.611,412.211,700.637,601.445,0.902178,detected
158,5.271939,far,2,718.000,422.000,3.922214,2.197201,676.139,313.323,771.858,435.786,0.903506,detected
159,5.305305,near,1,660.000,576.000,3.417827,10.435901,608.223,413.368,702.244,598.158,0.898691,detected
159,5.305305,far,2,716.000,420.000,3.897844,2.036150,674.139,309.569,772.049,435.694,0.903683,detected
160,5.338672,near,1,664.000,582.000,3.459435,10.642161,614.641,415.783,707.425,599.422,0.911356,detected
160,5.338672,far,2,714.000,419.000,3.873580,1.955874,670.633,306.571,769.508,434.911,0.901579,detected
161,5.372039,near,1,669.000,586.000,3.507682,10.776817,621.597,417.569,714.020,600.441,0.911023,detected
161,5.372039,far,2,709.000,417.000,3.812711,1.795098,666.741,305.113,765.671,434.248,0.903969,detected
162,5.405405,near,1,669.000,586.000,3.507682,10.776817,624.431,415.700,717.326,600.505,0.904918,detected
162,5.405405,far,2,706.000,416.000,3.776057,1.714600,662.755,304.566,760.422,433.075,0.870397,detected
163,5.438772,near,1,669.000,586.000,3.507682,10.776817,626.115,414.875,718.841,600.578,0.903088,detected
163,5.438772,far,2,704.000,418.000,3.753007,1.881181,661.429,304.381,757.980,432.621,0.884488,detected
164,5.472139,near,1,670.000,586.000,3.516650,10.776482,627.271,414.951,719.405,600.654,0.907816,detected
164,5.472139,far,2,707.000,417.000,3.788609,1.796579,661.228,304.777,756.048,432.785,0.889975,detected
165,5.505506,near,1,671.000,586.000,3.525619,10.776146,627.502,414.576,719.327,600.807,0.903897,detected
165,5.505506,far,2,706.000,418.000,3.777059,1.879705,661.093,304.832,754.544,432.979,0.888043,detected
166,5.538872,near,1,672.000,584.000,3.533107,10.707835,626.428,413.279,718.489,601.195,0.903989,detected
166,5.538872,far,2,706.000,417.000,3.776559,1.797320,661.160,303.667,753.622,432.303,0.889179,detected
167,5.572239,near,1,672.000,588.000,3.536060,10.843375,623.958,412.110,716.022,602.750,0.904682,detected
167,5.572239,far,2,705.000,416.000,3.763982,1.715342,660.198,303.260,751.889,432.318,0.892581,detected
168,5.605606,near,1,673.000,590.000,3.546439,10.910201,620.858,413.365,712.073,605.847,0.907251,detected
168,5.605606,far,2,703.000,415.000,3.739255,1.633779,657.839,298.778,750.870,431.774,0.881038,detected
169,5.638972,near,1,676.000,588.000,3.571829,10.842037,619.126,415.307,710.143,610.646,0.903299,detected
169,5.638972,far,2,698.000,414.000,3.678062,1.554131,654.170,295.092,746.815,430.413,0.884557,detected
170,5.672339,near,1,677.000,591.000,3.582763,10.942304,617.995,417.302,709.310,615.537,0.913276,detected
170,5.672339,far,2,693.000,413.000,3.616627,1.474166,650.045,296.059,738.782,428.879,0.873921,detected
171,5.705706,near,1,677.000,593.000,3.584080,11.008869,620.008,419.024,709.015,614.113,0.910303,detected
171,5.705706,far,2,686.000,410.000,3.528584,1.226297,646.248,295.750,732.423,427.714,0.876244,detected
172,5.739072,near,1,677.000,598.000,3.587340,11.173555,617.366,420.163,706.630,615.947,0.915380,detected
172,5.739072,far,2,678.000,409.000,3.429631,1.147313,642.944,295.944,726.527,426.183,0.841855,detected
173,5.772439,near,1,675.000,603.000,3.573062,11.336461,613.333,419.637,705.182,620.780,0.915733,detected
173,5.772439,far,2,671.000,411.000,3.346745,1.322348,639.586,296.647,721.148,425.219,0.841067,detected
174,5.805806,near,1,673.000,609.000,3.559671,11.528675,608.238,419.653,702.676,626.910,0.908971,detected
174,5.805806,far,2,661.000,405.000,3.214924,0.816696,636.337,296.876,716.061,423.591,0.808866,detected
175,5.839173,near,1,670.000,614.000,3.537216,11.686714,603.868,420.804,699.628,630.884,0.881306,detected
175,5.839173,far,2,655.000,410.000,3.149985,1.249791,631.191,299.258,709.221,423.537,0.865467,detected
176,5.872539,near,1,668.000,613.000,3.519276,11.656109,599.701,423.271,695.164,634.442,0.873831,detected
176,5.872539,far,2,650.000,410.000,3.088949,1.253578,623.576,301.164,700.915,423.573,0.868616,detected
177,5.905906,near,1,664.000,608.000,3.480872,11.499847,593.869,426.202,687.862,636.109,0.899620,detected
177,5.905906,far,2,645.000,409.000,3.025869,1.172404,614.652,301.817,692.530,423.056,0.883004,detected
178,5.939273,near,1,657.000,613.000,3.424498,11.659572,589.349,429.596,680.841,637.149,0.818010,detected
178,5.939273,far,2,639.000,407.000,2.948063,1.006019,605.533,302.504,684.393,422.491,0.883734,detected
179,5.972639,near,1,649.000,617.000,3.359435,11.786427,585.727,433.976,674.888,637.257,0.912579,detected
179,5.972639,far,2,637.000,410.000,2.930291,1.263424,597.652,302.509,678.216,422.508,0.893247,detected
180,6.006006,near,1,640.000,617.000,3.282361,11.789232,580.456,438.173,668.658,637.150,0.913051,detected
180,6.006006,far,2,635.000,409.000,2.903585,1.180004,591.679,302.549,673.372,422.268,0.900124,detected
181,6.039373,near,1,630.000,615.000,3.194347,11.730388,573.564,443.319,661.906,637.429,0.927645,detected
181,6.039373,far,2,635.000,408.000,2.901273,1.094718,587.632,301.378,670.612,422.071,0.896905,detected
182,6.072739,near,1,619.000,613.000,3.097229,11.671528,564.298,447.243,654.446,637.073,0.901824,detected
182,6.072739,far,2,632.000,405.000,2.857295,0.839049,585.802,300.657,669.516,421.747,0.889596,detected
183,6.106106,near,1,607.000,618.000,3.001339,11.830345,554.125,450.953,647.724,637.879,0.920350,detected
183,6.106106,far,2,631.000,405.000,2.844968,0.839819,584.503,299.685,669.235,421.889,0.885368,detected
184,6.139473,near,1,598.000,620.000,2.927590,11.894524,541.648,454.349,639.736,638.354,0.936439,detected
184,6.139473,far,2,629.000,408.000,2.827766,1.099293,583.034,298.767,668.659,422.300,0.898608,detected
185,6.172840,near,1,587.000,625.000,2.842359,12.049809,528.216,458.028,631.768,640.403,0.943891,detected
185,6.172840,far,2,627.000,405.000,2.795662,0.842901,580.905,296.680,667.406,422.464,0.897983,detected
186,6.206206,near,1,580.000,632.000,2.795411,12.260951,518.031,461.820,629.959,649.302,0.942726,detected
186,6.206206,far,2,623.000,405.000,2.746361,0.845982,577.911,295.413,663.561,421.994,0.893310,detected
187,6.239573,near,1,573.000,638.000,2.747605,12.438914,511.514,466.964,628.959,656.480,0.934474,detected
187,6.239573,far,2,618.000,403.000,2.679158,0.676145,575.760,295.017,658.787,420.149,0.868406,detected
188,6.272940,near,1,565.000,641.000,2.686805,12.528099,503.786,472.261,624.603,661.787,0.934000,detected
188,6.272940,far,2,612.000,402.000,2.601954,0.593427,571.085,292.199,654.714,419.831,0.875646,detected
189,6.306306,near,1,541.000,633.000,2.471164,12.302174,492.865,479.034,613.970,663.654,0.920905,detected
189,6.306306,far,2,607.000,402.000,2.539967,0.597318,568.049,290.676,651.888,420.267,0.886932,detected
190,6.339673,near,1,547.000,636.000,2.527622,12.388372,474.083,484.924,597.287,664.438,0.933301,detected
190,6.339673,far,2,602.000,404.000,2.484420,0.775535,564.296,289.758,648.286,420.832,0.891291,detected
191,6.373040,near,1,541.000,635.000,2.475525,12.360913,466.964,487.540,593.427,664.625,0.930501,detected
191,6.373040,far,2,596.000,405.000,2.413715,0.866774,560.877,289.236,645.132,421.800,0.892516,detected
192,6.406406,near,1,538.000,637.000,2.454936,12.420216,469.217,487.861,598.693,664.500,0.934251,detected
192,6.406406,far,2,591.000,406.000,2.355602,0.956854,557.768,290.047,641.619,422.470,0.895903,detected
193,6.439773,near,1,537.000,638.000,2.448833,12.449594,475.326,485.829,608.174,664.433,0.926967,detected
193,6.439773,far,2,586.000,408.000,2.301297,1.132057,554.014,290.303,637.418,422.858,0.887950,detected
194,6.473140,near,1,536.000,639.000,2.442747,12.478889,483.131,481.852,618.836,664.054,0.891447,detected
194,6.473140,far,2,582.000,410.000,2.259631,1.305041,548.581,291.608,631.783,423.537,0.897049,detected
195,6.506507,near,1,535.000,641.000,2.438889,12.536938,486.069,476.843,625.178,663.392,0.920646,detected
195,6.506507,far,2,579.000,411.000,2.226768,1.391749,544.087,294.313,626.544,424.317,0.887319,detected
196,6.539873,near,1,535.000,639.000,2.434462,12.479184,486.485,471.053,628.161,661.861,0.931194,detected
196,6.539873,far,2,578.000,411.000,2.214609,1.392502,540.144,294.214,622.923,424.571,0.896813,detected
197,6.573240,near,1,536.000,637.000,2.438319,12.420811,485.773,464.462,629.070,659.179,0.916403,detected
197,6.573240,far,2,578.000,412.000,2.218310,1.476593,538.740,293.212,621.380,424.262,0.896878,detected
198,6.606607,near,1,538.000,633.000,2.446098,12.303073,481.889,457.706,625.841,656.722,0.917488,detected
198,6.606607,far,2,580.000,410.000,2.235261,1.306554,535.806,291.947,618.068,424.237,0.894926,detected
199,6.639973,near,1,542.000,635.000,2.483857,12.360615,480.287,453.018,623.322,656.166,0.914026,detected
199,6.639973,far,2,578.000,407.000,2.199651,1.052663,532.706,290.306,614.273,424.384,0.893261,detected
200,6.673340,near,1,545.000,631.000,2.500297,12.241896,481.043,449.076,620.990,655.022,0.899759,detected
200,6.673340,far,2,577.000,405.000,2.179769,0.881397,531.488,287.759,612.244,422.896,0.894480,detected
201,6.706707,near,1,552.000,632.000,2.561024,12.269372,483.414,445.878,618.380,653.631,0.904470,detected
201,6.706707,far,2,576.000,401.000,2.151920,0.533796,529.763,285.725,608.682,419.432,0.876631,detected
202,6.740073,near,1,560.000,630.000,2.624031,12.207702,487.213,444.876,616.047,652.477,0.898603,detected
202,6.740073,far,2,573.000,396.000,2.094497,0.092426,527.786,285.000,604.791,416.275,0.876212,detected
203,6.773440,near,1,566.000,632.000,2.678203,12.265162,490.978,444.322,614.707,652.784,0.901758,detected
203,6.773440,far,2,570.000,394.000,2.048516,0.000000,523.269,285.000,599.084,413.399,0.888918,detected
204,6.806807,near,1,569.000,636.000,2.710725,12.381817,494.773,443.867,614.299,654.182,0.898744,detected
204,6.806807,far,2,566.000,395.000,2.002433,0.008136,522.851,285.000,597.941,412.051,0.894184,detected
205,6.840174,near,1,579.000,640.000,2.800839,12.495108,499.196,446.095,613.292,655.160,0.904068,detected
205,6.840174,far,2,563.000,399.000,1.982041,0.367630,517.958,285.000,594.286,411.723,0.916750,detected
206,6.873540,near,1,580.000,640.000,2.809119,12.494812,500.097,447.612,610.415,655.493,0.901422,detected
206,6.873540,far,2,561.000,398.000,1.952769,0.280495,514.728,285.000,592.410,411.587,0.906663,detected
207,6.906907,near,1,580.000,637.000,2.804015,12.407728,499.912,447.124,608.423,655.543,0.919450,detected
207,6.906907,far,2,561.000,395.000,1.939604,0.012121,509.183,285.000,588.613,410.859,0.912238,detected
208,6.940274,near,1,582.000,636.000,2.818956,12.377941,499.926,446.146,607.241,655.244,0.917981,detected
208,6.940274,far,2,560.000,393.000,1.918115,0.000000,504.848,285.000,586.147,410.523,0.917626,detected
209,6.973640,near,1,581.000,633.000,2.805503,12.290172,499.945,443.926,606.854,654.946,0.914730,detected
209,6.973640,far,2,557.000,394.000,1.884814,0.000000,500.016,285.000,582.938,410.399,0.910567,detected
210,7.007007,near,1,581.000,625.000,2.791616,12.051643,500.276,440.304,605.666,650.135,0.910102,detected
210,7.007007,far,2,554.000,395.000,1.851657,0.017700,496.962,285.000,580.193,409.805,0.914365,detected
211,7.040374,near,1,580.000,625.000,2.783160,12.051949,499.667,436.908,605.865,650.416,0.910857,detected
211,7.040374,far,2,551.000,392.000,1.799834,0.000000,496.040,285.000,578.130,408.860,0.522645,detected
212,7.073740,near,1,580.000,619.000,2.772463,11.869457,499.680,433.367,604.647,645.338,0.904582,detected
212,7.073740,far,2,545.000,391.000,1.719075,0.000000,497.758,285.000,576.661,407.248,0.694602,detected
213,7.107107,near,1,579.000,609.000,2.745565,11.558524,501.853,429.920,601.976,631.745,0.901056,detected
213,7.107107,far,2,540.000,390.000,1.650675,0.000000,495.271,285.000,571.643,407.285,0.656540,detected
214,7.140474,near,1,579.000,609.000,2.745565,11.558524,499.864,425.982,603.193,635.468,0.908620,detected
214,7.140474,far,2,534.000,385.000,1.548025,0.000000,491.037,285.000,563.195,404.981,0.698922,detected
215,7.173841,near,1,578.000,604.000,2.727461,11.399796,501.430,422.819,604.187,631.384,0.908721,detected
215,7.173841,far,2,529.000,386.000,1.489378,0.000000,487.701,285.000,555.816,403.716,0.615671,detected
216,7.207207,near,1,577.000,604.000,2.718745,11.400116,505.202,420.946,606.824,627.301,0.923168,detected
216,7.207207,far,2,525.000,387.000,1.443761,0.000000,485.649,285.000,551.143,403.466,0.748318,detected
217,7.240574,near,1,576.000,600.000,2.702265,11.271514,510.111,419.482,610.034,622.787,0.924562,detected
217,7.240574,far,2,519.000,386.000,1.361418,0.000000,485.035,285.000,548.154,402.776,0.699251,detected
218,7.273941,near,1,574.000,599.000,2.682748,11.239695,516.899,419.305,614.568,618.486,0.918403,detected
218,7.273941,far,2,513.000,389.000,1.302284,0.000000,481.031,285.000,543.307,402.083,0.804703,detected
219,7.307307,near,1,574.000,596.000,2.676769,11.141713,520.759,420.931,617.090,615.073,0.919215,detected
219,7.307307,far,2,510.000,388.000,1.258223,0.000000,469.733,285.000,534.550,402.431,0.728155,detected
220,7.340674,near,1,573.000,598.000,2.671968,11.207457,520.657,423.267,616.970,614.566,0.917818,detected
220,7.340674,far,2,505.000,389.000,1.200613,0.000000,468.192,285.000,534.490,402.416,0.876918,detected
221,7.374041,near,1,572.000,598.000,2.663175,11.207782,519.979,425.282,616.843,615.404,0.918451,detected
221,7.374041,far,2,503.000,391.000,1.187365,0.000000,466.475,285.000,534.241,402.929,0.870374,detected
222,7.407407,near,1,574.000,599.000,2.682748,11.239695,520.924,425.912,618.106,615.398,0.920276,detected
222,7.407407,far,2,499.000,391.000,1.136757,0.000000,463.440,285.000,532.096,403.290,0.851275,detected
223,7.440774,near,1,576.000,596.000,2.694409,11.141058,521.591,425.316,619.106,614.898,0.916503,detected
223,7.440774,far,2,498.000,390.000,1.117901,0.000000,463.290,285.000,532.804,403.189,0.862099,detected
224,7.474141,near,1,576.000,590.000,2.682448,10.942439,518.617,423.973,616.664,614.518,0.921492,detected
224,7.474141,far,2,498.000,390.000,1.117901,0.000000,462.632,285.000,532.361,402.650,0.848708,detected
225,7.507508,near,1,578.000,580.000,2.680097,10.602663,514.852,421.721,612.984,611.684,0.917037,detected
225,7.507508,far,2,497.000,389.000,1.098964,0.000000,460.570,285.000,530.177,402.571,0.886960,detected
226,7.540874,near,1,575.000,578.000,2.648808,10.534624,512.127,420.495,607.371,602.793,0.914578,detected
226,7.540874,far,2,495.000,386.000,1.054452,0.000000,459.427,285.000,528.962,402.640,0.874718,detected
227,7.574241,near,1,572.000,578.000,2.621623,10.535649,507.237,418.831,600.900,596.672,0.917912,detected
227,7.574241,far,2,492.000,389.000,1.035444,0.000000,458.380,285.000,526.858,402.322,0.720917,detected
228,7.607608,near,1,564.000,577.000,2.546884,10.503706,500.120,417.871,593.403,594.032,0.915709,detected
228,7.607608,far,2,491.000,389.000,1.022742,0.000000,459.077,285.000,527.253,402.765,0.827631,detected
229,7.640974,near,1,559.000,574.000,2.494502,10.400756,487.302,416.773,580.549,592.283,0.916430,detected
229,7.640974,far,2,497.000,390.000,1.105223,0.000000,464.364,285.000,531.449,402.925,0.817536,detected
230,7.674341,near,1,557.000,574.000,2.476273,10.401446,475.493,415.611,569.900,591.069,0.913620,detected
230,7.674341,far,2,501.000,390.000,1.155936,0.000000,470.803,285.000,536.565,404.215,0.722216,detected
231,7.707708,near,1,551.000,574.000,2.421591,10.403518,465.384,413.631,563.206,591.385,0.902951,detected
231,7.707708,far,2,506.000,391.000,1.225325,0.000000,474.877,285.000,540.297,407.300,0.814439,detected
232,7.741074,near,1,534.000,570.000,2.255831,10.268412,456.929,411.633,557.116,590.284,0.921159,detected
232,7.741074,far,2,509.000,388.000,1.245487,0.000000,479.814,285.000,542.215,403.713,0.770684,detected
233,7.774441,near,1,530.000,562.000,2.196578,9.982591,451.298,410.081,554.912,590.562,0.919139,detected
233,7.774441,far,2,518.000,392.000,1.382834,0.000000,483.230,285.000,546.372,406.556,0.871769,detected
234,7.807808,near,1,516.000,562.000,2.066672,9.987571,445.739,409.174,552.194,590.299,0.921908,detected
234,7.807808,far,2,523.000,393.000,1.451476,0.000000,485.937,285.000,549.642,408.489,0.868675,detected
235,7.841175,near,1,507.000,560.000,1.976776,9.917882,438.891,409.211,547.417,589.284,0.929447,detected
235,7.841175,far,2,525.000,394.000,1.482094,0.000000,490.165,285.000,554.672,409.027,0.884368,detected
236,7.874541,near,1,507.000,553.000,1.954041,9.659127,433.506,410.979,543.096,588.284,0.930767,detected
236,7.874541,far,2,527.000,394.000,1.507254,0.000000,492.564,285.000,557.980,409.571,0.895521,detected
237,7.907908,near,1,500.000,547.000,1.867663,9.435307,428.599,413.819,537.967,586.345,0.922304,detected
237,7.907908,far,2,530.000,393.000,1.539724,0.000000,499.142,285.000,565.330,409.355,0.904770,detected
238,7.941275,near,1,489.000,555.000,1.791803,9.740159,425.080,417.264,533.459,584.327,0.925924,detected
238,7.941275,far,2,536.000,393.000,1.615378,0.000000,504.032,285.000,570.775,409.041,0.903884,detected
239,7.974641,near,1,484.000,559.000,1.759252,9.889506,422.503,421.075,528.882,581.502,0.926925,detected
239,7.974641,far,2,542.000,393.000,1.691044,0.000000,506.497,285.000,574.250,409.021,0.901488,detected
240,8.008008,near,1,488.000,548.000,1.757340,9.477760,420.290,425.167,524.285,579.070,0.912542,detected
240,8.008008,far,2,549.000,394.000,1.784102,0.000000,509.585,285.000,578.547,409.432,0.903679,detected
241,8.041375,near,1,479.000,561.000,1.719917,9.964364,418.702,431.087,519.150,576.746,0.924870,detected
241,8.041375,far,2,556.000,393.000,1.867646,0.000000,512.131,285.202,582.426,410.104,0.898572,detected
242,8.074741,near,1,476.000,556.000,1.673656,9.781916,418.485,436.507,514.649,573.286,0.915003,detected
242,8.074741,far,2,564.000,395.000,1.977300,0.009730,514.961,285.668,586.667,411.571,0.915627,detected
243,8.108108,near,1,475.000,552.000,1.649304,9.633367,417.864,440.659,510.980,570.308,0.917002,detected
243,8.108108,far,2,569.000,394.000,2.035922,0.000000,518.373,288.423,588.827,410.403,0.898732,detected
244,8.141475,near,1,474.000,545.000,1.613079,9.368540,415.247,441.519,507.399,567.505,0.918448,detected
244,8.141475,far,2,578.000,397.000,2.161153,0.177960,519.824,291.610,591.447,412.142,0.895986,detected
245,8.174842,near,1,472.000,542.000,1.582267,9.253800,413.370,441.166,504.919,564.606,0.920012,detected
245,8.174842,far,2,582.000,398.000,2.215044,0.263933,521.849,294.749,594.671,413.179,0.890570,detected
246,8.208208,near,1,468.000,541.000,1.539986,9.216558,410.762,438.585,502.024,560.654,0.912549,detected
246,8.208208,far,2,585.000,402.000,2.267321,0.614435,522.722,297.218,598.176,415.642,0.911394,detected
247,8.241575,near,1,464.000,538.000,1.489363,9.101099,406.705,435.086,498.333,557.936,0.912144,detected
247,8.241575,far,2,588.000,405.000,2.315197,0.872932,524.623,299.218,602.814,417.285,0.903987,detected
248,8.274942,near,1,464.000,534.000,1.472785,8.943367,404.920,430.945,493.444,550.328,0.900494,detected
248,8.274942,far,2,587.000,405.000,2.302884,0.873702,524.300,300.477,604.824,417.491,0.903137,detected
249,8.308308,near,1,460.000,534.000,1.434020,8.944896,406.849,426.160,497.194,548.085,0.892330,detected
249,8.308308,far,2,585.000,405.000,2.278259,0.875241,525.379,301.547,607.424,417.679,0.903810,detected
250,8.341675,near,1,456.000,538.000,1.412339,9.104126,407.713,421.723,505.611,554.177,0.909658,detected
250,8.341675,far,2,583.000,404.000,2.249953,0.790212,525.373,301.051,609.469,417.450,0.896438,detected
251,8.375042,near,1,450.000,540.000,1.363222,9.184467,409.213,416.953,511.594,555.848,0.901752,detected
251,8.375042,far,2,581.000,401.000,2.213986,0.529893,525.946,300.052,611.678,416.992,0.890010,detected
252,8.408408,near,1,451.000,544.000,1.389876,9.338732,410.596,411.561,518.205,557.987,0.912181,detected
252,8.408408,far,2,578.000,401.000,2.176745,0.532235,524.888,299.489,611.881,416.714,0.900936,detected
253,8.441775,near,1,451.000,547.000,1.402527,9.453412,410.152,406.456,522.268,559.162,0.917194,detected
253,8.441775,far,2,574.000,401.000,2.127096,0.535356,522.570,298.962,610.090,416.117,0.894723,detected
254,8.475142,near,1,456.000,550.000,1.462273,9.565164,408.752,401.236,525.541,560.351,0.920941,detected
254,8.475142,far,2,569.000,404.000,2.077260,0.801021,520.448,299.004,608.781,416.657,0.892330,detected
255,8.508509,near,1,458.000,548.000,1.473031,9.488815,409.199,398.077,528.673,560.871,0.917604,detected
255,8.508509,far,2,566.000,407.000,2.052561,1.061830,518.018,299.223,607.774,419.026,0.882040,detected
256,8.541875,near,1,461.000,547.000,1.497416,9.449718,410.585,394.669,532.670,561.031,0.912674,detected
256,8.541875,far,2,561.000,408.000,1.995478,1.151089,515.318,299.154,606.406,421.849,0.901622,detected
257,8.575242,near,1,465.000,549.000,1.543320,9.524111,412.173,391.089,536.717,561.516,0.913943,detected
257,8.575242,far,2,555.000,400.000,1.886859,0.462232,512.775,299.901,603.235,423.411,0.860904,detected
258,8.608609,near,1,468.000,547.000,1.563849,9.447132,412.915,386.411,539.828,561.792,0.915417,detected
258,8.608609,far,2,556.000,409.000,1.938637,1.239969,511.474,300.161,600.184,423.413,0.881905,detected
259,8.641975,near,1,471.000,547.000,1.592324,9.446024,414.395,382.851,541.604,561.182,0.910623,detected
259,8.641975,far,2,551.000,407.000,1.868761,1.073285,510.245,299.773,597.602,423.105,0.891114,detected
260,8.675342,near,1,474.000,549.000,1.628471,9.520803,416.439,381.441,542.979,562.264,0.910980,detected
260,8.675342,far,2,548.000,407.000,1.832010,1.075575,509.225,297.056,597.343,423.476,0.889479,detected
261,8.708709,near,1,480.000,550.000,1.688974,9.556366,417.879,379.831,544.133,564.333,0.921245,detected
261,8.708709,far,2,547.000,406.000,1.815197,0.990583,510.761,293.533,598.904,423.322,0.891933,detected
262,8.742075,near,1,485.000,551.000,1.739857,9.592186,419.707,379.458,544.938,566.832,0.925918,detected
262,8.742075,far,2,548.000,406.000,1.827472,0.989816,511.924,289.486,600.276,423.304,0.892439,detected
263,8.775442,near,1,491.000,555.000,1.810554,9.739434,421.690,380.454,546.406,571.447,0.912971,detected
263,8.775442,far,2,548.000,404.000,1.818340,0.817229,512.835,286.386,599.803,422.081,0.898556,detected
264,8.808809,near,1,496.000,557.000,1.864265,9.811649,425.115,383.146,547.650,574.118,0.920949,detected
264,8.808809,far,2,549.000,403.000,1.826097,0.729621,515.447,285.143,599.233,419.288,0.879841,detected
265,8.842176,near,1,501.000,563.000,1.930800,10.029174,428.019,386.677,549.222,578.073,0.922472,detected
265,8.842176,far,2,549.000,400.000,1.812275,0.466928,518.466,285.000,598.778,416.236,0.879919,detected
266,8.875542,near,1,504.000,562.000,1.955352,9.991838,431.278,390.042,550.604,580.103,0.920711,detected
266,8.875542,far,2,551.000,399.000,1.832541,0.377056,521.852,285.000,599.834,414.549,0.871339,detected
267,8.908909,near,1,507.000,557.000,1.967094,9.807687,435.606,393.872,551.245,578.503,0.919044,detected
267,8.908909,far,2,552.000,403.000,1.863155,0.727298,524.480,285.000,600.815,414.214,0.890044,detected
268,8.942276,near,1,511.000,560.000,2.013998,9.916452,438.706,396.755,552.172,578.149,0.910040,detected
268,8.942276,far,2,551.000,402.000,1.846265,0.640868,527.184,285.000,602.427,414.348,0.889665,detected
269,8.975642,near,1,516.000,563.000,2.069729,10.023852,441.474,398.666,555.202,580.497,0.911999,detected
269,8.975642,far,2,550.000,401.000,1.829306,0.554079,528.824,285.000,603.313,414.555,0.869602,detected
270,9.009009,near,1,521.000,570.000,2.136682,10.272943,440.966,400.231,559.798,591.471,0.918778,detected
270,9.009009,far,2,548.000,394.000,1.771515,0.000000,526.935,285.000,598.987,413.929,0.822230,detected
271,9.042376,near,1,526.000,575.000,2.196622,10.447115,443.414,402.135,564.021,597.497,0.925902,detected
271,9.042376,far,2,550.000,398.000,1.815445,0.289167,525.765,285.000,595.359,412.446,0.801903,detected
272,9.075742,near,1,529.000,579.000,2.234879,10.584892,446.195,403.832,566.792,600.103,0.928598,detected
272,9.075742,far,2,548.000,395.000,1.776286,0.022481,525.278,285.000,592.798,411.162,0.850528,detected
273,9.109109,near,1,532.000,581.000,2.267354,10.652648,449.043,406.628,568.356,601.101,0.926723,detected
273,9.109109,far,2,547.000,389.000,1.734627,0.000000,520.959,285.000,585.195,408.941,0.786004,detected
274,9.142476,near,1,538.000,584.000,2.329162,10.753014,453.073,408.604,571.590,601.629,0.927901,detected
274,9.142476,far,2,546.000,385.000,1.701976,0.000000,522.182,285.000,582.575,405.038,0.820356,detected
275,9.175843,near,1,544.000,586.000,2.387954,10.818756,456.800,409.341,575.210,601.662,0.922765,detected
275,9.175843,far,2,548.000,384.000,1.722658,0.000000,522.977,285.000,580.572,401.655,0.796607,detected
276,9.209209,near,1,547.000,583.000,2.407483,10.715945,461.839,408.450,580.513,601.333,0.917578,detected
276,9.209209,far,2,546.000,379.000,1.671426,0.000000,523.872,285.000,579.336,398.488,0.770915,detected
277,9.242576,near,1,553.000,583.000,2.461417,10.713920,466.829,405.978,586.478,601.160,0.911756,detected
277,9.242576,far,2,549.000,375.000,1.689954,0.000000,524.569,285.000,578.776,396.508,0.752015,detected
278,9.275943,near,1,558.000,581.000,2.501754,10.643826,472.465,403.080,592.589,600.472,0.923033,detected
278,9.275943,far,2,548.000,372.000,1.661157,0.000000,527.336,285.000,579.834,393.319,0.755496,detected
279,9.309309,near,1,562.000,578.000,2.531019,10.539069,478.748,400.717,598.817,600.262,0.927489,detected
279,9.309309,far,,548.000,371.000,1.655883,0.000000,,,,,0.000000,tracked
280,9.342676,near,1,566.000,576.000,2.562797,10.468233,487.372,398.739,607.054,599.286,0.934982,detected
280,9.342676,far,,548.000,371.000,1.655883,0.000000,,,,,0.000000,tracked
281,9.376043,near,1,571.000,576.000,2.608239,10.466515,494.829,397.245,613.996,598.698,0.927640,detected
281,9.376043,far,,548.000,371.000,1.655883,0.000000,,,,,0.000000,tracked
282,9.409409,near,1,576.000,574.000,2.649475,10.394884,503.628,397.898,621.478,597.565,0.918179,detected
282,9.409409,far,,549.000,371.000,1.669115,0.000000,,,,,0.000000,tracked
283,9.442776,near,1,581.000,573.000,2.693020,10.358035,512.176,399.352,628.467,595.432,0.921996,detected
283,9.442776,far,,549.000,371.000,1.669115,0.000000,,,,,0.000000,tracked
284,9.476143,near,1,585.000,576.000,2.735499,10.461702,520.036,402.020,635.654,594.924,0.933967,detected
284,9.476143,far,,553.000,371.000,1.722048,0.000000,,,,,0.000000,tracked
285,9.509510,near,1,589.000,580.000,2.779490,10.598919,525.830,406.225,641.125,595.668,0.935213,detected
285,9.509510,far,2,569.000,374.000,1.947742,0.000000,538.351,285.000,589.648,385.265,0.710599,detected
286,9.542876,near,1,592.000,580.000,2.806600,10.597898,531.032,409.767,646.737,595.852,0.934115,detected
286,9.542876,far,2,572.000,376.000,1.996194,0.000000,539.208,285.000,594.036,389.321,0.845278,detected
287,9.576243,near,1,595.000,580.000,2.833712,10.596876,534.964,411.818,652.159,595.727,0.931471,detected
287,9.576243,far,2,575.000,377.000,2.039862,0.000000,540.935,285.000,598.379,391.382,0.871615,detected
288,9.609610,near,1,600.000,580.000,2.878902,10.595174,536.707,412.586,655.889,595.135,0.932202,detected
288,9.609610,far,2,575.000,379.000,2.048566,0.000000,541.622,285.000,600.914,392.281,0.837594,detected
289,9.642976,near,1,602.000,578.000,2.893538,10.525387,537.454,412.250,658.769,594.521,0.930201,detected
289,9.642976,far,2,577.000,378.000,2.070301,0.000000,542.125,285.000,602.666,392.666,0.859370,detected
290,9.676343,near,1,606.000,577.000,2.928131,10.489304,539.793,409.453,663.006,592.949,0.932653,detected
290,9.676343,far,2,577.000,379.000,2.074587,0.000000,542.681,285.000,604.229,392.956,0.847853,detected
291,9.709710,near,1,611.000,571.000,2.963809,10.277020,542.857,405.243,666.523,589.086,0.926447,detected
291,9.709710,far,2,577.000,378.000,2.070301,0.000000,543.136,285.000,605.744,393.230,0.837663,detected
292,9.743076,near,1,617.000,568.000,3.014130,10.168160,542.550,401.602,668.177,588.615,0.925805,detected
292,9.743076,far,2,579.000,378.000,2.096380,0.000000,543.499,285.000,607.157,393.195,0.825942,detected
293,9.776443,near,1,621.000,562.000,3.041830,9.950185,541.830,398.760,666.717,585.557,0.910344,detected
293,9.776443,far,2,580.000,376.000,2.100965,0.000000,544.915,285.000,609.323,392.153,0.854284,detected
294,9.809810,near,1,623.000,555.000,3.049747,9.691591,538.042,396.845,659.514,580.787,0.898085,detected
294,9.809810,far,2,582.000,378.000,2.135502,0.000000,546.057,285.000,611.798,391.913,0.868721,detected
295,9.843177,near,1,625.000,557.000,3.071563,9.765131,534.819,397.071,654.705,581.563,0.912868,detected
295,9.843177,far,2,583.000,381.000,2.160832,0.000000,545.987,285.000,613.343,392.377,0.851937,detected
296,9.876543,near,1,628.000,561.000,3.105474,9.911192,537.707,398.838,655.632,580.946,0.911877,detected
296,9.876543,far,2,584.000,378.000,2.161585,0.000000,546.759,285.000,615.235,392.370,0.845808,detected
297,9.909910,near,1,625.000,553.000,3.065513,9.616128,539.581,401.732,656.625,580.698,0.917975,detected
297,9.909910,far,2,586.000,377.000,2.183623,0.000000,547.945,285.000,617.229,392.507,0.749940,detected
298,9.943277,near,1,613.000,564.000,2.970760,10.025662,539.333,406.308,655.719,580.903,0.914247,detected
298,9.943277,far,2,588.000,375.000,2.201735,0.000000,549.747,285.000,619.338,392.515,0.805244,detected
299,9.976643,near,1,606.000,563.000,2.904153,9.991894,537.593,410.739,653.958,580.879,0.932618,detected
299,9.976643,far,2,590.000,375.000,2.227995,0.000000,552.201,285.000,621.494,392.228,0.791157,detected
300,10.010010,near,1,600.000,561.000,2.844793,9.921196,534.364,414.048,651.654,580.989,0.920756,detected
300,10.010010,far,2,594.000,375.000,2.280519,0.000000,555.452,285.000,624.045,392.170,0.766428,detected
301,10.043377,near,1,593.000,558.000,2.773765,9.813608,529.927,417.161,647.959,580.048,0.922702,detected
301,10.043377,far,2,596.000,374.000,2.302974,0.000000,559.014,285.000,626.671,391.655,0.842588,detected
302,10.076743,near,1,591.000,557.000,2.753064,9.777403,520.880,421.173,640.923,580.435,0.913383,detected
302,10.076743,far,2,599.000,375.000,2.346182,0.000000,560.253,285.000,627.618,391.803,0.812228,detected
303,10.110110,near,1,586.000,557.000,2.706244,9.779207,509.730,424.178,633.345,579.693,0.922992,detected
303,10.110110,far,2,601.000,374.000,2.368786,0.000000,561.422,285.000,629.065,392.183,0.847064,detected
304,10.143477,near,1,583.000,555.000,2.673894,9.706102,501.171,428.976,627.289,579.300,0.932448,detected
304,10.143477,far,2,604.000,376.000,2.415416,0.000000,562.516,285.000,630.881,392.674,0.867808,detected
305,10.176844,near,1,580.000,552.000,2.639143,9.595034,494.762,433.149,622.471,577.589,0.934124,detected
305,10.176844,far,2,606.000,376.000,2.441630,0.000000,562.976,285.000,633.121,395.132,0.886695,detected
306,10.210210,near,1,578.000,554.000,2.624719,9.670650,489.016,436.444,618.702,576.489,0.933632,detected
306,10.210210,far,2,608.000,381.000,2.484844,0.000000,562.741,285.000,635.106,398.446,0.886069,detected
307,10.243577,near,1,576.000,555.000,2.608150,9.708640,485.316,438.544,617.008,575.247,0.932674,detected
307,10.243577,far,2,610.000,383.000,2.517359,0.000000,561.638,285.000,636.139,401.874,0.889480,detected
308,10.276944,near,1,573.000,554.000,2.577688,9.672468,483.582,438.617,618.277,574.155,0.934397,detected
308,10.276944,far,2,613.000,388.000,2.571883,0.000000,560.812,285.000,637.543,405.295,0.909433,detected
309,10.310310,near,1,572.000,554.000,2.568283,9.672832,484.048,435.993,622.664,572.767,0.931468,detected
309,10.310310,far,2,615.000,391.000,2.606578,0.000000,558.969,285.000,637.411,407.573,0.895450,detected
310,10.343677,near,1,570.000,552.000,2.544784,9.598687,484.723,432.315,627.155,571.411,0.931424,detected
310,10.343677,far,2,616.000,393.000,2.625250,0.000000,556.327,285.744,636.568,409.598,0.912536,detected
311,10.377044,near,1,569.000,551.000,2.532979,9.561440,486.185,426.615,632.757,569.951,0.926444,detected
311,10.377044,far,2,617.000,394.000,2.640832,0.000000,555.227,288.620,635.673,410.563,0.896356,detected
312,10.410410,near,1,566.000,548.000,2.497337,9.448985,486.073,421.120,635.841,568.906,0.925465,detected
312,10.410410,far,2,620.000,396.000,2.684357,0.055066,550.558,289.821,633.368,411.979,0.919886,detected
313,10.443777,near,1,564.000,545.000,2.470894,9.335080,484.048,415.664,634.543,566.608,0.929528,detected
313,10.443777,far,2,620.000,396.000,2.684357,0.055066,547.994,290.615,632.700,411.979,0.917061,detected
314,10.477144,near,1,562.000,544.000,2.449283,9.297365,481.699,410.390,633.462,565.763,0.927944,detected
314,10.477144,far,2,620.000,397.000,2.687185,0.144692,546.337,291.635,633.107,412.818,0.913132,detected
315,10.510511,near,1,565.000,544.000,2.477948,9.296247,478.837,406.202,629.868,564.910,0.924902,detected
315,10.510511,far,2,622.000,397.000,2.712249,0.143107,546.239,290.778,635.394,413.339,0.910749,detected
316,10.543877,near,1,563.000,546.000,2.463862,9.373788,476.816,402.550,628.376,566.664,0.919248,detected
316,10.543877,far,2,624.000,395.000,2.731858,0.000000,545.551,287.838,637.871,413.458,0.916134,detected
317,10.577244,near,1,566.000,546.000,2.492436,9.372675,475.099,400.140,626.477,570.150,0.927978,detected
317,10.577244,far,2,622.000,394.000,2.703887,0.000000,545.336,285.998,639.547,413.339,0.904850,detected
318,10.610611,near,1,563.000,550.000,2.473815,9.525910,476.262,398.801,622.722,569.644,0.905397,detected
318,10.610611,far,2,618.000,392.000,2.647593,0.000000,544.918,285.288,639.864,412.872,0.907978,detected
319,10.643977,near,1,559.000,554.000,2.446028,9.677556,475.892,397.731,619.254,572.448,0.894330,detected
319,10.643977,far,2,614.000,393.000,2.599977,0.000000,542.249,285.021,637.285,412.411,0.905054,detected
320,10.677344,near,1,557.000,555.000,2.429748,9.715528,476.672,396.480,614.812,573.420,0.905005,detected
320,10.677344,far,2,607.000,400.000,2.533741,0.421502,538.202,285.000,633.613,413.550,0.883221,detected
321,10.710711,near,1,555.000,558.000,2.418593,9.827280,476.583,396.192,608.893,573.891,0.916433,detected
321,10.710711,far,2,602.000,400.000,2.471503,0.425421,530.309,285.000,626.033,415.208,0.900175,detected
322,10.744077,near,1,552.000,561.000,2.398244,9.938333,475.800,394.803,604.735,575.270,0.903038,detected
322,10.744077,far,2,595.000,403.000,2.394635,0.693981,523.885,285.078,618.383,415.630,0.894352,detected
323,10.777444,near,1,558.000,558.000,2.446623,9.826200,478.377,393.887,606.328,578.148,0.916012,detected
323,10.777444,far,2,590.000,407.000,2.346787,1.043493,518.852,287.503,613.897,419.788,0.891282,detected
324,10.810811,near,1,561.000,560.000,2.479519,9.898570,479.029,392.855,605.393,579.425,0.916665,detected
324,10.810811,far,2,583.000,409.000,2.268210,1.219488,516.904,290.042,610.663,420.412,0.870496,detected
325,10.844178,near,1,559.000,564.000,2.470643,10.044798,479.651,391.787,604.299,580.355,0.916823,detected
325,10.844178,far,2,575.000,413.000,2.185668,1.562585,515.491,291.985,607.965,419.855,0.890343,detected
326,10.877544,near,1,562.000,565.000,2.500790,10.079833,481.224,391.248,603.628,580.551,0.923616,detected
326,10.877544,far,2,575.000,409.000,2.170535,1.225558,514.741,295.107,604.084,417.138,0.888339,detected
327,10.910911,near,1,565.000,564.000,2.526186,10.042673,483.024,389.438,603.833,580.207,0.924415,detected
327,10.910911,far,2,571.000,410.000,2.125612,1.313358,512.989,298.204,600.361,415.971,0.857745,detected
328,10.944278,near,1,567.000,564.000,2.544701,10.041965,485.525,387.954,604.972,580.594,0.925557,detected
328,10.944278,far,2,556.000,420.000,1.984792,2.153196,506.379,301.106,598.517,424.813,0.858733,detected
329,10.977644,near,1,572.000,567.000,2.597669,10.148176,487.500,382.955,606.929,580.403,0.916094,detected
329,10.977644,far,2,554.000,420.000,1.960927,2.154656,498.422,304.002,594.556,432.907,0.820899,detected
330,11.011011,near,1,572.000,564.000,2.590994,10.040194,491.412,380.833,609.040,580.298,0.915229,detected
330,11.011011,far,2,530.000,424.000,1.693396,2.494055,491.509,307.479,589.064,438.344,0.633461,detected
331,11.044378,near,1,573.000,564.000,2.600253,10.039839,497.940,381.424,612.732,580.687,0.919973,detected
331,11.044378,far,2,504.000,426.000,1.396400,2.671659,475.680,312.866,568.568,440.488,0.838075,detected
332,11.077744,near,1,573.000,561.000,2.593558,9.930838,504.929,382.803,616.701,580.658,0.918025,detected
332,11.077744,far,2,507.000,427.000,1.436868,2.748498,469.476,316.111,558.514,441.127,0.830965,detected
333,11.111111,near,1,572.000,562.000,2.586508,9.967641,511.557,384.049,621.518,581.602,0.916756,detected
333,11.111111,far,2,522.000,426.000,1.608405,2.658795,470.444,319.449,555.544,441.313,0.854174,detected
334,11.144478,near,1,572.000,563.000,2.588754,10.003974,517.492,386.011,625.775,582.715,0.921222,detected
334,11.144478,far,2,514.000,423.000,1.499118,2.425620,469.850,320.578,553.092,440.526,0.860524,detected
335,11.177845,near,1,569.000,566.000,2.567761,10.113352,518.973,389.183,626.536,585.361,0.917510,detected
335,11.177845,far,2,520.000,421.000,1.560365,2.260398,472.229,320.839,554.482,440.178,0.862834,detected
336,11.211211,near,1,567.000,573.000,2.565183,10.362883,518.948,394.989,626.257,591.093,0.910873,detected
336,11.211211,far,2,532.000,420.000,1.698495,2.170713,476.681,319.995,559.024,439.972,0.841503,detected
337,11.244578,near,1,567.000,579.000,2.578526,10.571936,518.636,399.664,625.530,595.418,0.908287,detected
337,11.244578,far,2,532.000,419.000,1.693807,2.089426,481.652,316.778,565.761,439.702,0.862134,detected
338,11.277945,near,1,567.000,586.000,2.593787,10.811047,519.356,407.270,624.637,599.808,0.913660,detected
338,11.277945,far,2,533.000,417.000,1.696374,1.925128,486.611,313.987,572.542,439.770,0.894813,detected
339,11.311311,near,1,567.000,588.000,2.598088,10.878439,520.557,415.490,622.752,601.678,0.903095,detected
339,11.311311,far,2,535.000,422.000,1.743447,2.330135,487.610,310.301,575.450,439.594,0.888610,detected
340,11.344678,near,1,567.000,588.000,2.598088,10.878439,521.148,421.571,621.012,602.335,0.906184,detected
340,11.344678,far,2,535.000,421.000,1.738869,2.249491,488.112,306.506,577.213,438.674,0.888310,detected
341,11.378045,near,1,568.000,586.000,2.602738,10.810711,520.932,423.367,620.674,602.357,0.912428,detected
341,11.378045,far,2,533.000,420.000,1.710420,2.169983,488.040,304.095,577.428,437.647,0.888532,detected
342,11.411411,near,1,571.000,586.000,2.629593,10.809706,517.830,421.040,620.213,602.997,0.908478,detected
342,11.411411,far,2,535.000,420.000,1.734272,2.168524,489.166,302.366,577.413,435.853,0.896428,detected
343,11.444778,near,1,570.000,584.000,2.616395,10.742235,513.324,417.821,618.471,601.776,0.913547,detected
343,11.444778,far,2,538.000,419.000,1.765509,2.085033,491.762,301.724,577.698,434.503,0.866550,detected
344,11.478145,near,1,569.000,574.000,2.585657,10.397302,508.409,414.845,612.586,593.301,0.891765,detected
344,11.478145,far,2,538.000,413.000,1.737860,1.590254,492.104,301.105,575.992,433.587,0.877861,detected
345,11.511512,near,1,568.000,569.000,2.565337,10.221007,499.995,413.924,604.625,589.458,0.914810,detected
345,11.511512,far,2,539.000,413.000,1.749958,1.589507,493.069,300.776,575.018,432.625,0.891392,detected
346,11.544878,near,1,564.000,570.000,2.530903,10.257949,489.838,413.828,596.425,589.632,0.920870,detected
346,11.544878,far,2,536.000,413.000,1.713667,1.591749,494.892,301.569,575.203,433.233,0.840390,detected
347,11.578245,near,1,558.000,567.000,2.468665,10.153098,479.600,414.169,586.097,587.283,0.912646,detected
347,11.578245,far,2,544.000,408.000,1.787633,1.164024,502.461,301.657,575.131,423.225,0.793077,detected
348,11.611612,near,1,551.000,566.000,2.401657,10.119695,469.472,415.817,574.148,584.259,0.915967,detected
348,11.611612,far,2,542.000,411.000,1.777082,1.419614,504.354,301.916,576.758,426.177,0.853425,detected
349,11.644978,near,1,546.000,566.000,2.355528,10.121456,460.916,417.275,564.650,583.659,0.921476,detected
349,11.644978,far,2,541.000,419.000,1.801365,2.082836,505.076,301.994,578.002,429.364,0.894441,detected
350,11.678345,near,1,543.000,566.000,2.327852,10.122513,455.924,418.082,559.016,584.126,0.902510,detected
350,11.678345,far,2,544.000,414.000,1.814957,1.669088,508.366,302.338,580.469,430.510,0.890655,detected
351,11.711712,near,1,536.000,564.000,2.257789,10.052942,454.253,417.328,556.491,584.090,0.904597,detected
351,11.711712,far,2,548.000,415.000,1.867649,1.749097,510.483,301.824,582.104,431.117,0.912230,detected
352,11.745078,near,1,528.000,563.000,2.180901,10.019594,452.674,415.958,554.489,585.178,0.897631,detected
352,11.745078,far,2,554.000,414.000,1.935717,1.661636,512.538,301.151,583.875,431.188,0.904158,detected
353,11.778445,near,1,523.000,560.000,2.125682,9.912162,452.667,413.570,553.924,584.451,0.900945,detected
353,11.778445,far,2,558.000,409.000,1.963042,1.238453,515.411,300.477,584.765,427.477,0.869113,detected
354,11.811812,near,1,520.000,555.000,2.082525,9.728934,449.633,411.662,549.865,583.034,0.878076,detected
354,11.811812,far,2,560.000,413.000,2.004074,1.573805,516.967,299.798,587.538,429.762,0.897718,detected
355,11.845179,near,1,505.000,551.000,1.928576,9.584870,446.139,409.939,545.837,580.788,0.910432,detected
355,11.845179,far,2,561.000,413.000,2.016178,1.573057,518.935,298.921,589.993,430.115,0.901400,detected
356,11.878545,near,1,524.000,548.000,2.098735,9.464485,440.414,411.247,538.277,577.043,0.884865,detected
356,11.878545,far,2,561.000,414.000,2.020268,1.656419,517.614,298.733,588.568,431.036,0.867678,detected
357,11.911912,near,1,505.000,548.000,1.918524,9.471493,431.024,413.264,528.936,575.420,0.911138,detected
357,11.911912,far,2,561.000,413.000,2.016178,1.573057,519.858,297.920,591.249,430.723,0.910480,detected
358,11.945279,near,1,497.000,546.000,1.835667,9.398266,425.912,417.851,522.084,572.852,0.913328,detected
358,11.945279,far,2,563.000,414.000,2.044428,1.654929,521.672,298.276,593.526,431.118,0.913546,detected
359,11.978645,near,1,491.000,543.000,1.767743,9.285323,423.758,423.620,517.218,570.232,0.916127,detected
359,11.978645,far,2,565.000,416.000,2.076522,1.819168,523.219,298.868,595.735,432.078,0.915665,detected
360,12.012012,near,1,487.000,546.000,1.740559,9.401972,425.958,431.188,514.829,567.350,0.910259,detected
360,12.012012,far,2,568.000,418.000,2.120343,1.981352,524.465,300.271,597.472,433.591,0.906041,detected
361,12.045379,near,1,490.000,544.000,1.761832,9.324208,429.971,441.087,512.521,563.883,0.892598,detected
361,12.045379,far,2,572.000,419.000,2.172025,2.060126,526.670,302.346,599.526,435.009,0.898291,detected
362,12.078745,near,1,485.000,541.000,1.702925,9.210176,431.102,450.727,506.996,560.404,0.884502,detected
362,12.078745,far,2,573.000,419.000,2.183987,2.059393,528.950,305.051,600.720,435.345,0.889940,detected
363,12.112112,near,1,483.000,539.000,1.676160,9.133042,428.663,456.298,502.184,558.426,0.881045,detected
363,12.112112,far,2,574.000,421.000,2.203292,2.221116,531.304,308.007,601.854,435.447,0.894312,detected
364,12.145479,near,1,487.000,532.000,1.688104,8.854878,428.318,457.100,502.609,555.470,0.890254,detected
364,12.145479,far,2,573.000,424.000,2.202353,2.463087,532.263,312.171,601.995,436.271,0.903919,detected
365,12.178846,near,1,483.000,523.000,1.613599,8.491279,427.330,454.796,501.107,548.320,0.631898,detected
365,12.178846,far,2,574.000,420.000,2.199628,2.140052,535.039,315.072,604.221,436.538,0.914495,detected
366,12.212212,near,1,484.000,525.000,1.631441,8.572971,424.157,451.104,501.617,546.427,0.887885,detected
366,12.212212,far,2,572.000,426.000,2.197803,2.623033,536.116,316.231,606.768,436.921,0.905268,detected
367,12.245579,near,1,480.000,515.000,1.551036,8.158605,421.244,448.161,498.136,538.999,0.780957,detected
367,12.245579,far,2,571.000,420.000,2.163815,2.142243,539.521,316.531,611.195,436.214,0.912842,detected
368,12.278946,near,1,488.000,512.000,1.618903,8.027821,415.979,444.847,495.638,535.217,0.881153,detected
368,12.278946,far,2,572.000,420.000,2.175752,2.141512,542.645,314.592,616.598,435.326,0.905930,detected
369,12.312312,near,1,481.000,515.000,1.561041,8.158201,417.814,440.937,498.492,530.485,0.866400,detected
369,12.312312,far,2,573.000,417.000,2.176536,1.895627,544.767,312.737,618.976,432.340,0.789996,detected
370,12.345679,near,1,475.000,514.000,1.496748,8.118258,414.150,435.497,498.138,527.270,0.895982,detected
370,12.345679,far,2,576.000,415.000,2.205203,1.728299,548.936,309.987,624.475,429.391,0.903840,detected
371,12.379046,near,1,473.000,512.000,1.468065,8.033916,410.359,428.123,498.309,524.393,0.914259,detected
371,12.379046,far,2,579.000,413.000,2.234105,1.559592,551.306,305.883,629.356,427.583,0.866921,detected
372,12.412412,near,1,470.000,509.000,1.424676,7.906332,408.958,420.701,501.720,523.221,0.785337,detected
372,12.412412,far,2,580.000,411.000,2.238927,1.390995,552.776,299.856,634.192,425.265,0.879746,detected
373,12.445779,near,1,466.000,507.000,1.375227,7.821376,413.667,413.698,514.225,524.368,0.913850,detected
373,12.445779,far,2,582.000,410.000,2.259631,1.305041,555.071,296.916,638.362,423.900,0.865164,detected
374,12.479146,near,1,465.000,508.000,1.369629,7.865158,417.495,406.809,524.121,523.624,0.912429,detected
374,12.479146,far,2,588.000,406.000,2.318737,0.959155,559.116,293.387,643.458,421.542,0.883565,detected
375,12.512513,near,1,464.000,513.000,1.382067,8.080209,420.680,401.939,534.767,526.264,0.885579,detected
375,12.512513,far,2,592.000,404.000,2.361002,0.783260,562.908,291.004,648.341,420.764,0.857009,detected
376,12.545879,near,1,460.000,518.000,1.364443,8.292843,420.648,397.134,543.666,531.459,0.907086,detected
376,12.545879,far,2,596.000,403.000,2.407002,0.693206,569.048,289.769,653.795,419.246,0.879743,detected
377,12.579246,near,1,459.000,520.000,1.363427,8.376657,420.122,391.928,548.949,533.309,0.599953,detected
377,12.579246,far,2,600.000,401.000,2.449912,0.515061,573.486,289.039,657.281,417.264,0.873336,detected
378,12.612613,near,1,463.000,517.000,1.389873,8.249722,417.098,379.074,557.753,535.268,0.901632,detected
378,12.612613,far,2,605.000,402.000,2.515175,0.598875,576.764,287.776,660.881,417.113,0.887638,detected
379,12.645979,near,1,463.000,523.000,1.416189,8.499160,418.088,378.739,558.472,536.068,0.915653,detected
379,12.645979,far,2,607.000,402.000,2.539967,0.597318,578.397,285.620,663.495,416.824,0.854706,detected
380,12.679346,near,1,466.000,524.000,1.450081,8.539070,415.986,372.828,559.194,536.234,0.909509,detected
380,12.679346,far,2,612.000,401.000,2.598977,0.505689,579.349,285.000,664.924,416.688,0.889730,detected
381,12.712713,near,1,470.000,525.000,1.493700,8.578459,415.946,371.257,558.494,537.041,0.918059,detected
381,12.712713,far,2,619.000,400.000,2.683146,0.412095,580.442,285.000,665.462,416.110,0.855725,detected
382,12.746079,near,1,473.000,524.000,1.519055,8.536320,415.766,368.391,558.190,537.464,0.915279,detected
382,12.746079,far,2,627.000,398.000,2.777546,0.228411,589.252,285.000,674.547,414.993,0.738923,detected
383,12.779446,near,1,478.000,526.000,1.576467,8.616157,415.634,367.795,557.076,539.407,0.921753,detected
383,12.779446,far,2,634.000,396.000,2.860201,0.043929,595.601,285.000,678.943,413.028,0.817761,detected
384,12.812813,near,1,483.000,529.000,1.637446,8.735909,415.389,367.433,556.538,542.651,0.919828,detected
384,12.812813,far,2,644.000,394.000,2.981431,0.000000,604.242,285.000,686.473,411.499,0.886784,detected
385,12.846180,near,1,487.000,531.000,1.684265,8.814837,416.341,368.301,556.068,546.120,0.919498,detected
385,12.846180,far,2,650.000,399.000,3.067319,0.299196,613.281,285.000,694.978,410.759,0.899672,detected
386,12.879546,near,1,490.000,534.000,1.724834,8.933421,417.380,369.652,554.446,548.998,0.915044,detected
386,12.879546,far,2,653.000,398.000,3.102849,0.207868,618.129,285.117,699.887,410.756,0.907354,detected
387,12.912913,near,1,493.000,534.000,1.753925,8.932274,420.293,371.296,553.697,551.084,0.917514,detected
387,12.912913,far,2,654.000,395.000,3.109584,0.000000,619.942,286.462,701.017,410.120,0.908156,detected
388,12.946280,near,1,496.000,533.000,1.779346,8.891336,425.177,372.454,553.879,551.374,0.914995,detected
388,12.946280,far,2,656.000,396.000,3.136659,0.026419,619.997,286.844,701.568,410.342,0.897977,detected
389,12.979646,near,1,498.000,535.000,1.806042,8.970021,429.502,373.268,556.646,555.692,0.915719,detected
389,12.979646,far,2,656.000,398.000,3.140399,0.205497,620.820,285.506,704.093,410.308,0.892867,detected
390,13.013013,near,1,502.000,542.000,1.869403,9.242565,434.887,377.300,558.329,558.828,0.921338,detected
390,13.013013,far,2,659.000,397.000,3.176164,0.113767,622.270,285.018,705.364,409.664,0.871777,detected
391,13.046380,near,1,506.000,549.000,1.931353,9.509038,439.317,381.029,560.125,562.252,0.915125,detected
391,13.046380,far,2,662.000,395.000,3.210362,0.000000,625.821,285.000,707.971,408.160,0.881292,detected
392,13.079746,near,1,512.000,551.000,1.994645,9.582309,443.622,384.798,561.763,564.619,0.923343,detected
392,13.079746,far,2,665.000,388.000,3.236466,0.000000,633.391,285.000,715.165,405.818,0.885565,detected
393,13.113113,near,1,519.000,552.000,2.063844,9.617312,448.186,387.961,564.488,566.413,0.924226,detected
393,13.113113,far,2,666.000,383.000,3.240825,0.000000,635.847,285.000,713.841,400.437,0.826897,detected
394,13.146480,near,1,525.000,553.000,2.123420,9.652575,453.112,390.056,568.787,568.185,0.922821,detected
394,13.146480,far,2,670.000,375.000,3.279581,0.000000,640.900,285.000,716.841,397.861,0.759909,detected
395,13.179847,near,1,531.000,549.000,2.168114,9.499841,457.497,390.023,571.334,564.891,0.921804,detected
395,13.179847,far,,676.000,373.000,3.355582,0.000000,,,,,0.000000,tracked
396,13.213213,near,1,540.000,552.000,2.261819,9.609646,458.918,390.435,578.686,575.995,0.910461,detected
396,13.213213,far,,679.000,373.000,3.395244,0.000000,,,,,0.000000,tracked
397,13.246580,near,1,547.000,561.000,2.351752,9.940117,461.553,391.028,584.188,582.726,0.888949,detected
397,13.246580,far,,683.000,372.000,3.446847,0.000000,,,,,0.000000,tracked
398,13.279947,near,1,554.000,562.000,2.419356,9.974050,469.031,392.676,591.937,585.839,0.911152,detected
398,13.279947,far,,683.000,372.000,3.446847,0.000000,,,,,0.000000,tracked
399,13.313313,near,1,559.000,567.000,2.477879,10.152746,474.721,394.006,596.990,587.989,0.912912,detected
399,13.313313,far,,683.000,372.000,3.446847,0.000000,,,,,0.000000,tracked
400,13.346680,near,1,566.000,569.000,2.546964,10.221706,478.527,395.037,599.790,588.624,0.922009,detected
400,13.346680,far,,689.000,372.000,3.526367,0.000000,,,,,0.000000,tracked
401,13.380047,near,1,571.000,570.000,2.595110,10.255507,483.276,395.361,603.271,588.226,0.905047,detected
401,13.380047,far,,689.000,372.000,3.526367,0.000000,,,,,0.000000,tracked
402,13.413413,near,1,573.000,567.000,2.606885,10.147825,489.142,395.959,607.718,587.631,0.918801,detected
402,13.413413,far,,698.000,372.000,3.645671,0.000000,,,,,0.000000,tracked
403,13.446780,near,1,577.000,565.000,2.639451,10.074533,496.822,398.390,613.926,587.688,0.926170,detected
403,13.446780,far,,698.000,372.000,3.645671,0.000000,,,,,0.000000,tracked
404,13.480147,near,1,579.000,567.000,2.662184,10.145716,506.076,400.716,622.198,587.113,0.934198,detected
404,13.480147,far,,706.000,372.000,3.751744,0.000000,,,,,0.000000,tracked
405,13.513514,near,1,581.000,565.000,2.676434,10.073119,516.952,403.861,631.393,584.603,0.931412,detected
405,13.513514,far,,,,,,,,,,0.000000,missing
406,13.546880,near,1,585.000,572.000,2.727557,10.321416,527.205,407.893,643.892,588.352,0.923260,detected
406,13.546880,far,,,,,,,,,,0.000000,missing
407,13.580247,near,1,587.000,576.000,2.753682,10.461015,532.397,413.839,651.802,592.445,0.906432,detected
407,13.580247,far,,,,,,,,,,0.000000,missing
408,13.613614,near,1,590.000,580.000,2.788526,10.598578,535.992,421.746,658.167,596.778,0.923059,detected
408,13.613614,far,,,,,,,,,,0.000000,missing
409,13.646980,near,1,594.000,582.000,2.828315,10.665890,538.646,430.252,662.362,599.074,0.930367,detected
409,13.646980,far,,,,,,,,,,0.000000,missing
410,13.680347,near,1,594.000,582.000,2.828315,10.665890,540.002,436.868,664.540,598.718,0.920091,detected
410,13.680347,far,,,,,,,,,,0.000000,missing
411,13.713714,near,1,599.000,589.000,2.885463,10.901331,541.603,443.515,669.848,601.700,0.920360,detected
411,13.713714,far,2,769.000,377.000,4.581657,0.000000,728.013,285.000,794.387,391.240,0.816364,detected
412,13.747080,near,1,604.000,588.000,2.928401,10.866091,545.116,449.240,676.728,603.567,0.922562,detected
412,13.747080,far,2,774.000,379.000,4.644602,0.000000,726.274,285.000,795.709,392.977,0.787530,detected
413,13.780447,near,1,609.000,591.000,2.977777,10.964856,553.700,458.422,686.643,604.978,0.923394,detected
413,13.780447,far,2,774.000,381.000,4.641881,0.000000,737.367,285.000,806.132,394.031,0.794313,detected
414,13.813814,near,1,611.000,593.000,2.998630,11.030653,562.939,467.081,696.849,605.489,0.924419,detected
414,13.813814,far,2,773.000,380.000,4.630187,0.000000,743.100,285.000,810.453,394.295,0.824041,detected
415,13.847181,near,1,615.000,593.000,3.034092,11.029333,573.893,475.729,708.245,605.662,0.924275,detected
415,13.847181,far,2,774.000,377.000,4.647346,0.000000,745.688,285.000,811.730,394.512,0.837573,detected
416,13.880547,near,1,621.000,591.000,3.084483,10.960878,581.130,479.607,718.812,605.499,0.921437,detected
416,13.880547,far,2,774.000,376.000,4.648727,0.000000,746.942,285.339,811.786,394.903,0.823514,detected
417,13.913914,near,1,627.000,592.000,3.139171,10.992182,584.087,479.901,726.228,605.317,0.911961,detected
417,13.913914,far,2,775.000,379.000,4.657683,0.000000,746.490,285.453,810.625,395.593,0.798031,detected
418,13.947281,near,1,632.000,589.000,3.179790,10.890338,588.063,481.788,731.789,605.535,0.917911,detected
418,13.947281,far,2,772.000,381.000,4.615835,0.000000,743.623,286.185,808.345,398.095,0.824869,detected
419,13.980647,near,1,636.000,595.000,3.222700,11.088508,589.476,480.142,737.929,607.281,0.920723,detected
419,13.980647,far,2,772.000,384.000,4.611969,0.000000,741.817,285.558,808.121,401.089,0.845371,detected
420,14.014014,near,1,640.000,594.000,3.256931,11.054189,591.184,477.530,742.149,607.560,0.920114,detected
420,14.014014,far,2,771.000,382.000,4.601546,0.000000,740.792,285.197,807.502,402.013,0.815700,detected
421,14.047381,near,1,649.000,591.000,3.333558,10.951593,598.502,474.269,749.170,605.805,0.914334,detected
421,14.047381,far,2,771.000,382.000,4.601546,0.000000,740.372,285.056,806.884,402.565,0.769319,detected
422,14.080747,near,1,654.000,592.000,3.379015,10.983249,605.837,470.680,757.398,605.656,0.919449,detected
422,14.080747,far,2,771.000,382.000,4.601546,0.000000,738.973,285.003,805.397,403.121,0.807091,detected
423,14.114114,near,1,660.000,592.000,3.432331,10.981263,613.669,468.560,764.579,606.341,0.918638,detected
423,14.114114,far,2,770.000,387.000,4.582446,0.000000,736.167,285.000,802.912,404.667,0.844841,detected
424,14.147481,near,1,667.000,590.000,3.492951,10.912197,621.646,466.770,771.073,607.048,0.923238,detected
424,14.147481,far,2,768.000,386.000,4.557895,0.000000,732.803,285.000,799.207,405.431,0.857260,detected
425,14.180848,near,1,675.000,591.000,3.564958,10.942967,628.715,466.302,774.733,607.079,0.924322,detected
425,14.180848,far,2,766.000,385.000,4.533239,0.000000,729.845,285.000,795.615,405.851,0.857747,detected
426,14.214214,near,1,687.000,594.000,3.673371,11.038708,635.467,466.080,777.630,606.713,0.919855,detected
426,14.214214,far,2,765.000,387.000,4.518184,0.000000,727.605,285.000,792.224,405.648,0.841140,detected
427,14.247581,near,1,689.000,589.000,3.688601,10.871335,640.442,465.175,780.121,606.773,0.914774,detected
427,14.247581,far,2,764.000,383.000,4.509535,0.000000,725.541,285.000,789.071,404.922,0.731426,detected
428,14.280948,near,1,687.000,586.000,3.669140,10.770770,646.441,465.808,782.189,606.545,0.912921,detected
428,14.280948,far,2,760.000,386.000,4.454864,0.000000,723.606,285.000,786.498,405.179,0.847065,detected
429,14.314314,near,1,697.000,588.000,3.759659,10.835016,651.300,466.537,783.850,606.978,0.923085,detected
429,14.314314,far,2,759.000,387.000,4.441082,0.000000,720.530,285.000,782.915,405.725,0.790771,detected
430,14.347681,near,1,701.000,590.000,3.796130,10.900885,656.504,467.757,785.182,606.512,0.925501,detected
430,14.347681,far,2,755.000,387.000,4.389688,0.000000,719.029,285.000,780.814,405.941,0.849632,detected
431,14.381048,near,1,706.000,591.000,3.841005,10.932677,660.713,468.052,786.730,605.638,0.917471,detected
431,14.381048,far,2,753.000,384.000,4.366214,0.000000,717.507,285.000,778.621,405.665,0.807047,detected
432,14.414414,near,1,712.000,592.000,3.894645,10.964046,663.953,469.432,787.691,605.654,0.917263,detected
432,14.414414,far,2,751.000,389.000,4.336944,0.000000,714.080,285.000,776.168,408.889,0.799483,detected
433,14.447781,near,1,713.000,596.000,3.904255,11.096168,666.224,471.907,789.429,608.497,0.920736,detected
433,14.447781,far,2,746.000,392.000,4.271392,0.000000,711.524,285.000,773.708,410.906,0.842895,detected
434,14.481148,near,1,714.000,602.000,3.914075,11.291595,666.002,476.222,793.578,619.005,0.934403,detected
434,14.481148,far,2,742.000,394.000,4.219726,0.000000,709.031,285.000,771.507,413.073,0.867768,detected
435,14.514515,near,1,718.000,605.000,3.949461,11.386893,667.685,479.212,796.302,624.116,0.928371,detected
435,14.514515,far,2,739.000,395.000,4.181436,0.000000,706.444,285.000,768.165,413.146,0.844046,detected
436,14.547881,near,1,720.000,604.000,3.966830,11.354147,671.522,481.968,798.328,625.640,0.934712,detected
436,14.547881,far,2,738.000,398.000,4.167892,0.140612,702.362,285.000,764.181,413.655,0.841593,detected
437,14.581248,near,1,722.000,607.000,3.984482,11.449539,675.405,483.724,800.260,626.021,0.936077,detected
437,14.581248,far,2,735.000,400.000,4.129813,0.321009,700.295,285.000,762.200,414.964,0.825670,detected
438,14.614615,near,1,725.000,605.000,4.010548,11.384645,679.791,484.578,802.822,626.049,0.934960,detected
438,14.614615,far,2,731.000,403.000,4.079503,0.588363,698.144,285.000,761.043,417.670,0.852442,detected
439,14.647981,near,1,727.000,604.000,4.028009,11.351893,683.484,483.977,805.202,625.828,0.929419,detected
439,14.647981,far,2,730.000,407.000,4.066732,0.936301,695.316,285.000,759.865,421.942,0.851079,detected
440,14.681348,near,1,730.000,605.000,4.054186,11.383040,687.083,483.490,807.270,626.083,0.933420,detected
440,14.681348,far,2,729.000,407.000,4.054425,0.937068,692.625,285.000,757.770,424.503,0.871867,detected
441,14.714715,near,1,733.000,605.000,4.080371,11.382076,691.070,482.679,809.184,626.119,0.929241,detected
441,14.714715,far,2,727.000,409.000,4.029785,1.110017,690.399,285.000,755.587,425.639,0.884135,detected
442,14.748081,near,1,735.000,605.000,4.097828,11.381434,694.515,481.817,810.357,626.088,0.918573,detected
442,14.748081,far,2,724.000,402.000,3.992572,0.506127,686.147,285.044,750.114,424.649,0.864994,detected
443,14.781448,near,1,738.000,606.000,4.123868,11.412495,697.593,481.051,810.952,626.057,0.906858,detected
443,14.781448,far,2,723.000,403.000,3.980228,0.594586,683.599,285.458,747.057,426.020,0.877396,detected
444,14.814815,near,1,741.000,606.000,4.150019,11.411533,700.043,480.713,810.698,626.074,0.906307,detected
444,14.814815,far,2,719.000,402.000,3.930404,0.510029,681.942,286.447,744.222,426.509,0.866441,detected
445,14.848182,near,1,742.000,605.000,4.158934,11.379186,701.524,480.168,809.885,626.440,0.903138,detected
445,14.848182,far,2,716.000,405.000,3.893921,0.774255,676.532,285.544,739.126,427.095,0.844043,detected
446,14.881548,near,1,744.000,606.000,4.176170,11.410571,702.792,479.736,809.066,627.076,0.896048,detected
446,14.881548,far,2,713.000,409.000,3.858236,1.120678,670.674,285.199,733.127,427.466,0.886807,detected
447,14.914915,near,1,746.000,608.000,4.193108,11.473710,703.381,479.725,807.695,628.104,0.896653,detected
447,14.914915,far,2,709.000,410.000,3.809674,1.208854,667.425,285.065,729.363,428.128,0.886395,detected
448,14.948282,near,1,747.000,609.000,4.201540,11.505141,703.973,479.653,807.067,630.090,0.894612,detected
448,14.948282,far,2,705.000,411.000,3.761316,1.296659,664.438,285.015,725.398,427.739,0.877586,detected
449,14.981648,near,1,748.000,611.000,4.209677,11.568048,704.834,479.133,806.435,631.108,0.903144,detected
449,14.981648,far,2,703.000,411.000,3.736920,1.298171,661.796,285.000,722.112,427.401,0.885746,detected
450,15.015015,near,1,748.000,613.000,4.209136,11.630906,705.969,479.047,805.710,631.794,0.906628,detected
450,15.015015,far,2,699.000,414.000,3.690184,1.553383,659.969,285.000,720.290,428.573,0.882524,detected
451,15.048382,near,1,749.000,611.000,4.218331,11.567732,706.899,478.051,805.012,631.724,0.906441,detected
451,15.048382,far,2,695.000,414.000,3.641699,1.556374,659.221,285.000,718.881,427.616,0.875764,detected
452,15.081748,near,1,749.000,611.000,4.218331,11.567732,707.915,478.031,804.142,631.864,0.908164,detected
452,15.081748,far,2,692.000,415.000,3.606189,1.641978,657.117,285.000,717.519,429.198,0.896839,detected
453,15.115115,near,1,749.000,612.000,4.218048,11.599207,708.919,478.394,803.813,633.058,0.910657,detected
453,15.115115,far,2,689.000,416.000,3.570827,1.727227,654.709,285.048,716.119,430.952,0.898116,detected
454,15.148482,near,1,750.000,612.000,4.226690,11.598891,709.918,477.431,803.743,633.601,0.909358,detected
454,15.148482,far,2,688.000,418.000,3.560639,1.892983,652.218,285.238,714.743,432.608,0.902191,detected
455,15.181849,near,1,749.000,613.000,4.217766,11.630591,711.134,476.428,803.332,633.075,0.909510,detected
455,15.181849,far,2,686.000,420.000,3.538562,2.058131,651.943,285.154,714.813,432.862,0.878348,detected
456,15.215215,near,1,749.000,612.000,4.218048,11.599207,712.168,475.505,803.045,632.980,0.908150,detected
456,15.215215,far,2,683.000,420.000,3.502649,2.060329,648.534,286.631,711.672,433.604,0.867644,detected
457,15.248582,near,1,749.000,613.000,4.217766,11.630591,713.143,475.289,802.837,633.765,0.910238,detected
457,15.248582,far,2,682.000,424.000,3.494940,2.384441,643.164,288.809,707.085,435.018,0.858099,detected
458,15.281949,near,1,748.000,613.000,4.209136,11.630906,713.898,474.064,802.580,633.748,0.911003,detected
458,15.281949,far,2,680.000,421.000,3.467858,2.143854,639.773,288.429,704.174,434.992,0.865930,detected
459,15.315315,near,1,749.000,613.000,4.217766,11.630591,714.646,472.515,802.363,633.312,0.912087,detected
459,15.315315,far,2,676.000,421.000,3.420078,2.146773,637.489,288.508,701.380,434.874,0.884251,detected
460,15.348682,near,1,749.000,613.000,4.217766,11.630591,714.989,470.726,801.838,632.866,0.912164,detected
460,15.348682,far,2,672.000,422.000,3.373610,2.230673,634.446,287.789,697.738,434.910,0.881607,detected
461,15.382049,near,1,749.000,614.000,4.217484,11.661884,715.295,468.860,801.603,633.040,0.914806,detected
461,15.382049,far,2,668.000,419.000,3.321708,1.989686,629.202,287.455,691.620,435.233,0.851451,detected
462,15.415415,near,1,750.000,612.000,4.226690,11.598891,715.909,466.949,801.358,632.412,0.910510,detected
462,15.415415,far,2,667.000,416.000,3.305367,1.743560,624.211,286.068,686.302,435.111,0.848127,detected
463,15.448782,near,1,749.000,612.000,4.218048,11.599207,716.174,465.455,800.923,632.467,0.908183,detected
463,15.448782,far,2,660.000,416.000,3.220933,1.748755,622.632,286.263,683.849,435.128,0.829308,detected
464,15.482149,near,1,750.000,614.000,4.226101,11.661570,716.148,464.088,800.350,633.076,0.910644,detected
464,15.482149,far,2,655.000,425.000,3.176126,2.483914,623.323,286.775,685.610,438.209,0.874153,detected
465,15.515516,near,1,749.000,615.000,4.217204,11.693087,715.937,461.699,800.143,634.011,0.906581,detected
465,15.515516,far,2,652.000,426.000,3.142356,2.565720,622.838,286.409,686.284,440.908,0.871363,detected
466,15.548882,near,1,750.000,613.000,4.226396,11.630276,715.979,460.306,798.942,633.388,0.910025,detected
466,15.548882,far,2,648.000,425.000,3.093232,2.488951,620.337,287.450,684.078,441.097,0.870830,detected
467,15.582249,near,1,750.000,612.000,4.226690,11.598891,715.858,458.003,798.012,633.008,0.908663,detected
467,15.582249,far,2,644.000,427.000,3.049755,2.650767,616.452,289.342,681.168,441.163,0.889129,detected
468,15.615616,near,1,750.000,614.000,4.226101,11.661570,716.228,456.281,797.255,632.611,0.900667,detected
468,15.615616,far,2,642.000,428.000,3.028147,2.731188,612.162,290.618,678.265,441.809,0.892766,detected
469,15.648982,near,1,751.000,614.000,4.234719,11.661255,716.107,454.082,796.569,633.147,0.912569,detected
469,15.648982,far,2,641.000,429.000,3.018372,2.810577,607.666,291.679,674.858,442.709,0.892010,detected
470,15.682349,near,1,752.000,616.000,4.242701,11.723260,716.131,451.247,796.213,633.612,0.907027,detected
470,15.682349,far,2,639.000,430.000,2.996913,2.890358,603.093,291.707,670.827,443.191,0.881269,detected
471,15.715716,near,1,753.000,615.000,4.251623,11.691832,716.362,449.610,795.467,633.784,0.910720,detected
471,15.715716,far,2,637.000,430.000,2.973471,2.891773,600.305,291.254,668.532,443.821,0.896972,detected
472,15.749082,near,1,753.000,615.000,4.251623,11.691832,716.709,448.181,794.696,633.693,0.909005,detected
472,15.749082,far,2,634.000,430.000,2.938309,2.893895,597.870,291.420,665.656,444.008,0.890103,detected
473,15.782449,near,1,755.000,615.000,4.268834,11.691204,717.785,446.735,794.935,633.588,0.903889,detected
473,15.782449,far,2,631.000,432.000,2.907557,3.051777,595.311,291.466,662.274,444.185,0.855493,detected
474,15.815816,near,1,756.000,615.000,4.277440,11.690890,718.849,445.613,795.506,633.596,0.900839,detected
474,15.815816,far,2,628.000,429.000,2.865707,2.819803,592.570,291.375,658.143,443.924,0.861107,detected
475,15.849183,near,1,757.000,616.000,4.285666,11.721694,719.751,443.827,796.652,634.013,0.904792,detected
475,15.849183,far,2,625.000,431.000,2.835186,2.978279,586.882,291.148,651.364,444.369,0.796566,detected
476,15.882549,near,1,757.000,615.000,4.286046,11.690577,720.105,442.502,797.157,634.330,0.907171,detected
476,15.882549,far,2,617.000,430.000,2.739108,2.905916,579.806,290.817,642.666,444.825,0.719655,detected
477,15.915916,near,1,758.000,616.000,4.294260,11.721381,720.223,440.952,797.559,634.398,0.906940,detected
477,15.915916,far,2,617.000,425.000,2.726302,2.511246,577.796,289.995,638.618,444.094,0.843574,detected
478,15.949283,near,1,758.000,615.000,4.294652,11.690263,719.555,440.101,796.882,634.185,0.906721,detected
478,15.949283,far,2,613.000,432.000,2.697485,3.064420,575.133,290.437,633.886,444.202,0.862662,detected
479,15.982649,near,1,757.000,615.000,4.286046,11.690577,718.765,439.721,796.260,634.299,0.909180,detected
479,15.982649,far,2,609.000,428.000,2.639932,2.754680,571.959,291.168,629.288,445.051,0.857780,detected
480,16.016016,near,1,757.000,617.000,4.285288,11.752723,717.544,439.037,795.717,635.357,0.909520,detected
480,16.016016,far,2,601.000,429.000,2.548790,2.838954,569.467,291.145,625.879,445.551,0.832193,detected
481,16.049383,near,1,757.000,616.000,4.285666,11.721694,716.710,437.028,795.526,634.779,0.908116,detected
481,16.049383,far,2,598.000,430.000,2.516570,2.919345,566.362,290.821,622.297,444.611,0.873953,detected
482,16.082749,near,1,757.000,615.000,4.286046,11.690577,716.137,435.451,795.461,634.013,0.905813,detected
482,16.082749,far,2,594.000,431.000,2.472794,3.000118,560.995,291.377,617.402,443.807,0.872806,detected
483,16.116116,near,1,757.000,615.000,4.286046,11.690577,715.678,434.502,795.387,633.851,0.906251,detected
483,16.116116,far,2,590.000,434.000,2.435438,3.234916,555.485,291.875,613.767,445.151,0.876938,detected
484,16.149483,near,1,758.000,617.000,4.293869,11.752410,715.001,434.329,795.339,634.992,0.908462,detected
484,16.149483,far,2,587.000,436.000,2.406923,3.390139,550.945,293.227,611.539,447.653,0.901066,detected
485,16.182850,near,1,757.000,616.000,4.285666,11.721694,714.151,433.144,795.031,634.734,0.906365,detected
485,16.182850,far,2,588.000,438.000,2.424730,3.541393,548.747,292.387,611.485,448.223,0.888515,detected
486,16.216216,near,1,758.000,617.000,4.293869,11.752410,713.319,431.677,794.788,634.366,0.910599,detected
486,16.216216,far,2,586.000,437.000,2.398523,3.466949,547.286,293.817,611.275,448.743,0.905640,detected
487,16.249583,near,1,758.000,617.000,4.293869,11.752410,712.519,431.140,794.450,634.340,0.911097,detected
487,16.249583,far,2,582.000,438.000,2.355583,3.545522,545.355,294.869,610.519,449.824,0.903835,detected
488,16.282950,near,1,758.000,616.000,4.294260,11.721381,711.666,430.303,794.229,634.356,0.911382,detected
488,16.282950,far,2,581.000,439.000,2.347316,3.621725,542.292,295.091,608.675,450.289,0.904881,detected
489,16.316316,near,1,758.000,617.000,4.293869,11.752410,710.912,429.580,794.168,634.309,0.908943,detected
489,16.316316,far,2,578.000,440.000,2.316125,3.698999,539.586,294.650,606.669,450.556,0.890780,detected
490,16.349683,near,1,757.000,617.000,4.285288,11.752723,710.142,428.809,794.173,634.348,0.908274,detected
490,16.349683,far,2,574.000,440.000,2.270216,3.701733,537.508,293.660,604.698,450.613,0.879214,detected
491,16.383050,near,1,758.000,618.000,4.293479,11.783350,709.506,428.631,794.274,634.843,0.906326,detected
491,16.383050,far,2,570.000,436.000,2.210276,3.401911,534.961,293.101,601.673,451.156,0.855669,detected
492,16.416416,near,1,758.000,617.000,4.293869,11.752410,709.195,427.868,794.544,634.484,0.907997,detected
492,16.416416,far,2,569.000,438.000,2.205800,3.554464,532.675,295.451,596.797,450.420,0.867163,detected
493,16.449783,near,1,758.000,617.000,4.293869,11.752410,709.059,427.614,794.882,634.362,0.907237,detected
493,16.449783,far,2,565.000,438.000,2.159723,3.557214,528.118,295.977,590.544,450.341,0.849674,detected
494,16.483150,near,1,759.000,617.000,4.302450,11.752098,708.729,427.286,795.082,634.216,0.909750,detected
494,16.483150,far,2,560.000,435.000,2.090870,3.332478,521.734,296.428,582.941,451.068,0.852937,detected
495,16.516517,near,1,759.000,617.000,4.302450,11.752098,708.878,427.117,795.643,634.055,0.909388,detected
495,16.516517,far,2,557.000,436.000,2.059953,3.410909,517.401,296.660,577.531,451.805,0.865007,detected
496,16.549883,near,1,759.000,615.000,4.303257,11.689949,709.646,427.214,796.627,633.947,0.910713,detected
496,16.549883,far,2,553.000,440.000,2.029262,3.716079,514.449,297.645,573.866,453.139,0.867016,detected
497,16.583250,near,1,760.000,618.000,4.310617,11.782726,711.558,427.653,798.659,634.510,0.915653,detected
497,16.583250,far,2,546.000,440.000,1.948972,3.720860,513.908,298.461,573.984,455.168,0.870983,detected
498,16.616617,near,1,761.000,617.000,4.319613,11.751473,714.371,427.680,801.503,634.854,0.916097,detected
498,16.616617,far,2,541.000,441.000,1.895745,3.799118,512.812,299.076,574.081,456.356,0.908001,detected
499,16.649983,near,1,761.000,614.000,4.320901,11.658110,716.946,425.905,804.156,633.671,0.916367,detected
499,16.649983,far,2,536.000,440.000,1.834294,3.727688,507.531,298.890,570.749,456.296,0.893960,detected
500,16.683350,near,1,762.000,616.000,4.328635,11.720129,720.451,426.593,806.962,633.570,0.919040,detected
500,16.683350,far,2,534.000,441.000,1.815632,3.803882,503.197,301.115,567.906,456.621,0.902622,detected
